0.864,0.000,0.671,0
1.233,-1.400,0.651,1
1.600,21.600,0.630,0
1.767,20.102,0.618,0
2.008,19.267,0.601,0
2.223,18.092,0.584,0
2.424,16.945,0.568,0
2.606,15.775,0.551,0
2.766,14.599,0.534,0
2.909,13.438,0.517,0
3.091,12.261,0.501,0
3.196,11.120,0.484,0
3.279,9.937,0.468,0
3.343,8.768,0.451,0
3.386,7.600,0.434,0
3.411,6.451,0.418,0
3.418,5.289,0.401,0
3.404,4.107,0.384,0
3.371,2.929,0.368,0
3.658,1.776,0.352,1
3.951,21.879,0.334,0
4.217,20.676,0.318,0
4.524,19.494,0.301,0
4.745,18.323,0.284,0
4.948,17.163,0.268,0
5.134,16.001,0.251,0
5.298,14.824,0.234,0
5.443,13.662,0.218,0
5.569,12.500,0.201,0
5.676,11.331,0.184,0
5.763,10.163,0.168,0
5.830,8.993,0.151,0
5.453,7.832,0.135,0
5.532,6.676,0.118,0
5.604,5.508,0.101,0
5.645,4.344,0.084,0
5.690,3.162,0.068,0
5.716,1.997,0.051,0
5.697,0.832,0.034,0
5.659,-0.345,0.018,0
5.628,-1.507,0.019,0
5.628,-2.661,0.019,0
5.577,-2.661,0.021,0
5.480,-3.808,0.022,0
5.365,-4.998,0.024,0
5.256,-6.153,0.026,0
5.127,-7.315,0.027,0
4.965,-8.477,0.010,0
4.774,-9.655,0.012,0
4.558,-10.809,0.013,0
3.855,-11.991,0.015,0
3.552,-13.139,0.016,0
3.227,-14.312,0.018,0
2.888,-15.498,0.019,0
2.529,-16.660,0.021,0
2.155,-17.823,0.023,0
1.747,-18.971,1.024,0
1.330,-20.168,1.007,0
0.894,-21.329,0.991,0
0.506,-22.491,0.974,0
0.029,-23.641,0.957,0
0.336,-24.808,0.941,1
0.618,21.815,0.924,0
0.878,20.647,0.907,0
1.121,19.485,0.891,0
1.345,18.316,0.874,0
1.544,17.147,0.857,0
1.732,15.999,0.841,0
1.898,14.814,0.824,0
2.040,13.641,0.807,0
2.165,12.492,0.791,0
2.337,11.330,0.774,0
2.421,10.148,0.757,0
2.491,9.000,0.741,0
2.537,7.817,0.724,0
2.567,6.668,0.707,0
2.576,5.479,0.691,0
2.566,4.332,0.674,0
2.536,3.162,0.657,0
2.487,1.999,0.641,0
2.418,0.831,0.624,0
2.330,-0.352,0.607,0
2.222,-1.507,0.591,0
2.159,-2.683,0.574,0
2.011,-3.838,0.557,0
1.846,-5.026,0.541,0
1.662,-6.184,0.524,0
1.455,-7.339,0.507,0
1.232,-8.522,0.491,0
0.990,-9.677,0.474,0
0.727,-10.840,0.457,0
0.445,-12.007,0.441,0
0.144,-13.170,0.424,0
-0.180,-14.332,0.407,0
0.122,-15.512,0.391,1
0.469,21.828,0.374,0
0.728,20.652,0.357,0
0.973,19.497,0.340,0
1.191,18.320,0.324,0
1.398,17.178,0.307,0
1.580,15.997,0.291,0
1.747,14.843,0.274,0
1.891,13.666,0.257,0
2.019,12.504,0.241,0
2.125,11.328,0.224,0
2.210,10.159,0.207,0
2.117,9.012,0.159,0
1.583,2.004,0.108,0
1.613,1.744,0.039,0
1.626,1.389,0.026,0
1.641,1.227,0.012,0
1.664,0.968,0.017,0
1.158,0.713,0.021,0
0.973,0.457,0.025,0
0.846,0.198,0.011,0
0.653,-0.062,0.980,0
0.454,-0.313,0.929,0
0.252,-0.575,0.880,0
0.156,-0.829,0.863,0
0.103,-2.007,0.846,0
-0.032,-3.169,0.830,0
-0.187,-4.329,0.813,0
-0.361,-5.505,0.796,0
-0.554,-6.675,0.780,0
-0.767,-7.837,0.763,0
-0.998,-8.999,0.747,0
-0.692,-10.161,0.730,1
-0.412,21.817,0.713,0
-0.153,20.655,0.697,0
0.088,19.501,0.680,0
0.314,18.338,0.663,0
0.583,17.162,0.646,0
0.763,15.984,0.630,0
0.931,14.838,0.613,0
1.074,13.655,0.597,0
1.201,12.502,0.580,0
1.306,11.324,0.563,0
1.393,10.176,0.547,0
1.462,9.007,0.530,0
1.511,7.825,0.513,0
1.539,6.650,0.496,0
1.549,5.486,0.480,0
1.538,4.317,0.463,0
1.571,3.162,0.446,0
1.522,1.993,0.430,0
1.454,0.831,0.413,0
1.365,-0.344,0.396,0
1.259,-1.513,0.380,0
1.132,-2.661,0.363,0
0.985,-3.830,0.346,0
0.820,-5.008,0.330,0
0.633,-6.169,0.313,0
0.432,-7.352,0.297,0
0.207,-8.492,0.280,0
-0.038,-9.664,0.263,0
-0.238,-10.837,0.246,0
0.058,-12.008,0.230,1
0.341,21.847,0.213,0
0.604,20.679,0.197,0
0.847,19.508,0.180,0
1.073,18.340,0.163,0
1.277,17.164,0.146,0
1.035,15.995,0.130,0
1.250,14.833,0.113,0
1.447,13.670,0.096,0
1.645,12.494,0.080,0
1.828,11.347,0.063,0
1.977,10.168,0.047,0
2.095,9.010,0.030,0
2.195,7.848,0.013,0
2.299,6.664,0.015,0
2.383,5.494,0.016,0
2.422,4.333,0.018,0
2.443,3.185,0.019,0
2.469,2.010,0.021,0
2.476,0.832,0.022,0
2.437,-0.330,0.024,0
2.381,-1.512,0.025,0
1.828,-2.659,0.027,0
1.746,-3.843,0.010,0
1.579,-4.991,0.011,0
1.394,-6.174,0.013,0
1.188,-7.336,0.014,0
0.968,-8.513,0.016,0
0.722,-9.653,0.018,0
0.457,-10.836,1.019,0
0.180,-12.015,1.003,0
-0.124,-13.153,0.986,0
-0.444,-14.330,0.969,0
-0.149,-15.492,0.953,1
0.142,21.856,0.936,0
0.466,20.655,0.919,0
0.711,19.493,0.902,0
0.933,18.318,0.886,0
1.135,17.153,0.869,0
1.320,15.994,0.852,0
1.483,14.824,0.836,0
1.631,13.669,0.819,0
1.757,12.487,0.802,0
1.863,11.318,0.786,0
1.947,10.156,0.769,0
2.016,9.008,0.753,0
2.064,7.838,0.736,0
2.156,6.670,0.719,0
2.165,5.507,0.703,0
2.156,4.333,0.686,0
2.126,3.156,0.669,0
2.077,1.980,0.653,0
2.008,0.832,0.636,0
2.046,-0.329,0.619,0
2.064,-1.512,0.602,0
2.064,-2.682,0.586,0
2.043,-3.830,0.569,0
2.003,-5.006,0.553,0
1.940,-6.167,0.535,0
1.799,-7.368,0.519,0
1.703,-8.522,0.503,0
1.584,-9.675,0.486,0
1.447,-10.844,0.469,0
1.292,-12.012,0.453,0
1.117,-13.169,0.436,0
0.918,-14.329,0.419,0
0.702,-15.513,0.402,0
0.465,-16.682,0.386,0
0.216,-17.858,0.369,0
-0.054,-19.005,0.353,0
-0.347,-20.161,0.336,0
-0.725,-21.329,0.319,0
-1.055,-22.506,0.303,0
-1.405,-23.668,0.286,0
-1.781,-24.832,0.269,0
-1.358,-26.013,0.253,1
-0.953,21.845,0.236,0
-0.559,20.690,0.219,0
-0.192,19.500,0.202,0
0.156,18.337,0.186,0
0.485,17.175,0.169,0
0.794,16.014,0.153,0
1.509,14.851,0.136,0
1.722,13.690,0.119,0
1.922,12.499,0.103,0
2.105,11.344,0.086,0
2.242,10.176,0.069,0
2.362,9.013,0.053,0
2.484,7.838,0.036,0
2.590,6.689,0.019,0
2.650,5.513,0.021,0
2.691,4.351,0.022,0
2.737,3.176,0.024,0
2.764,2.013,0.025,0
2.747,0.833,0.027,0
2.721,-0.326,0.010,0
2.665,-1.501,0.011,0
2.614,-2.670,0.013,0
2.544,-3.832,0.015,0
2.930,-4.993,0.016,0
2.872,-6.150,0.018,0
2.791,-7.311,0.019,0
2.694,-8.494,0.021,0
2.575,-9.655,0.022,0
2.437,-10.832,0.024,0
2.283,-12.001,1.025,0
2.108,-13.155,1.009,0
1.846,-14.317,0.992,0
1.631,-15.500,0.975,0
1.398,-16.670,0.959,0
1.819,-17.831,0.942,1
2.229,21.851,0.925,0
2.616,20.677,0.909,0
2.985,19.513,0.892,0
3.338,18.344,0.875,0
3.667,17.161,0.859,0
3.974,15.999,0.842,0
4.264,14.845,0.825,0
4.536,13.682,0.809,0
4.728,12.512,0.792,0
4.958,11.331,0.775,0
5.172,10.177,0.759,0
5.367,9.007,0.742,0
5.540,7.824,0.725,0
5.694,6.669,0.709,0
5.829,5.500,0.692,0
5.945,4.338,0.675,0
6.041,3.169,0.659,0
6.118,2.020,0.642,0
6.175,0.844,0.625,0
6.213,-0.326,0.608,0
6.169,-1.508,0.592,0
6.169,-2.656,0.575,0
6.148,-3.817,0.559,0
6.108,-4.993,0.542,0
6.047,-6.155,0.525,0
5.970,-7.339,0.509,0
5.870,-8.494,0.492,0
5.755,-9.670,0.475,0
5.617,-10.824,0.459,0
5.460,-11.994,0.442,0
5.285,-13.163,0.425,0
5.089,-14.324,0.409,0
4.809,-15.493,0.392,0
4.570,-16.669,0.375,0
4.324,-17.853,0.359,0
4.052,-18.994,0.342,0
3.759,-20.155,0.325,0
3.449,-21.324,0.309,0
3.118,-22.485,0.292,0
2.767,-23.649,0.275,0
2.396,-24.818,0.259,0
2.008,-25.986,0.242,0
1.595,-27.149,0.225,0
1.166,-28.324,0.209,0
0.667,-29.493,0.192,0
0.223,-30.000,0.175,0
-0.218,-30.000,0.158,0
-0.650,-30.000,0.142,0
-0.657,-30.000,0.125,0
-1.142,-30.000,0.109,0
-1.633,-30.000,0.092,0
-2.149,-30.000,0.075,0
-2.651,-30.000,0.059,0
-3.148,-30.000,0.042,0
-3.627,-30.000,0.025,0
-3.274,-30.000,0.027,1
-2.929,21.830,0.010,0
-2.616,20.662,0.012,0
-2.616,19.493,0.012,0
-2.297,19.493,0.013,0
-1.996,18.323,0.015,0
-1.744,17.149,0.016,0
-1.506,15.994,0.018,0
-1.268,14.810,0.019,0
-1.049,13.655,0.021,0
-0.369,12.500,0.022,0
0.054,11.309,0.024,1
0.462,21.847,0.025,0
0.851,20.679,0.027,0
1.154,19.508,0.010,0
1.502,18.354,0.012,0
1.832,17.191,0.013,0
2.145,16.023,1.015,0
2.438,14.846,0.998,0
2.705,13.670,0.981,0
2.958,12.524,0.965,0
3.192,11.353,0.948,0
3.405,10.178,0.931,0
3.600,9.015,0.914,0
3.772,7.832,0.898,0
3.927,6.692,0.881,0
4.000,5.515,0.865,0
4.116,4.347,0.848,0
4.212,3.174,0.831,0
4.289,2.008,0.815,0
4.347,0.854,0.798,0
4.385,-0.308,0.781,0
4.403,-1.477,0.765,0
4.403,-2.660,0.748,0
4.383,-3.815,0.731,0
4.342,-4.977,0.715,0
4.285,-6.154,0.698,0
4.206,-7.309,0.681,0
4.046,-8.478,0.665,0
3.925,-9.639,0.648,0
3.791,-10.829,0.631,0
3.633,-11.978,0.615,0
3.458,-13.154,0.598,0
3.265,-14.316,0.582,0
3.045,-15.472,0.565,0
2.811,-16.661,0.548,0
2.562,-17.829,0.531,0
2.286,-18.978,0.515,0
1.990,-20.154,0.498,0
1.685,-21.331,0.481,0
1.287,-22.478,0.465,0
0.933,-23.656,0.448,0
0.565,-24.830,0.431,0
0.174,-25.991,0.415,0
-0.230,-27.162,0.398,0
-0.657,-28.316,0.381,0
-1.095,-29.477,0.365,0
-1.539,-30.000,0.348,0
-1.972,-30.000,0.331,0
-2.409,-30.000,0.315,0
-2.841,-30.000,0.298,0
-2.409,-30.000,0.281,1
-2.067,21.816,0.265,0
-1.678,20.655,0.248,0
-1.308,19.485,0.231,0
-0.960,18.310,0.215,0
-0.634,17.147,0.198,0
-0.324,15.992,0.181,0
-0.030,14.829,0.164,0
0.239,13.640,0.148,0
0.916,12.485,0.131,0
1.099,11.317,0.114,0
1.262,10.140,0.098,0
1.383,8.970,0.081,0
1.489,7.765,0.065,0
1.569,6.653,0.048,0
1.652,5.483,0.032,0
1.718,4.337,0.015,0
1.740,3.161,0.016,0
1.741,1.986,0.018,0
1.747,0.823,0.019,0
1.736,-0.382,0.021,0
1.678,-1.508,0.022,0
1.602,-2.698,0.024,0
1.532,-3.853,0.025,0
1.443,-5.009,0.027,0
1.808,-6.169,0.010,1
2.641,21.830,0.012,0
3.031,20.660,0.013,0
3.402,19.485,0.014,0
3.746,18.307,0.016,0
4.076,17.161,0.018,0
4.385,15.993,0.019,0
4.674,14.831,1.021,0
4.947,13.669,1.004,0
5.200,12.493,0.987,0
5.431,11.317,0.971,0
5.644,10.155,0.954,0
5.773,8.993,0.938,0
5.947,7.838,0.921,0
6.102,6.674,0.904,0
6.237,5.498,0.888,0
6.353,4.337,0.871,0
6.449,3.153,0.854,0
6.526,2.006,0.837,0
6.583,0.823,0.821,0
6.621,-0.345,0.804,0
6.639,-1.501,0.788,0
6.637,-2.662,0.771,0
6.616,-3.854,0.754,0
6.515,-5.015,0.738,0
6.456,-6.163,0.721,0
6.375,-7.332,0.704,0
6.276,-8.515,0.687,0
6.157,-9.684,0.671,0
6.022,-10.853,0.654,0
5.864,-12.008,0.637,0
5.692,-13.184,0.621,0
5.495,-14.331,0.604,0
5.274,-15.500,0.587,0
5.041,-16.692,0.571,0
4.790,-17.853,0.554,0
4.456,-19.008,0.538,0
4.157,-20.169,0.521,0
3.854,-21.352,0.504,0
3.516,-22.494,0.487,0
3.170,-23.677,0.471,0
2.793,-24.830,0.454,0
2.399,-26.014,0.437,0
1.991,-27.190,0.421,0
1.566,-28.353,0.404,0
1.129,-29.509,0.387,0
0.697,-30.000,0.371,0
0.256,-30.000,0.354,0
-0.248,-30.000,0.337,0
-0.684,-30.000,0.321,0
-1.122,-30.000,0.304,0
-0.697,-30.000,0.287,1
-0.293,21.839,0.271,0
0.098,20.684,0.254,0
0.469,19.507,0.237,0
0.817,18.332,0.221,0
1.145,17.167,0.204,0
1.457,16.007,0.187,0
1.748,14.833,0.171,0
2.019,13.663,0.154,0
2.207,12.501,0.137,0
2.863,11.339,0.121,0
3.028,10.184,0.104,0
3.171,9.001,0.087,0
3.270,7.832,0.071,0
3.349,6.670,0.054,0
3.434,5.515,0.037,0
3.500,4.343,0.021,0
3.521,3.183,0.022,0
3.523,2.014,0.024,0
3.531,0.845,0.025,0
3.519,-0.324,0.027,0
3.475,-1.500,0.010,0
3.398,-2.658,0.011,0
3.302,-3.839,0.013,0
3.214,-5.010,0.015,0
3.104,-6.155,0.016,0
3.450,-7.331,0.018,0
3.351,-8.493,0.019,0
3.236,-9.669,0.021,0
3.096,-10.816,0.022,0
2.941,-12.000,0.024,0
2.764,-13.162,0.025,0
2.568,-14.332,1.027,0
2.291,-15.500,1.010,0
2.056,-16.663,0.993,0
1.806,-17.832,0.977,0
2.231,-18.987,0.960,1
2.645,21.839,0.943,0
3.033,20.649,0.927,0
3.399,19.480,0.910,0
3.748,18.324,0.893,0
4.076,17.156,0.877,0
4.388,15.994,0.860,0
4.679,14.818,0.843,0
4.949,13.649,0.827,0
5.136,12.487,0.810,0
5.369,11.332,0.794,0
5.582,10.163,0.777,0
5.776,8.994,0.760,0
5.949,7.818,0.744,0
6.104,6.663,0.727,0
6.238,5.487,0.710,0
6.354,4.325,0.693,0
6.450,3.156,0.677,0
6.526,1.978,0.660,0
6.583,0.833,0.643,0
6.621,-0.351,0.627,0
6.576,-1.520,0.610,0
6.575,-2.683,0.593,0
6.555,-3.852,0.577,0
6.513,-5.005,0.560,0
6.455,-6.189,0.543,0
6.376,-7.344,0.527,0
6.279,-8.513,0.510,0
6.162,-9.668,0.494,0
6.022,-10.829,0.477,0
5.865,-12.014,0.460,0
5.691,-13.182,0.444,0
5.497,-14.337,0.427,0
5.218,-15.498,0.410,0
4.981,-16.667,0.393,0
4.731,-17.845,0.377,0
4.455,-18.999,0.360,0
4.159,-20.174,0.343,0
3.853,-21.351,0.327,0
3.515,-22.498,0.310,0
3.171,-23.682,0.294,0
2.797,-24.829,0.277,0
2.406,-26.006,0.260,0
1.995,-27.176,0.243,0
1.572,-28.344,0.227,0
1.071,-29.498,0.210,0
0.626,-30.000,0.193,0
1.046,-30.000,0.177,1
1.458,21.858,0.160,0
1.847,20.676,0.143,0
2.641,19.506,0.127,0
2.939,18.338,0.110,0
3.217,17.175,0.094,0
3.452,16.014,0.077,0
3.668,14.853,0.060,0
3.892,13.683,0.043,0
4.092,12.500,0.027,0
4.267,11.345,0.010,0
4.400,10.140,0.012,0
4.519,9.007,0.013,0
4.643,7.837,0.015,0
4.747,6.676,0.016,0
4.807,5.521,0.018,0
4.848,4.359,0.019,0
4.895,3.183,0.021,0
4.922,2.007,0.022,0
5.404,0.859,0.024,0
5.442,-0.323,0.025,0
5.461,-1.485,0.027,0
5.397,-2.648,0.010,0
5.376,-3.831,0.012,0
5.337,-5.000,0.013,0
5.278,-6.154,0.015,0
5.198,-7.323,1.016,0
5.100,-8.500,0.999,0
4.985,-9.662,0.983,0
4.847,-10.816,0.966,0
4.691,-11.985,0.950,0
4.514,-13.154,0.933,0
4.320,-14.324,0.916,0
4.106,-15.488,0.900,0
3.811,-16.649,0.883,0
4.243,-17.811,0.866,1
4.648,21.815,0.850,0
5.033,20.655,0.833,0
5.401,19.500,0.816,0
5.751,18.331,0.800,0
6.084,17.163,0.783,0
6.394,15.980,0.766,0
6.682,14.810,0.750,0
6.954,13.655,0.733,0
7.203,12.486,0.716,0
7.436,11.332,0.700,0
7.588,10.163,0.683,0
7.779,8.973,0.666,0
7.954,7.831,0.650,0
8.108,6.655,0.633,0
8.118,5.487,0.616,0
8.107,4.309,0.600,0
8.077,3.155,0.583,0
8.028,1.980,0.566,0
7.960,0.815,0.550,0
7.872,-0.337,0.533,0
7.764,-1.506,0.516,0
7.638,-2.668,0.500,0
7.553,-3.831,0.483,0
7.385,-5.013,0.466,0
7.202,-6.203,0.450,0
6.999,-7.344,0.433,0
6.772,-8.500,0.416,0
6.531,-9.684,0.400,0
6.264,-10.836,0.383,0
5.986,-12.027,0.366,0
5.681,-13.168,0.349,0
5.359,-14.351,0.333,0
5.019,-15.520,0.316,0
4.658,-16.683,0.299,0
4.346,-17.851,0.283,0
3.947,-19.000,0.266,0
3.521,-20.168,0.249,0
3.082,-21.359,0.233,0
2.633,-22.527,0.216,0
2.939,-23.669,0.199,1
3.221,21.818,0.183,0
3.482,20.648,0.166,0
3.724,19.484,0.150,0
3.521,18.321,0.133,0
3.773,17.155,0.116,0
4.010,16.000,0.099,0
4.237,14.818,0.083,0
4.455,13.652,0.066,0
4.657,12.501,0.050,0
4.816,11.325,0.033,0
4.950,10.141,0.016,0
5.094,9.000,0.018,0
5.217,7.824,0.019,0
5.296,6.647,0.021,0
5.355,5.484,0.022,0
5.420,4.317,0.024,0
5.465,3.149,0.025,0
5.465,1.987,0.027,0
5.460,0.817,0.010,0
5.422,-0.338,0.012,0
4.890,-1.513,0.013,0
4.762,-2.669,0.015,0
4.615,-3.846,0.016,0
4.450,-5.021,0.018,0
4.264,-6.182,0.019,0
4.059,-7.352,0.021,0
3.838,-8.520,1.022,0
3.591,-9.663,1.005,0
3.327,-10.851,0.989,0
3.047,-12.021,0.972,0
2.809,-13.176,0.956,0
2.486,-14.339,0.939,0
2.146,-15.514,0.922,0
1.783,-16.678,0.905,0
2.080,-17.851,0.889,1
2.361,21.848,0.872,0
2.624,20.683,0.856,0
2.866,19.515,0.839,0
3.094,18.352,0.822,0
3.300,17.169,0.805,0
3.481,15.990,0.789,0
3.646,14.837,0.772,0
3.853,13.675,0.756,0
3.980,12.514,0.739,0
4.086,11.343,0.722,0
4.175,10.184,0.706,0
4.243,9.007,0.689,0
4.289,7.838,0.672,0
4.320,6.690,0.655,0
4.330,5.500,0.639,0
4.320,4.330,0.622,0
4.290,3.153,0.606,0
4.241,2.014,0.589,0
4.172,0.859,0.572,0
4.148,-0.338,0.556,0
4.040,-1.495,0.539,0
3.913,-2.665,0.522,0
3.769,-3.838,0.506,0
3.603,-4.980,0.489,0
3.418,-6.155,0.472,0
3.213,-7.317,0.456,0
2.989,-8.493,0.439,0
2.746,-9.661,0.422,0
2.486,-10.825,0.406,0
2.200,-11.979,0.389,0
1.900,-13.163,0.372,0
1.641,-14.325,0.356,0
1.303,-15.494,0.339,0
0.939,-16.649,0.322,0
0.563,-17.832,0.306,0
0.165,-18.986,0.289,0
-0.253,-20.151,0.272,0
-0.690,-21.318,0.256,0
-0.386,-22.481,0.239,1
-0.103,21.825,0.222,0
0.160,20.653,0.205,0
0.396,19.480,0.189,0
0.627,18.340,0.172,0
0.891,17.142,0.156,0
1.075,15.987,0.139,0
0.813,14.819,0.122,0
1.010,13.663,0.106,0
1.186,12.487,0.089,0
1.367,11.317,0.072,0
1.530,10.149,0.055,0
1.645,8.973,0.039,0
1.743,7.833,0.022,0
1.847,6.669,0.024,0
1.931,5.495,0.025,0
1.971,4.333,0.027,0
2.005,3.163,0.010,0
2.006,1.995,0.012,0
2.012,0.833,0.013,0
1.999,-0.358,0.015,0
1.941,-1.499,0.016,0
1.865,-2.681,0.018,0
1.294,-3.837,0.019,0
1.128,-5.005,0.021,0
0.941,-6.167,0.022,0
0.737,-7.351,0.024,0
0.515,-8.513,0.025,0
0.267,-9.667,0.027,0
0.068,-10.858,0.010,0
-0.214,-12.020,1.012,0
-0.513,-13.182,0.995,0
-0.840,-14.336,0.978,0
-1.182,-15.528,0.961,0
-1.537,-16.696,0.945,0
-1.920,-17.844,0.928,0
-1.624,-19.020,0.912,1
-1.338,21.851,0.895,0
-1.077,20.670,0.878,0
-0.837,19.508,0.862,0
-0.613,18.353,0.845,0
-0.346,17.183,0.828,0
-0.158,16.015,0.812,0
0.008,14.831,0.795,0
0.156,13.662,0.778,0
0.294,12.479,0.753,0
0.379,10.759,0.745,0
0.467,10.177,0.728,0
0.533,9.008,0.712,0
0.582,7.853,0.695,0
0.613,6.683,0.678,0
0.621,5.493,0.662,0
0.611,4.337,0.645,0
0.645,3.170,0.628,0
0.596,2.000,0.612,0
0.528,0.854,0.595,0
0.440,-0.330,0.578,0
0.333,-1.484,0.562,0
0.206,-2.661,0.545,0
0.060,-3.826,0.528,0
-0.106,-4.993,0.512,0
-0.288,-6.168,0.495,0
-0.495,-7.309,0.478,0
-0.720,-8.492,0.462,0
-0.959,-9.669,0.445,0
-1.161,-10.810,0.428,0
-1.445,-11.986,0.412,0
-1.749,-13.162,0.395,0
-2.065,-14.340,0.378,0
-1.759,-15.486,0.362,1
-1.481,21.817,0.345,0
-1.219,20.661,0.328,0
-0.977,19.494,0.312,0
-0.755,18.330,0.295,0
-0.546,17.168,0.278,0
-0.367,15.978,0.262,0
-0.200,14.837,0.245,0
0.007,13.662,0.228,0
0.135,12.500,0.212,0
0.239,11.317,0.195,0
0.327,10.176,0.178,0
0.396,9.001,0.162,0
0.444,7.817,0.145,0
0.047,6.647,0.128,0
0.107,5.487,0.112,0
0.146,4.317,0.095,0
0.191,3.156,0.078,0
0.217,1.987,0.062,0
0.199,0.838,0.045,0
0.173,-0.344,0.028,0
0.117,-1.514,0.012,0
0.064,-2.661,0.013,0
-0.006,-3.845,0.015,0
-0.123,-5.000,0.016,0
-0.257,-6.175,0.018,0
-0.387,-7.331,0.019,0
-0.535,-8.506,0.021,0
-0.732,-9.661,0.022,0
-0.943,-10.852,0.024,0
-1.650,-12.006,0.025,0
-1.954,-13.170,0.027,0
-2.209,-14.346,0.010,0
-2.549,-15.499,0.012,0
-2.549,-16.664,0.012,0
-2.912,-16.664,0.013,0
-3.290,-17.840,0.015,0
-2.991,-19.003,0.016,1
-2.714,21.840,1.018,0
-2.446,20.690,1.001,0
-2.205,19.500,0.985,0
-1.978,18.340,0.968,0
-1.778,17.161,0.951,0
-1.593,16.008,0.935,0
-1.428,14.840,0.918,0
-1.222,13.676,0.901,0
-0.916,12.523,0.885,1
-0.640,21.817,0.868,0
-0.372,20.667,0.851,0
-0.132,19.479,0.835,0
0.090,18.324,0.818,0
0.297,17.162,0.801,0
0.479,15.980,0.785,0
0.644,14.821,0.768,0
0.790,13.655,0.751,0
0.917,12.486,0.734,0
1.021,11.309,0.718,0
1.172,10.155,0.701,0
1.239,8.984,0.685,0
1.287,7.817,0.668,0
1.316,6.655,0.651,0
1.325,5.486,0.635,0
1.315,4.317,0.618,0
1.285,3.148,0.601,0
1.235,1.986,0.584,0
1.167,0.816,0.568,0
1.078,-0.359,0.551,0
0.971,-1.520,0.535,0
0.844,-2.676,0.518,0
0.759,-3.845,0.501,0
0.595,-5.036,0.485,0
0.409,-6.177,0.468,0
0.204,-7.352,0.451,0
0.503,-8.522,0.435,1
0.782,21.839,0.418,0
1.047,20.683,0.401,0
1.288,19.504,0.385,0
1.512,18.346,0.368,0
1.717,17.177,0.351,0
1.903,16.007,0.334,0
2.065,14.830,0.318,0
2.275,13.677,0.301,0
2.400,12.502,0.285,0
2.507,11.345,0.268,0
2.595,10.178,0.251,0
2.663,9.000,0.235,0
2.711,7.839,0.218,0
2.740,6.669,0.201,0
2.749,5.501,0.185,0
2.739,4.346,0.168,0
2.710,3.170,0.151,0
2.236,1.994,0.135,0
2.218,0.839,0.118,0
2.193,-0.329,0.101,0
2.136,-1.499,0.085,0
2.085,-2.648,0.068,0
2.013,-3.816,0.051,0
1.898,-4.993,0.035,0
1.761,-6.155,0.018,0
1.634,-7.338,0.019,0
1.484,-8.486,0.021,0
1.290,-9.661,0.022,0
1.077,-10.833,0.024,0
0.871,-11.999,0.025,0
0.643,-13.162,0.027,0
0.388,-14.330,0.010,0
0.095,-15.484,0.012,0
-0.214,-16.661,0.013,0
-0.333,-17.824,0.015,1
-0.055,21.816,0.016,0
0.204,20.662,0.018,0
0.451,19.508,0.019,0
0.673,18.325,0.021,0
0.874,17.163,0.023,0
1.061,16.008,1.024,0
1.226,14.832,1.007,0
1.371,13.663,0.991,0
1.560,12.500,0.974,0
1.668,11.333,0.957,0
1.754,10.155,0.941,0
1.821,8.995,0.924,0
1.868,7.831,0.907,0
1.897,6.677,0.891,0
1.908,5.508,0.874,0
1.897,4.325,0.857,0
1.868,3.163,0.841,0
1.819,2.001,0.824,0
1.750,0.826,0.807,0
1.662,-0.330,0.791,0
1.618,-1.507,0.774,0
1.491,-2.660,0.757,0
1.345,-3.837,0.741,0
1.178,-4.998,0.724,0
0.993,-6.183,0.707,0
0.789,-7.345,0.691,0
1.090,-8.507,0.674,1
1.373,21.832,0.657,0
1.632,20.662,0.641,0
1.873,19.507,0.624,0
2.096,18.345,0.607,0
2.299,17.183,0.591,0
2.551,16.021,0.574,0
2.714,14.832,0.557,0
2.859,13.676,0.541,0
2.984,12.515,0.524,0
3.094,11.352,0.507,0
3.178,10.162,0.491,0
3.248,9.021,0.474,0
3.296,7.837,0.457,0
3.325,6.676,0.441,0
3.335,5.502,0.424,0
3.324,4.338,0.407,0
3.295,3.184,0.391,0
3.309,2.008,0.374,0
3.241,0.838,0.357,0
3.153,-0.316,0.340,0
3.046,-1.507,0.324,0
2.920,-2.656,0.307,0
2.772,-3.816,0.290,0
2.608,-5.007,0.274,0
2.423,-6.160,0.257,0
2.217,-7.323,0.240,0
1.994,-8.506,0.224,0
1.749,-9.661,0.207,0
1.487,-10.838,0.191,0
1.268,-11.999,0.174,0
0.967,-13.168,0.157,0
0.647,-14.330,0.141,0
-0.122,-15.492,0.124,0
-0.432,-16.670,0.107,0
-0.081,-17.839,0.090,1
0.272,21.831,0.074,0
0.610,20.678,0.057,0
0.902,19.508,0.041,0
1.176,18.347,0.024,0
1.455,17.178,0.025,0
1.715,16.009,0.027,0
1.942,14.840,0.010,0
2.137,13.677,0.012,0
2.314,12.515,0.013,0
2.494,11.348,0.015,0
2.657,10.190,0.017,0
2.776,9.023,0.018,0
2.875,7.847,0.019,0
2.479,6.678,0.021,0
2.488,5.510,0.022,0
2.478,4.340,0.024,0
2.449,3.185,0.025,0
2.400,2.009,0.027,0
2.395,0.838,0.010,0
2.307,-0.317,0.012,0
2.200,-1.491,1.013,0
2.073,-2.660,0.997,0
1.926,-3.822,0.980,0
1.761,-4.998,0.963,0
1.579,-6.160,0.947,0
1.372,-7.308,0.930,0
1.150,-8.493,0.913,0
0.904,-9.647,0.897,0
0.645,-10.829,0.880,0
0.364,-11.978,0.864,0
0.122,-13.139,0.847,0
-0.199,-14.322,0.830,0
-0.539,-15.491,0.813,0
-0.901,-16.654,0.797,0
-0.604,-17.830,0.780,1
-0.320,21.845,0.763,0
-0.055,20.670,0.746,0
0.187,19.494,0.730,0
0.405,18.332,0.713,0
0.611,17.184,0.697,0
0.794,16.008,0.680,0
0.963,14.853,0.663,0
1.167,13.662,0.647,0
1.294,12.522,0.630,0
1.528,11.353,0.613,0
1.741,10.176,0.597,0
1.935,9.007,0.580,0
2.109,7.839,0.563,0
2.263,6.675,0.547,0
2.398,5.514,0.530,0
2.516,4.347,0.513,0
2.611,3.133,0.497,0
2.688,2.000,0.480,0
2.745,0.839,0.463,0
2.720,-0.338,0.447,0
2.739,-1.499,0.430,0
2.738,-2.661,0.413,0
2.717,-3.825,0.397,0
2.678,-4.999,0.380,0
2.619,-6.156,0.363,0
2.540,-7.323,0.347,0
2.440,-8.492,0.330,0
2.323,-9.668,0.313,0
2.188,-10.830,0.297,0
2.029,-11.985,0.280,0
1.855,-13.169,0.263,0
1.598,-14.323,0.247,0
1.381,-15.486,0.230,0
1.148,-16.661,0.213,0
0.898,-17.823,0.197,0
0.620,-18.979,0.180,0
0.329,-20.161,0.163,0
0.016,-21.323,0.147,0
0.111,-22.493,0.130,0
-0.291,-23.655,0.113,0
-0.709,-24.823,0.097,0
-0.356,-25.984,0.080,1
-0.026,21.829,0.064,0
0.304,20.673,0.047,0
0.620,19.485,0.030,0
0.918,18.330,0.013,0
1.171,17.168,0.015,0
1.409,16.006,0.016,0
1.648,14.823,0.018,0
1.875,13.668,0.019,0
2.107,12.462,0.015,0
2.204,10.896,0.022,0
2.364,10.147,0.024,0
2.509,8.999,0.025,0
3.107,7.815,0.027,0
3.198,6.653,0.010,0
3.334,5.499,0.012,0
3.448,4.315,0.014,0
3.545,3.189,0.015,0
3.621,1.991,0.016,0
3.679,0.816,0.018,0
3.716,-0.347,1.019,0
3.734,-1.508,1.003,0
3.733,-2.677,0.986,0
3.712,-3.848,0.969,0
3.672,-5.017,0.953,0
3.613,-6.185,0.936,0
3.470,-7.347,0.919,0
3.375,-8.518,0.903,0
3.258,-9.664,0.886,0
3.122,-10.826,0.870,0
2.961,-11.988,0.853,0
2.784,-13.177,0.836,0
2.593,-14.346,0.820,0
2.377,-15.495,0.803,0
2.140,-16.664,0.786,0
1.884,-17.840,0.769,0
1.612,-19.016,0.753,0
1.323,-20.177,0.736,0
0.949,-21.332,0.720,0
0.614,-22.496,0.703,0
0.262,-23.670,0.686,0
-0.109,-24.841,0.669,0
-0.503,-26.007,0.653,0
-0.910,-27.185,0.636,0
-1.340,-28.346,0.619,0
-1.773,-29.515,0.603,0
-2.214,-30.000,0.586,0
-1.793,-30.000,0.570,1
-1.380,21.852,0.553,0
-0.990,20.668,0.536,0
-0.688,19.493,0.519,0
-0.340,18.339,0.503,0
-0.008,17.176,0.486,0
0.301,16.001,0.469,0
0.591,14.838,0.453,0
0.865,13.676,0.436,0
1.115,12.492,0.419,0
1.347,11.339,0.403,0
1.561,10.176,0.386,0
1.754,9.001,0.369,0
1.928,7.832,0.353,0
2.082,6.671,0.336,0
2.155,5.508,0.319,0
2.270,4.338,0.303,0
2.367,3.170,0.286,0
2.443,2.008,0.269,0
2.501,0.824,0.253,0
2.538,-0.331,0.236,0
2.557,-1.507,0.219,0
2.557,-2.662,0.203,0
2.537,-3.822,0.186,0
2.496,-4.986,0.169,0
2.438,-6.161,0.153,0
2.783,-7.316,0.136,0
2.621,-8.495,0.119,0
2.454,-9.668,0.103,0
2.267,-10.831,0.086,0
2.037,-12.000,0.069,0
1.786,-13.155,0.053,0
1.538,-14.323,0.036,0
1.276,-15.500,0.020,0
1.628,-16.655,0.021,1
1.960,21.832,0.023,0
2.304,20.668,0.024,0
2.621,19.479,0.025,0
2.893,18.314,0.027,0
3.157,17.155,0.010,0
3.394,16.000,0.012,0
3.635,14.824,0.013,0
3.855,13.655,0.015,0
4.532,12.493,0.016,0
4.765,11.324,0.018,0
4.765,10.154,0.018,0
4.978,10.154,0.019,0
5.173,8.980,0.021,0
5.346,7.802,0.022,0
5.499,6.634,0.024,0
5.635,5.478,1.025,0
5.749,4.295,1.009,0
5.782,3.142,0.992,0
5.859,1.987,0.975,0
5.916,0.809,0.959,0
5.953,-0.352,0.942,0
5.971,-1.522,0.925,0
5.970,-2.691,0.909,0
5.949,-3.853,0.892,0
5.908,-5.021,0.875,0
5.848,-6.196,0.859,0
5.768,-7.359,0.842,0
5.672,-8.538,0.825,0
5.555,-9.683,0.809,0
5.354,-10.846,0.792,0
5.192,-12.015,0.775,0
5.018,-13.205,0.759,0
4.824,-14.360,0.742,0
4.609,-15.522,0.725,0
4.376,-16.684,0.709,0
4.117,-17.845,0.692,0
3.843,-19.029,0.675,0
3.546,-20.197,0.658,0
3.240,-21.376,0.642,0
2.905,-22.522,0.625,0
2.558,-23.697,0.609,0
2.120,-24.852,0.592,0
1.735,-26.029,0.575,0
1.318,-27.184,0.558,0
0.891,-28.368,0.542,0
0.456,-29.529,0.525,0
0.016,-30.000,0.508,0
-0.417,-30.000,0.492,0
-0.856,-30.000,0.475,0
-1.288,-30.000,0.459,0
-1.729,-30.000,0.442,0
-2.167,-30.000,0.425,0
-2.608,-30.000,0.408,0
-2.243,-30.000,0.392,1
-1.836,21.831,0.375,0
-1.452,20.662,0.359,0
-1.085,19.513,0.342,0
-0.735,18.352,0.325,0
-0.403,17.181,0.309,0
-0.094,16.007,0.292,0
0.198,14.844,0.275,0
0.467,13.669,0.259,0
0.721,12.521,0.242,0
0.954,11.338,0.225,0
1.167,10.169,0.208,0
1.295,9.000,0.192,0
1.470,7.858,0.175,0
1.625,6.689,0.159,0
1.761,5.514,0.142,0
2.301,4.331,0.125,0
2.348,3.183,0.109,0
2.374,2.013,0.092,0
2.357,0.844,0.075,0
2.320,-0.332,0.059,0
2.289,-1.490,0.042,0
2.238,-2.649,0.025,0
2.143,-3.818,0.027,0
2.040,-4.987,0.010,0
1.905,-6.150,0.011,0
1.776,-7.332,0.013,0
1.628,-8.494,0.015,0
1.437,-9.662,0.016,0
1.792,-10.816,0.018,1
2.146,21.823,0.019,0
2.485,20.668,0.021,0
3.284,19.499,0.022,0
3.632,18.308,0.024,0
3.958,17.146,0.025,0
4.272,15.992,0.026,0
4.496,14.807,0.010,0
4.768,13.655,0.011,0
5.019,12.485,0.013,0
5.019,11.323,0.013,0
5.250,11.323,0.596,0
5.463,10.160,0.580,0
5.657,8.993,0.563,0
5.831,7.823,0.546,0
5.985,6.655,0.530,0
6.119,5.485,0.513,0
6.235,4.330,0.497,0
6.331,3.168,0.480,0
6.408,2.000,0.463,0
6.402,0.823,0.446,0
6.439,-0.353,0.430,0
6.458,-1.522,0.413,0
6.456,-2.670,0.396,0
6.436,-3.854,0.380,0
6.397,-5.007,0.363,0
6.338,-6.171,0.347,0
6.257,-7.333,0.330,0
6.684,-8.516,0.313,1
7.088,21.832,0.296,0
7.480,20.678,0.280,0
7.847,19.494,0.263,0
8.129,18.333,0.247,0
8.461,17.185,0.230,0
8.773,16.008,0.213,0
9.064,14.832,0.196,0
9.334,13.662,0.180,0
9.584,12.501,0.163,0
9.817,11.346,0.146,0
2.280,10.177,0.130,0
2.449,9.014,0.113,0
2.597,7.846,0.097,0
1.952,6.685,0.080,0
2.063,5.516,0.063,0
2.116,4.348,0.047,0
2.187,3.183,0.030,0
2.239,2.022,0.013,0
2.247,0.832,0.015,0
2.260,-0.323,0.016,0
2.254,-1.491,0.018,0
1.727,-2.647,0.019,0
1.681,-3.825,0.021,0
1.617,-4.999,0.022,0
1.509,-6.160,0.024,0
1.405,-7.316,0.025,0
1.282,-8.485,0.027,0
1.103,-9.653,0.010,0
0.939,-10.814,0.012,0
0.732,-11.991,0.013,0
0.380,-13.161,0.015,0
0.134,-14.330,0.016,0
-0.102,-15.498,0.018,0
-0.360,-16.653,0.019,0
0.042,-17.815,0.021,1
0.400,21.831,0.022,0
0.765,20.662,0.024,0
1.109,19.485,0.025,0
1.428,18.316,0.027,0
1.700,17.169,0.010,0
1.958,15.978,0.012,0
2.214,14.824,0.014,0
2.465,13.708,0.015,0
2.690,12.513,0.017,0
2.881,11.365,0.017,0
3.066,10.128,0.019,0
3.232,8.986,0.021,0
3.383,7.837,0.022,0
3.487,6.655,0.024,0
3.597,5.489,0.025,0
3.687,4.323,0.027,0
3.720,3.147,0.010,0
3.772,1.986,0.012,0
3.779,0.824,0.013,0
3.792,-0.345,0.015,0
3.785,-1.515,0.016,0
3.760,-2.681,0.018,0
3.863,-3.831,0.019,0
3.773,-5.014,0.021,0
3.687,-6.176,0.022,0
3.583,-7.359,0.024,0
3.460,-8.522,0.025,0
3.293,-9.683,0.027,0
3.092,-10.845,0.010,0
2.910,-12.014,0.011,0
2.711,-13.183,0.013,0
2.965,-14.338,0.015,0
2.725,-15.507,0.016,0
2.465,-16.676,0.018,0
2.160,-17.845,0.019,0
1.860,-19.014,0.021,0
1.539,-20.184,0.022,0
1.211,-21.360,0.024,0
3.303,-22.499,0.025,0
2.927,-23.670,0.027,0
2.489,-24.837,0.010,0
2.051,-26.014,0.012,0
9.566,-27.176,0.013,0
9.132,-28.344,0.014,0
8.697,-29.521,0.016,0
9.121,-30.000,0.018,1
9.527,21.845,0.019,0
9.919,20.683,0.021,0
10.285,19.501,0.186,0
10.636,18.345,0.169,0
10.968,17.169,0.152,0
3.524,15.992,0.136,0
3.755,14.846,0.119,0
3.999,13.662,0.103,0
4.226,12.507,0.086,0
3.659,11.339,0.069,0
3.848,10.170,0.052,0
4.016,8.993,0.036,0
4.163,7.831,0.019,0
4.268,6.684,0.021,0
4.379,5.507,0.022,0
4.469,4.324,0.024,0
4.041,3.175,0.025,0
4.093,2.015,0.027,0
4.087,0.846,0.010,0
4.100,-0.339,0.012,0
4.069,-1.493,0.013,0
4.043,-2.649,0.015,0
3.997,-3.825,0.016,0
3.933,-4.994,0.018,0
3.824,-6.155,0.019,0
3.570,-7.323,0.021,0
3.420,-8.493,0.022,0
3.277,-9.669,0.024,0
3.117,-10.838,0.025,0
2.935,-11.992,0.027,0
2.697,-13.162,0.010,0
2.448,-14.323,0.011,0
2.214,-15.507,0.013,0
1.955,-16.648,0.015,0
1.673,-17.816,0.016,0
1.352,-18.996,0.018,0
1.752,-20.155,0.019,1
2.137,21.838,0.021,0
2.503,20.661,0.022,0
2.821,19.485,0.024,0
3.142,18.317,0.025,0
3.447,17.163,0.027,0
3.695,15.993,0.010,0
3.959,14.825,0.012,0
4.182,13.663,0.013,0
4.409,12.487,0.014,0
4.616,11.317,0.016,0
4.802,10.148,0.018,0
4.945,8.993,0.019,0
5.094,7.832,0.021,0
5.223,6.661,0.022,0
5.333,5.501,0.024,0
5.574,4.339,0.025,0
5.621,3.162,0.026,0
5.634,1.978,0.010,0
5.667,0.817,0.012,0
5.680,-0.324,0.013,0
5.672,-1.493,0.015,0
5.622,-2.677,0.016,0
5.576,-3.832,0.018,0
5.511,-5.006,0.019,0
5.901,-6.169,0.021,0
5.799,-7.338,0.022,0
5.672,-8.492,0.024,0
5.509,-9.685,0.025,0
5.345,-10.825,0.027,0
5.127,-12.000,0.010,0
4.922,-13.162,0.011,0
4.703,-14.345,0.013,0
6.914,-15.506,0.015,0
6.657,-16.668,0.016,0
6.347,-17.824,0.018,0
14.000,-19.014,0.019,0
13.708,-20.177,0.021,0
13.393,-21.338,0.022,0
13.066,-22.515,0.024,0
12.714,-23.668,0.025,0
12.219,-24.837,0.027,0
11.763,-26.000,0.010,0
11.230,-27.175,0.593,0
10.674,-28.337,0.577,0
10.113,-29.506,0.560,0
9.552,-30.000,0.544,0
8.988,-30.000,0.527,0
8.424,-30.000,0.510,0
7.866,-30.000,0.494,0
7.297,-30.000,0.477,0
6.733,-30.000,0.460,0
6.166,-30.000,0.443,0
5.614,-30.000,0.427,0
5.107,-30.000,0.410,0
4.552,-30.000,0.394,0
3.979,-30.000,0.377,0
3.419,-30.000,0.360,0
2.863,-30.000,0.344,0
2.299,-30.000,0.327,0
1.729,-30.000,0.310,0
2.030,-30.000,0.293,1
2.315,21.833,0.276,0
2.571,20.653,0.260,0
2.815,19.509,0.243,0
3.036,18.340,0.227,0
3.307,17.184,0.210,0
3.494,15.995,0.193,0
3.652,14.817,0.177,0
3.802,13.685,0.160,0
3.925,12.495,0.144,0
3.608,11.347,0.127,0
3.746,10.172,0.110,0
3.863,9.001,0.093,0
3.986,7.840,0.077,0
4.090,6.679,0.060,0
4.150,5.510,0.043,0
4.190,4.341,0.027,0
4.223,3.179,0.010,0
4.249,2.008,0.012,0
4.256,0.841,0.013,0
4.218,-0.337,0.015,0
4.161,-1.497,0.016,0
4.109,-2.660,0.018,0
4.038,-3.828,0.019,0
3.924,-4.997,0.021,0
3.788,-6.153,0.022,0
3.158,-7.328,0.024,0
2.935,-8.499,0.025,0
2.689,-9.659,0.027,0
2.491,-10.843,0.010,0
2.211,-11.997,0.012,0
1.906,-13.153,0.013,0
1.586,-14.335,0.015,0
1.246,-15.497,1.016,0
0.884,-16.660,0.999,0
0.510,-17.835,0.983,0
0.112,-18.983,0.966,0
0.422,-20.146,0.949,1
0.698,21.803,0.933,0
0.962,20.655,0.916,0
1.202,19.478,0.900,0
1.488,18.324,0.883,0
1.694,17.156,0.866,0
1.878,15.980,0.849,0
2.042,14.811,0.833,0
2.186,13.649,0.816,0
2.312,12.487,0.799,0
2.418,11.317,0.783,0
2.506,10.154,0.766,0
2.573,8.980,0.750,0
2.621,7.824,0.733,0
2.650,6.648,0.716,0
2.659,5.486,0.699,0
2.711,4.310,0.683,0
2.681,3.154,0.666,0
2.632,1.991,0.649,0
2.564,0.816,0.633,0
2.476,-0.345,0.616,0
2.367,-1.507,0.599,0
2.241,-2.692,0.583,0
2.095,-3.853,0.566,0
1.929,-5.013,0.550,0
1.744,-6.176,0.533,0
1.539,-7.344,0.516,0
1.313,-8.514,0.499,0
1.133,-9.690,0.483,0
0.872,-10.851,0.466,0
0.587,-12.008,0.449,0
0.286,-13.183,0.433,0
-0.037,-14.345,0.416,0
-0.375,-15.521,0.400,0
-0.086,-16.676,0.383,1
0.209,21.874,0.366,0
0.475,20.662,0.349,0
0.717,19.478,0.333,0
0.935,18.316,0.316,0
1.138,17.170,0.300,0
1.390,16.007,0.283,0
1.552,14.816,0.266,0
1.699,13.667,0.249,0
1.825,12.490,0.233,0
1.931,11.323,0.216,0
2.018,10.155,0.199,0
2.085,8.987,0.183,0
2.133,7.825,0.166,0
2.162,6.661,0.149,0
1.746,5.493,0.133,0
1.786,4.338,0.116,0
1.806,3.169,0.099,0
1.820,1.992,0.083,0
1.831,0.838,0.033,0
1.837,-0.049,0.019,0
1.814,-0.308,0.024,0
1.800,-0.560,0.010,0
1.218,-0.819,0.014,0
1.007,-1.078,0.019,0
0.792,-1.334,1.005,0
0.573,-1.591,0.955,0
0.413,-1.850,0.905,0
0.185,-2.102,0.856,0
-0.047,-2.358,0.805,0
-0.221,-2.615,0.755,0
-0.351,-2.873,0.738,0
-0.501,-4.036,0.722,0
-0.202,-5.200,0.705,1
0.081,21.840,0.689,0
0.348,20.670,0.672,0
0.587,19.487,0.655,0
0.811,18.332,0.638,0
1.015,17.163,0.622,0
1.201,15.996,0.605,0
1.365,14.818,0.588,0
1.509,13.656,0.572,0
1.698,12.495,0.555,0
1.804,11.333,0.539,0
1.890,10.171,0.522,0
1.960,9.008,0.505,0
2.008,7.826,0.488,0
2.036,6.657,0.472,0
2.046,5.505,0.455,0
2.035,4.325,0.439,0
2.006,3.177,0.422,0
1.957,2.008,0.405,0
1.888,0.832,0.388,0
1.800,-0.337,0.372,0
1.756,-1.505,0.355,0
1.626,-2.661,0.338,0
1.482,-3.874,0.322,0
1.318,-5.014,0.305,0
1.132,-6.161,0.288,0
0.928,-7.336,0.272,0
0.704,-8.499,0.255,0
0.461,-9.667,0.239,0
0.197,-10.830,0.222,0
-0.085,-12.005,0.205,0
-0.392,-13.168,0.188,0
-0.104,-14.358,0.172,1
0.249,21.878,0.155,0
0.514,20.684,0.138,0
0.331,19.507,0.122,0
0.600,18.345,0.105,0
0.853,17.197,0.089,0
1.114,16.035,0.072,0
1.355,14.864,0.055,0
1.552,13.696,0.038,0
1.729,12.521,0.022,0
1.911,11.352,0.023,0
2.073,10.183,0.025,0
2.191,9.021,0.026,0
2.303,7.852,0.010,0
2.382,6.677,0.011,0
2.466,5.519,0.013,0
2.532,4.366,0.014,0
2.552,3.183,0.016,0
2.554,2.028,0.017,0
2.061,0.852,0.019,0
1.973,-0.311,0.020,0
1.867,-1.487,0.022,0
1.740,-2.634,0.023,0
1.593,-3.810,0.025,0
1.429,-4.985,0.026,0
1.305,-6.140,0.009,0
1.102,-7.327,1.011,0
0.879,-8.486,0.995,0
0.638,-9.647,0.978,0
0.941,-10.803,0.961,1
1.222,21.823,0.945,0
1.486,20.662,0.928,0
1.731,19.486,0.911,0
1.948,18.309,0.895,0
2.157,17.169,0.878,0
2.338,15.978,0.861,0
2.502,14.824,0.845,0
2.712,13.662,0.828,0
2.836,12.486,0.811,0
2.944,11.331,0.795,0
3.030,10.155,0.778,0
3.098,8.993,0.761,0
3.146,7.824,0.745,0
3.175,6.655,0.728,0
3.184,5.492,0.711,0
3.174,4.318,0.694,0
3.144,3.147,0.678,0
3.095,2.000,0.661,0
3.026,0.831,0.644,0
3.001,-0.360,0.628,0
2.894,-1.521,0.611,0
2.767,-2.670,0.595,0
2.620,-3.839,0.578,0
2.455,-5.014,0.561,0
2.271,-6.169,0.545,0
2.066,-7.332,0.528,0
1.841,-8.501,0.511,0
1.596,-9.676,0.494,0
1.335,-10.852,0.478,0
1.052,-12.002,0.461,0
0.746,-13.176,0.444,0
0.488,-14.360,0.428,0
0.150,-15.521,0.411,0
-0.210,-16.677,0.395,0
0.089,-17.842,0.378,1
0.372,21.841,0.361,0
0.633,20.671,0.345,0
0.881,19.510,0.328,0
1.103,18.319,0.311,0
1.304,17.158,0.295,0
1.489,16.003,0.278,0
1.657,14.834,0.261,0
1.803,13.650,0.244,0
1.994,12.482,0.227,0
2.098,11.297,0.211,0
2.178,10.143,0.195,0
2.259,9.042,0.177,0
2.302,7.737,0.161,0
2.330,6.622,0.144,0
1.914,5.455,0.127,0
1.953,4.280,0.110,0
1.972,3.116,0.094,0
1.998,1.954,0.077,0
2.003,0.806,0.061,0
1.965,-0.382,0.044,0
1.920,-1.547,0.027,0
1.842,-2.701,0.011,0
1.769,-3.881,0.012,0
1.679,-5.053,0.014,0
1.544,-6.212,0.015,0
1.387,-7.370,0.017,0
1.237,-8.551,0.018,0
1.069,-9.715,0.020,0
1.424,-10.875,0.021,1
1.756,21.822,0.023,0
1.591,20.653,0.024,0
1.829,19.494,0.026,0
2.057,18.343,0.027,0
2.323,17.160,0.011,0
2.504,15.992,0.012,0
2.670,14.844,0.014,0
2.816,13.674,0.015,0
2.943,12.505,1.017,0
3.050,11.328,1.000,0
3.135,10.161,0.984,0
3.204,9.011,0.967,0
3.251,7.831,0.950,0
3.280,6.675,0.934,0
3.290,5.512,0.917,0
3.343,4.332,0.900,0
3.314,3.181,0.883,0
3.265,1.990,0.867,0
3.196,0.828,0.850,0
3.109,-0.326,0.834,0
3.001,-1.488,0.817,0
2.874,-2.672,0.800,0
2.728,-3.841,0.783,0
2.562,-5.007,0.767,0
2.378,-6.170,0.750,0
2.172,-7.325,0.733,0
1.947,-8.509,0.717,0
1.705,-9.677,0.700,0
1.508,-10.839,0.684,0
1.225,-11.987,0.667,0
0.920,-13.157,0.650,0
0.600,-14.339,0.633,0
0.258,-15.499,0.617,0
-0.097,-16.672,0.600,0
-0.480,-17.819,0.583,0
-0.876,-18.999,0.567,0
-0.571,-20.158,0.550,1
-0.290,21.818,0.533,0
-0.029,20.653,0.517,0
0.273,19.490,0.500,0
0.500,18.339,0.483,0
0.704,17.153,0.467,0
0.889,15.985,0.450,0
1.053,14.818,0.433,0
1.198,13.655,0.417,0
1.322,12.485,0.400,0
1.430,11.332,0.383,0
1.517,10.156,0.367,0
1.584,8.988,0.350,0
1.634,7.823,0.333,0
1.660,6.642,0.317,0
1.670,5.501,0.300,0
1.723,4.318,0.283,0
1.693,3.159,0.267,0
1.644,1.988,0.250,0
1.575,0.832,0.233,0
1.487,-0.352,0.217,0
1.380,-1.509,0.200,0
1.253,-2.677,0.183,0
1.106,-3.847,0.167,0
0.941,-5.015,0.150,0
0.330,-6.179,0.133,0
0.176,-7.346,0.117,0
0.002,-8.510,0.100,0
0.366,-9.677,0.083,1
0.724,21.831,0.067,0
1.061,20.662,0.050,0
1.351,19.494,0.033,0
1.625,18.336,0.017,0
1.905,17.166,0.018,0
2.164,15.994,0.020,0
2.376,14.831,0.021,0
2.571,13.679,0.023,0
2.775,12.516,0.024,0
2.955,11.335,0.026,0
3.094,10.178,0.027,0
3.225,8.997,0.011,0
3.322,7.829,0.012,0
2.926,6.666,0.014,0
2.935,5.498,0.015,0
2.925,4.346,0.017,0
2.896,3.168,0.018,0
2.847,2.002,0.020,0
2.779,0.822,0.021,0
2.691,-0.321,1.023,0
2.583,-1.500,1.006,0
2.456,-2.665,0.989,0
2.310,-3.836,0.973,0
2.209,-5.005,0.956,0
2.024,-6.153,0.940,0
1.819,-7.321,0.923,0
1.594,-8.490,0.906,0
1.349,-9.667,0.889,0
1.088,-10.842,0.873,0
0.810,-11.999,0.856,0
0.503,-13.146,0.839,0
0.182,-14.336,0.823,0
-0.156,-15.503,0.806,0
-0.515,-16.659,0.790,0
-0.898,-17.823,0.773,0
-1.235,-19.002,0.756,0
-1.652,-20.170,0.739,0
-2.089,-21.334,0.723,0
-2.546,-22.498,0.706,0
-3.020,-23.664,0.690,0
-3.517,-24.821,0.673,0
-3.211,-25.991,0.656,1
-2.931,21.816,0.639,0
-2.543,20.657,0.623,0
-2.172,19.488,0.606,0
-1.830,18.309,0.590,0
-1.497,17.170,0.573,0
-1.250,15.990,0.556,0
-0.958,14.823,0.539,0
-0.692,13.648,0.523,0
-0.438,12.507,0.506,0
-0.205,11.325,0.489,0
0.009,10.157,0.473,0
0.201,8.981,0.456,0
0.375,7.824,0.439,0
0.529,6.657,0.423,0
0.664,5.490,0.406,0
0.779,4.327,0.390,0
0.875,3.170,0.373,0
0.889,1.988,0.356,0
0.946,0.828,0.339,0
0.984,-0.345,0.323,0
1.002,-1.510,0.306,0
1.002,-2.676,0.290,0
0.982,-3.830,0.273,0
0.941,-4.993,0.256,0
0.882,-6.173,0.240,0
0.801,-7.330,0.223,0
0.703,-8.518,0.206,0
0.585,-9.678,0.189,0
0.388,-10.845,0.173,0
0.225,-11.998,0.156,0
0.052,-13.194,0.139,0
0.901,-14.343,0.123,1
1.257,21.844,0.106,0
1.600,20.682,0.089,0
1.892,19.499,0.073,0
2.166,18.335,0.056,0
2.443,17.171,0.040,0
2.703,16.014,0.023,0
2.924,14.850,0.024,0
3.119,13.655,0.026,0
3.305,12.493,0.009,0
3.490,11.343,0.010,0
3.652,10.158,0.012,0
3.769,9.000,0.014,0
3.869,7.851,0.015,0
3.973,6.666,0.017,0
4.059,5.514,0.018,0
4.600,4.333,0.020,0
4.600,3.158,0.020,0
4.696,3.158,0.021,0
4.773,1.997,0.023,0
4.830,0.830,0.024,0
4.868,-0.348,0.026,0
4.886,-1.497,0.027,0
4.823,-2.672,0.011,0
4.801,-3.829,1.012,0
4.761,-5.007,0.995,0
4.701,-6.175,0.979,0
4.622,-7.348,0.962,0
4.524,-8.513,0.945,0
4.407,-9.675,0.929,0
4.269,-10.840,0.912,0
4.113,-12.010,0.895,0
3.939,-13.171,0.879,0
3.741,-14.327,0.862,0
3.467,-15.507,0.846,0
3.228,-16.659,0.829,0
2.975,-17.843,0.812,0
2.698,-19.007,0.795,0
3.123,-20.183,0.779,1
3.525,21.841,0.762,0
3.923,20.693,0.745,0
4.286,19.488,0.729,0
4.637,18.344,0.712,0
4.966,17.168,0.695,0
5.275,16.005,0.679,0
5.563,14.845,0.662,0
5.838,13.693,0.645,0
6.025,12.504,0.629,0
6.259,11.356,0.612,0
6.470,10.173,0.596,0
6.666,9.024,0.579,0
7.091,7.841,0.562,1
7.500,21.837,0.545,0
7.882,20.666,0.529,0
8.257,19.521,0.512,0
8.604,18.329,0.495,0
8.931,17.170,0.479,0
9.245,16.015,0.462,0
9.537,14.833,0.445,0
9.741,13.655,0.429,0
9.993,12.513,0.412,0
10.229,11.346,0.395,0
10.441,10.155,0.379,0
10.632,8.993,0.362,0
10.808,7.852,0.345,0
10.961,6.667,0.329,0
11.097,5.515,0.312,0
11.213,4.338,0.295,0
11.309,3.172,0.279,0
11.386,2.016,0.262,0
11.443,0.839,0.245,0
11.419,-0.337,0.229,0
11.437,-1.479,0.212,0
11.436,-2.660,0.195,0
11.415,-3.828,0.179,0
11.376,-4.999,0.162,0
11.316,-6.162,0.145,0
2.212,-7.331,0.129,0
11.513,-8.499,0.112,0
11.347,-9.669,0.095,0
11.134,-10.827,0.079,0
10.905,-12.000,0.062,0
10.675,-13.154,0.045,0
10.419,-14.339,0.029,0
10.154,-15.494,0.012,0
9.848,-16.662,0.014,0
9.513,-17.817,0.015,0
9.513,-19.007,0.015,0
9.186,-19.007,0.016,0
8.846,-20.186,0.018,0
8.460,-21.341,0.019,0
8.052,-22.505,0.021,0
7.647,-23.677,0.022,0
-1.801,-24.851,0.024,0
7.263,-26.025,0.025,0
6.855,-27.182,0.027,0
6.363,-28.345,0.010,0
5.926,-29.511,0.012,0
5.494,-30.000,0.013,0
5.050,-30.000,0.015,0
4.614,-30.000,0.016,0
4.175,-30.000,0.136,0
3.742,-30.000,0.136,0
3.302,-30.000,0.136,0
2.862,-30.000,0.136,0
2.429,-30.000,0.136,0
1.991,-30.000,0.136,0
1.560,-30.000,0.136,0
1.054,-30.000,0.136,0
0.616,-30.000,0.136,0
1.045,-30.000,0.136,1
1.449,21.827,0.136,0
1.838,20.673,0.136,0
2.140,19.501,0.136,0
2.429,18.347,0.136,0
2.696,17.172,0.136,0
2.945,16.001,0.136,0
3.173,14.827,0.136,0
3.383,13.660,0.136,0
3.567,12.478,0.136,0
3.738,11.347,0.136,0
3.889,10.170,0.136,0
-5.310,20.662,0.011,0
-4.997,20.662,0.012,0
-4.706,19.489,0.014,0
-4.328,18.331,0.015,0
-3.975,21.827,0.017,0
-3.661,20.671,0.018,0
5.655,19.500,0.020,0
-3.571,18.339,0.022,0
-3.366,17.170,0.023,0
-3.183,15.997,0.025,0
-3.018,14.836,0.026,0
-2.810,13.670,0.009,0
-2.505,12.504,0.011,1
-2.227,21.822,0.012,0
-1.967,20.665,1.014,0
-1.722,19.509,0.997,0
-1.497,18.333,0.981,0
-1.292,17.160,0.964,0
-1.110,15.983,0.947,0
-0.943,14.827,0.930,0
-0.797,13.648,0.914,0
-0.497,12.479,0.897,1
-0.223,21.837,0.881,0
0.106,20.699,0.864,0
0.349,19.516,0.847,0
0.572,18.351,0.831,0
0.778,17.186,0.814,0
0.961,16.009,0.797,0
1.129,14.854,0.780,0
1.274,13.670,0.764,0
1.398,12.508,0.747,0
1.505,11.355,0.731,0
1.594,10.186,0.714,0
1.661,9.011,0.697,0
1.709,7.849,0.681,0
1.801,6.686,0.664,0
1.811,5.516,0.647,0
1.802,4.348,0.630,0
1.772,3.174,0.614,0
1.723,2.017,0.598,0
1.655,0.868,0.581,0
1.568,-0.313,0.564,0
1.460,-1.484,0.547,0
1.334,-2.654,0.531,0
1.189,-3.815,0.514,0
1.022,-4.972,0.497,0
0.838,-6.156,0.481,0
0.697,-7.313,0.464,0
0.474,-8.484,0.447,0
0.229,-9.643,0.430,0
-0.034,-10.823,0.414,0
-0.315,-11.990,0.397,0
-0.012,-13.149,0.381,1
0.270,21.828,0.364,0
0.529,20.658,0.347,0
0.773,19.506,0.331,0
0.994,18.334,0.314,0
1.201,17.178,0.297,0
1.381,15.994,0.281,0
1.613,14.848,0.264,0
1.757,13.663,0.247,0
1.882,12.505,0.231,0
1.991,11.348,0.214,0
2.077,10.158,0.197,0
2.145,9.002,0.181,0
2.193,7.835,0.164,0
2.223,6.665,0.147,0
1.807,5.489,0.130,0
1.847,4.324,0.114,0
1.867,3.159,0.097,0
1.893,1.994,0.081,0
1.887,0.833,0.064,0
1.875,-0.337,0.047,0
1.817,-1.497,0.031,0
1.740,-2.665,0.014,0
1.670,-3.834,0.016,0
1.579,-4.994,0.017,0
1.444,-6.165,0.019,0
1.289,-7.329,0.020,0
1.140,-8.497,0.022,0
1.517,-9.666,0.023,1
1.848,21.830,0.025,0
2.164,20.667,0.026,0
2.466,19.484,0.009,0
2.263,18.330,0.011,0
2.471,17.171,0.012,0
2.655,15.986,0.014,0
2.816,14.817,0.016,0
2.963,13.669,0.017,0
3.087,12.496,0.019,0
3.196,11.344,1.020,0
3.283,10.155,1.003,0
3.350,8.994,0.987,0
3.398,7.829,0.970,0
3.427,6.666,0.953,0
3.499,5.500,0.937,0
3.489,4.330,0.920,0
3.460,3.159,0.903,0
3.410,1.992,0.887,0
3.342,0.824,0.870,0
3.254,-0.329,0.853,0
3.147,-1.509,0.837,0
3.021,-2.663,0.820,0
2.873,-3.829,0.803,0
2.708,-5.008,0.787,0
2.522,-6.168,0.770,0
2.319,-7.345,0.753,0
2.156,-8.499,0.737,0
1.913,-9.677,0.720,0
1.649,-10.838,0.703,0
1.366,-12.012,0.686,0
1.059,-13.183,0.669,0
0.745,-14.370,0.653,0
1.042,-15.503,0.637,1
1.327,21.847,0.620,0
1.591,20.669,0.603,0
1.832,19.496,0.587,0
2.055,18.337,0.570,0
2.259,17.174,0.553,0
2.507,16.003,0.537,0
2.671,14.836,0.520,0
2.817,13.671,0.503,0
2.943,12.501,0.487,0
3.049,11.336,0.470,0
3.138,10.174,0.453,0
3.204,8.995,0.437,0
3.044,7.841,0.386,0
2.880,1.701,0.336,0
2.774,1.444,0.286,0
2.601,1.188,0.237,0
2.423,0.933,0.187,0
2.305,0.679,0.137,0
1.794,0.419,0.086,0
1.804,0.162,0.037,0
1.809,-0.094,0.023,0
1.774,-0.351,0.009,0
1.771,-0.607,0.014,0
1.189,-0.864,0.019,0
0.977,-1.118,0.022,0
0.872,-1.380,0.024,0
0.747,-2.536,1.026,0
0.603,-3.706,1.009,0
0.502,-4.873,0.992,0
0.320,-6.043,0.976,0
0.118,-7.199,0.959,0
-0.102,-8.365,0.942,0
-0.346,-9.521,0.926,0
-0.608,-10.705,0.909,0
-0.309,-11.876,0.892,1
-0.026,21.842,0.876,0
0.234,20.670,0.859,0
0.478,19.512,0.842,0
0.702,18.340,0.826,0
0.907,17.170,0.809,0
1.153,16.001,0.792,0
1.320,14.840,0.775,0
1.463,13.662,0.759,0
1.590,12.513,0.742,0
1.698,11.341,0.725,0
1.783,10.158,0.709,0
1.851,9.010,0.692,0
1.900,7.839,0.676,0
1.929,6.671,0.659,0
1.938,5.502,0.642,0
2.054,4.341,0.626,0
2.150,3.178,0.609,0
2.164,2.012,0.592,0
2.222,0.839,0.576,0
2.260,-0.322,0.559,0
2.278,-1.490,0.542,0
2.278,-2.658,0.526,0
2.257,-3.822,0.509,0
2.218,-4.987,0.492,0
2.158,-6.155,0.476,0
2.080,-7.328,0.459,0
1.982,-8.488,0.442,0
1.864,-9.654,0.426,0
1.727,-10.824,0.409,0
1.506,-11.991,0.392,0
1.330,-13.163,0.376,0
1.136,-14.331,0.359,0
0.921,-15.493,0.342,0
0.686,-16.658,0.326,0
0.434,-17.828,0.309,0
0.160,-18.988,0.292,0
-0.131,-20.159,0.276,0
-0.444,-21.320,0.259,0
-0.778,-22.490,0.242,0
-1.127,-23.666,0.226,0
-1.498,-24.827,0.209,0
-1.134,-25.994,0.192,1
-0.726,21.834,0.176,0
-0.338,20.665,0.159,0
0.026,19.496,0.142,0
0.796,18.348,0.126,0
1.080,17.200,0.109,0
1.351,16.015,0.092,0
1.633,14.795,0.069,0
1.773,13.237,0.057,0
1.977,12.377,0.040,0
2.152,11.180,0.024,0
2.290,10.053,0.025,0
2.406,8.869,0.027,0
2.515,7.701,0.010,0
2.617,6.533,0.012,0
2.700,5.370,0.013,0
2.739,4.201,0.015,0
2.758,3.033,0.016,0
2.782,1.863,0.018,0
2.787,0.702,0.019,0
3.248,-0.460,0.021,0
3.264,-1.630,0.022,0
3.261,-2.798,0.024,0
3.239,-3.957,0.025,0
3.197,-5.122,0.027,0
3.073,-6.291,0.010,0
2.989,-7.454,0.011,0
2.890,-8.644,1.013,0
2.771,-9.798,0.996,0
2.633,-10.960,0.980,0
2.472,-12.123,0.963,0
2.297,-13.298,0.947,0
2.097,-14.453,0.930,0
1.882,-15.629,0.913,0
1.646,-16.786,0.897,0
1.387,-17.953,0.880,0
1.111,-19.129,0.863,0
0.757,-20.298,0.847,0
0.440,-21.453,0.830,0
0.108,-22.629,0.813,0
-0.246,-23.791,0.796,0
-0.619,-24.961,0.780,0
-1.010,-26.129,0.763,0
-1.428,-27.292,0.746,0
-1.851,-28.475,0.730,0
-2.293,-29.622,0.713,0
-2.727,-30.000,0.696,0
-3.169,-30.000,0.680,0
-3.601,-30.000,0.663,0
-4.105,-30.000,0.646,0
-4.546,-30.000,0.630,0
-4.125,-30.000,0.613,1
-3.713,21.851,0.596,0
-3.330,20.669,0.580,0
-2.957,19.522,0.563,0
-2.609,18.338,0.546,0
-2.282,17.177,0.530,0
-1.971,16.022,0.513,0
-1.679,14.853,0.496,0
-1.408,13.682,0.480,0
-1.154,12.515,0.463,0
-0.987,11.338,0.447,0
-0.773,10.190,0.430,0
-0.579,9.014,0.413,0
-0.146,7.844,0.396,1
0.258,21.813,0.380,0
0.645,20.654,0.363,0
1.015,19.493,0.346,0
1.361,18.318,0.330,0
1.687,17.163,0.313,0
1.999,16.015,0.297,0
2.290,14.839,0.280,0
2.563,13.670,0.263,0
2.751,12.493,0.246,0
2.982,11.332,0.230,0
3.196,10.177,0.213,0
3.389,9.000,0.197,0
3.563,7.840,0.180,0
3.717,6.671,0.163,0
3.852,5.508,0.147,0
4.393,4.346,0.130,0
4.440,3.178,0.113,0
4.466,1.994,0.096,0
4.449,0.837,0.080,0
4.411,-0.337,0.063,0
4.367,-1.506,0.046,0
4.316,-2.662,0.030,0
4.246,-3.829,0.013,0
4.131,-4.991,0.015,0
3.997,-6.161,0.016,0
3.867,-7.330,0.018,0
3.720,-8.506,0.019,0
3.524,-9.661,0.020,0
3.316,-10.845,0.022,0
3.106,-11.992,0.024,0
2.883,-13.175,0.025,0
3.111,-14.330,0.027,0
2.837,-15.499,0.010,0
2.598,-16.654,0.012,0
2.348,-17.838,0.013,0
2.076,-18.991,0.015,0
1.783,-20.154,0.016,0
1.468,-21.323,0.018,0
1.140,-22.499,1.019,0
1.568,-23.654,1.003,1
1.979,21.831,0.986,0
2.364,20.648,0.969,0
2.731,19.493,0.953,0
3.081,18.331,0.936,0
3.347,17.162,0.919,0
3.659,15.993,0.902,0
3.947,14.818,0.886,0
4.220,13.663,0.869,0
4.472,12.486,0.852,0
4.703,11.318,0.836,0
4.915,10.155,0.819,0
5.108,8.999,0.803,0
5.283,7.832,0.786,0
5.438,6.656,0.769,0
5.573,5.485,0.752,0
5.688,4.318,0.736,0
5.721,3.162,0.719,0
5.797,1.999,0.702,0
5.854,0.818,0.686,0
5.893,-0.352,0.669,0
5.910,-1.501,0.652,0
5.909,-2.683,0.636,0
5.888,-3.845,0.619,0
5.847,-5.014,0.602,0
5.787,-6.191,0.586,0
5.708,-7.360,0.569,0
5.612,-8.523,0.553,0
5.494,-9.676,0.536,0
5.293,-10.845,0.519,0
5.137,-12.015,0.503,0
4.963,-13.176,0.486,0
4.767,-14.332,0.469,0
4.546,-15.500,0.452,0
4.313,-16.690,0.436,0
4.057,-17.853,0.419,0
3.790,-19.027,0.403,0
3.501,-20.169,0.386,0
3.184,-21.326,0.369,0
2.846,-22.508,0.352,0
2.497,-23.691,0.336,0
2.068,-24.852,0.319,0
1.673,-26.006,0.302,0
1.269,-27.184,0.286,0
0.836,-28.339,0.269,0
0.398,-29.514,0.252,0
-0.037,-30.000,0.236,0
0.386,-30.000,0.219,1
0.796,21.845,0.203,0
1.181,20.669,0.186,0
1.554,19.514,0.169,0
1.901,18.331,0.153,0
2.655,17.170,0.136,0
2.906,16.007,0.119,0
3.145,14.824,0.102,0
3.364,13.663,0.086,0
3.540,12.507,0.069,0
3.698,11.345,0.053,0
3.862,10.175,0.036,0
4.005,9.007,0.019,0
4.104,7.846,0.021,0
4.184,6.677,0.022,0
4.269,5.500,0.024,0
4.335,4.346,0.025,0
4.356,3.161,0.027,0
4.370,2.006,0.010,0
4.353,0.832,0.012,0
4.340,-0.323,0.013,0
4.309,-1.508,0.015,0
4.733,-2.655,0.016,0
4.713,-3.825,0.018,0
4.674,-4.992,0.019,0
4.612,-6.155,0.021,0
4.533,-7.337,0.022,0
4.438,-8.506,0.024,0
4.319,-9.655,1.025,0
4.180,-10.831,1.008,0
3.963,-12.007,0.992,0
3.786,-13.161,0.975,0
3.592,-14.331,0.959,0
3.367,-15.492,0.941,0
3.140,-16.697,0.925,0
2.889,-17.837,0.909,0
2.615,-18.993,0.892,0
2.322,-20.162,0.875,0
2.014,-21.330,0.859,0
1.673,-22.486,0.842,0
1.329,-23.680,0.825,0
0.952,-24.825,0.808,0
0.505,-26.009,0.792,0
0.096,-27.162,0.775,0
-0.332,-28.326,0.759,0
-0.771,-29.493,0.742,0
-1.209,-30.000,0.725,0
-0.785,-30.000,0.709,1
-0.372,21.843,0.692,0
0.012,20.656,0.675,0
0.382,19.507,0.659,0
0.730,18.330,0.642,0
1.060,17.168,0.625,0
1.371,16.000,0.609,0
1.599,14.828,0.592,0
1.870,13.662,0.575,0
2.121,12.498,0.559,0
2.353,11.331,0.542,0
2.567,10.170,0.525,0
2.760,8.994,0.509,0
2.933,7.831,0.492,0
3.088,6.676,0.475,0
3.223,5.508,0.459,0
3.339,4.339,0.442,0
3.435,3.170,0.425,0
3.512,1.993,0.409,0
3.506,0.832,0.392,0
3.544,-0.338,0.375,0
3.562,-1.492,0.358,0
3.562,-2.677,0.342,0
3.540,-3.830,0.325,0
3.501,-5.014,0.309,0
3.440,-6.168,0.292,0
3.364,-7.345,0.275,0
3.266,-8.492,0.259,0
3.147,-9.655,0.242,0
3.010,-10.830,0.225,0
2.853,-11.999,0.209,0
2.617,-13.170,0.192,0
2.422,-14.323,0.175,0
2.205,-15.486,0.159,0
1.969,-16.661,0.142,0
2.142,-17.837,0.125,0
1.817,-18.994,0.109,0
1.476,-20.168,0.092,0
1.088,-21.331,0.075,0
0.683,-22.499,0.059,0
1.063,-23.661,0.042,1
1.417,21.823,0.025,0
1.730,20.668,0.027,0
2.036,19.499,0.010,0
2.309,18.330,0.012,0
2.589,17.168,0.013,0
2.850,15.999,0.015,0
3.067,14.828,0.016,0
3.260,13.655,0.018,0
3.464,12.505,0.019,0
3.646,11.324,0.021,0
4.283,10.154,0.022,0
4.477,8.993,0.024,0
4.650,7.824,0.025,0
4.805,6.667,0.027,0
4.877,5.499,0.010,0
4.993,4.337,0.012,0
5.089,3.155,0.013,0
5.165,2.004,1.015,0
5.223,0.823,0.998,0
5.261,-0.338,0.981,0
5.278,-1.500,0.964,0
5.278,-2.683,0.948,0
5.256,-3.832,0.931,0
5.218,-5.014,0.915,0
5.158,-6.163,0.898,0
5.079,-7.338,0.881,0
4.918,-8.500,0.865,0
4.800,-9.669,0.848,0
4.663,-10.834,0.831,0
4.506,-12.002,0.815,0
4.330,-13.169,0.798,0
4.137,-14.338,0.781,0
3.916,-15.493,0.764,0
3.679,-16.684,0.748,0
3.430,-17.861,0.731,0
3.156,-19.008,0.715,0
2.869,-20.177,0.698,0
2.551,-21.325,0.681,0
2.157,-22.508,0.665,0
1.807,-23.675,0.648,0
1.438,-24.838,0.631,0
1.050,-26.001,0.615,0
0.639,-27.163,0.598,0
0.207,-28.332,0.581,0
-0.231,-29.507,0.565,0
-0.663,-30.000,0.548,0
-0.236,-30.000,0.531,1
0.174,21.831,0.515,0
0.558,20.655,0.498,0
0.929,19.501,0.481,0
1.216,18.323,0.465,0
1.543,17.154,0.448,0
1.852,16.000,0.431,0
2.145,14.836,0.415,0
2.416,13.655,0.398,0
2.669,12.492,0.381,0
2.899,11.317,0.365,0
3.113,10.162,0.348,0
3.304,8.986,0.331,0
3.480,7.837,0.315,0
3.634,6.655,0.298,0
3.769,5.486,0.281,0
3.821,4.324,0.265,0
3.917,3.169,0.248,0
3.994,1.986,0.231,0
4.051,0.818,0.214,0
4.089,-0.368,0.198,0
4.107,-1.500,0.181,0
4.106,-2.669,0.165,0
4.085,-3.838,0.148,0
4.471,-5.008,0.131,0
4.361,-6.169,0.115,0
4.231,-7.337,0.098,0
4.059,-8.514,0.081,0
3.877,-9.669,0.065,0
3.667,-10.844,0.048,0
3.460,-12.000,0.031,0
3.234,-13.168,0.015,0
2.962,-14.337,0.016,0
2.673,-15.507,0.018,0
2.389,-16.670,0.019,0
2.769,-17.837,0.021,1
3.101,21.822,0.022,0
3.413,20.653,0.024,0
3.727,19.492,0.025,0
4.031,18.343,0.027,0
4.293,17.155,0.010,0
5.029,16.006,0.012,0
5.320,14.838,0.013,0
5.593,13.668,0.015,0
5.844,12.493,0.016,0
6.075,11.330,0.018,0
6.290,10.169,0.019,0
6.482,8.985,1.021,0
6.657,7.831,1.004,0
6.810,6.655,0.987,0
6.946,5.506,0.971,0
7.061,4.329,0.954,0
7.094,3.175,0.937,0
7.171,1.991,0.921,0
7.228,0.838,0.904,0
7.266,-0.333,0.887,0
7.284,-1.500,0.871,0
7.283,-2.677,0.854,0
7.262,-3.839,0.837,0
7.224,-5.007,0.821,0
7.163,-6.164,0.804,0
7.086,-7.340,0.788,0
6.986,-8.494,0.771,0
6.864,-9.670,0.754,0
6.670,-10.861,0.737,0
6.505,-11.995,0.720,0
6.265,-13.201,0.696,0
6.131,-14.918,0.687,0
5.917,-15.523,0.670,0
5.688,-16.684,0.654,0
5.434,-17.832,0.637,0
5.036,-19.000,0.621,0
4.618,-20.162,0.604,0
4.173,-21.326,0.587,0
3.722,-22.516,0.571,0
3.239,-23.664,0.554,0
2.805,-24.847,0.537,0
2.297,-26.015,0.521,0
2.597,-27.162,0.504,1
2.883,21.837,0.487,0
3.142,20.654,0.471,0
3.389,19.500,0.454,0
3.606,18.316,0.438,0
3.814,17.174,0.421,0
3.998,15.986,0.404,0
4.160,14.823,0.388,0
4.310,13.668,0.370,0
4.435,12.477,0.354,0
4.604,11.317,0.337,0
4.690,10.147,0.321,0
4.757,8.986,0.304,0
4.805,7.831,0.288,0
4.835,6.668,0.271,0
4.844,5.485,0.254,0
4.833,4.317,0.237,0
4.803,3.154,0.221,0
4.754,2.005,0.204,0
4.686,0.817,0.187,0
4.598,-0.346,0.171,0
4.490,-1.507,0.154,0
4.426,-2.676,0.137,0
3.855,-3.845,0.121,0
3.741,-5.014,0.104,0
3.604,-6.163,0.087,0
3.474,-7.345,0.071,0
3.326,-8.515,0.054,0
3.131,-9.670,0.037,0
2.919,-10.845,0.021,0
2.711,-12.008,0.022,0
2.484,-13.177,0.024,0
2.211,-14.345,0.025,0
1.920,-15.516,0.027,0
1.622,-16.683,0.010,0
1.996,-17.853,0.012,1
2.350,21.839,0.013,0
2.665,20.683,0.015,0
2.957,19.508,0.016,0
2.753,18.343,0.018,0
2.958,17.187,0.019,0
3.145,16.014,0.021,0
3.310,14.837,0.022,0
3.453,13.669,0.024,0
3.580,12.520,0.025,0
3.688,11.345,1.027,0
3.839,10.171,1.010,0
3.907,9.000,0.993,0
3.953,7.831,0.977,0
3.983,6.684,0.960,0
3.993,5.508,0.943,0
3.983,4.338,0.927,0
3.953,3.170,0.910,0
3.904,2.008,0.894,0
3.836,0.853,0.877,0
3.748,-0.315,0.860,0
3.641,-1.492,0.843,0
3.515,-2.661,0.827,0
3.431,-3.816,0.810,0
3.265,-4.999,0.793,0
3.082,-6.161,0.777,0
2.873,-7.316,0.760,0
2.652,-8.520,0.743,0
2.411,-9.661,0.727,0
2.149,-10.815,0.710,0
1.867,-11.980,0.694,0
1.563,-13.148,0.677,0
1.246,-14.324,0.660,0
1.551,-15.473,0.643,1
1.830,21.819,0.627,0
2.161,20.663,0.610,0
2.398,19.473,0.594,0
2.625,18.325,0.577,0
2.828,17.142,0.560,0
3.008,15.980,0.544,0
3.177,14.832,0.527,0
3.321,13.642,0.510,0
3.448,12.485,0.493,0
3.551,11.311,0.477,0
3.640,10.163,0.460,0
3.707,8.981,0.443,0
3.754,7.823,0.427,0
3.846,6.663,0.410,0
3.856,5.494,0.393,0
3.845,4.305,0.377,0
3.816,3.157,0.360,0
3.766,1.981,0.343,0
3.698,0.812,0.327,0
3.610,-0.342,0.310,0
3.502,-1.506,0.293,0
3.374,-2.689,0.277,0
3.228,-3.857,0.260,0
3.063,-5.019,0.244,0
2.876,-6.175,0.227,0
2.736,-7.356,0.210,0
2.513,-8.513,0.194,0
2.269,-9.673,0.177,0
2.003,-10.843,0.160,0
1.722,-12.021,0.143,0
0.993,-13.180,0.127,0
0.726,-14.356,0.110,0
0.435,-15.505,0.094,0
0.149,-16.674,0.077,0
-0.163,-17.843,0.060,0
-0.504,-19.035,0.044,0
-0.876,-20.174,0.027,0
-1.247,-21.350,0.010,0
-0.871,-22.505,0.012,1
-0.513,21.831,0.013,0
-0.201,20.661,0.015,0
0.092,19.494,0.016,0
0.390,18.324,0.018,0
0.672,17.158,0.019,0
0.903,15.979,0.021,0
1.119,14.825,0.022,0
0.840,13.654,0.024,0
0.964,12.479,0.025,0
1.072,11.324,0.027,0
1.222,10.149,0.010,0
1.288,8.977,0.012,0
1.336,7.830,0.013,0
1.365,6.663,0.015,0
1.375,5.487,1.016,0
1.364,4.317,1.000,0
1.334,3.162,0.983,0
1.285,1.979,0.966,0
1.217,0.831,0.950,0
1.128,-0.337,0.933,0
1.021,-1.516,0.916,0
0.894,-2.675,0.899,0
0.812,-3.845,0.883,0
0.644,-5.000,0.866,0
0.459,-6.183,0.849,0
0.255,-7.345,0.833,0
0.032,-8.507,0.816,0
-0.212,-9.669,0.800,0
-0.474,-10.837,0.783,0
-0.757,-12.000,0.766,0
-1.061,-13.169,0.749,0
-1.386,-14.346,0.733,0
-1.724,-15.528,0.716,0
-2.083,-16.683,0.699,0
-1.721,-17.845,0.683,1
-1.437,21.839,0.666,0
-1.176,20.663,0.649,0
-0.934,19.501,0.633,0
-0.712,18.338,0.616,0
-0.507,17.177,0.600,0
-0.323,16.007,0.583,0
-0.156,14.839,0.566,0
-0.011,13.663,0.549,0
0.114,12.501,0.533,0
0.220,11.338,0.516,0
0.309,10.179,0.499,0
0.440,9.000,0.483,0
0.487,7.824,0.466,0
0.516,6.669,0.449,0
0.526,5.501,0.433,0
0.516,4.334,0.416,0
0.486,3.168,0.399,0
0.437,1.978,0.383,0
0.369,0.831,0.366,0
0.281,-0.331,0.349,0
0.174,-1.506,0.333,0
0.047,-2.654,0.316,0
-0.100,-3.831,0.299,0
-0.202,-5.009,0.283,0
-0.387,-6.161,0.266,0
-0.590,-7.330,0.250,0
-0.814,-8.486,0.233,0
-1.060,-9.655,0.216,0
-1.321,-10.838,0.200,0
-1.019,-11.993,0.183,1
-0.737,21.832,0.166,0
-0.471,20.663,0.149,0
-0.654,19.479,0.133,0
-0.384,18.317,0.116,0
-0.132,17.163,0.100,0
0.119,16.001,0.083,0
0.356,14.818,0.066,0
0.577,13.663,0.049,0
0.758,12.494,0.032,0
0.909,11.297,0.016,0
1.071,10.163,0.018,0
1.213,9.002,0.019,0
1.312,7.840,0.021,0
1.391,6.663,0.022,0
1.476,5.502,0.024,0
1.540,4.325,0.025,0
1.561,3.170,0.027,0
1.574,1.995,0.010,0
1.556,0.832,0.012,0
1.043,-0.329,0.013,0
0.936,-1.499,0.015,0
0.808,-2.668,0.016,0
0.663,-3.845,0.018,0
0.497,-4.998,0.019,0
0.312,-6.167,0.021,0
0.107,-7.337,1.022,0
-0.115,-8.506,1.006,0
-0.359,-9.661,0.989,0
-0.058,-10.831,0.972,1
0.285,21.832,0.956,0
0.550,20.671,0.939,0
0.791,19.493,0.922,0
1.014,18.333,0.906,0
1.221,17.170,0.889,0
1.404,15.988,0.872,0
1.567,14.824,0.856,0
1.715,13.670,0.839,0
1.840,12.488,0.822,0
1.946,11.326,0.806,0
2.034,10.163,0.789,0
2.102,8.988,0.772,0
2.212,7.819,0.756,0
2.242,6.664,0.739,0
2.250,5.480,0.722,0
2.240,4.318,0.705,0
2.210,3.142,0.689,0
2.161,2.001,0.672,0
2.092,0.833,0.655,0
2.004,-0.344,0.639,0
1.897,-1.513,0.622,0
1.770,-2.683,0.605,0
1.624,-3.845,0.589,0
1.922,-5.006,0.572,1
2.273,21.845,0.555,0
2.530,20.656,0.539,0
2.777,19.507,0.522,0
2.997,18.323,0.506,0
3.200,17.170,0.489,0
3.387,16.007,0.472,0
3.551,14.825,0.455,0
3.700,13.663,0.439,0
3.822,12.479,0.422,0
3.928,11.337,0.406,0
4.017,10.176,0.389,0
4.082,8.994,0.372,0
4.196,7.852,0.355,0
4.224,6.656,0.339,0
4.054,5.498,0.289,0
3.879,1.116,0.239,0
3.701,0.864,0.189,0
3.581,0.603,0.139,0
3.069,0.346,0.089,0
3.078,0.090,0.039,0
3.082,-0.165,0.025,0
3.045,-0.424,0.012,0
3.041,-0.678,0.016,0
2.457,-0.936,0.021,0
2.245,-1.192,0.025,0
2.091,-1.448,1.012,0
1.869,-1.703,0.962,0
1.754,-1.962,0.945,0
1.620,-3.138,0.928,0
1.467,-4.291,0.912,0
1.294,-5.449,0.895,0
1.099,-6.617,0.878,0
0.888,-7.799,0.862,0
0.656,-8.962,0.845,0
1.016,-10.130,0.828,1
1.298,21.844,0.812,0
1.563,20.676,0.795,0
1.807,19.500,0.778,0
2.029,18.331,0.762,0
2.231,17.169,0.745,0
2.418,16.007,0.728,0
2.581,14.830,0.712,0
2.726,13.677,0.695,0
2.852,12.514,0.678,0
2.959,11.346,0.662,0
3.047,10.174,0.645,0
3.177,9.001,0.628,0
3.225,7.845,0.612,0
3.255,6.682,0.595,0
3.264,5.500,0.578,0
3.254,4.337,0.562,0
3.225,3.177,0.545,0
3.176,2.013,0.528,0
3.108,0.838,0.512,0
3.020,-0.333,0.495,0
2.911,-1.486,0.478,0
2.785,-2.692,0.461,0
2.639,-3.838,0.445,0
2.538,-5.008,0.428,0
2.352,-6.157,0.412,0
2.145,-7.332,0.395,0
1.922,-8.515,0.378,0
1.677,-9.672,0.361,0
1.417,-10.848,0.345,0
1.135,-12.000,0.328,0
0.833,-13.162,0.312,0
0.510,-14.330,0.295,0
0.170,-15.507,0.278,0
-0.188,-16.669,0.262,0
-0.569,-17.831,0.245,0
-0.206,-19.000,0.228,1
0.074,21.837,0.212,0
0.339,20.675,0.195,0
0.582,19.500,0.178,0
0.801,18.331,0.162,0
1.014,17.182,0.144,0
0.767,15.974,0.128,0
0.981,14.838,0.112,0
1.178,13.676,0.095,0
1.380,12.501,0.078,0
1.560,11.332,0.062,0
1.697,10.177,0.045,0
1.828,9.007,0.028,0
1.926,7.845,0.012,0
2.029,6.677,0.013,0
2.114,5.521,0.015,0
2.155,4.346,0.016,0
2.175,3.175,0.018,0
2.201,2.008,0.019,0
2.208,0.834,0.021,0
2.170,-0.330,0.022,0
2.113,-1.500,0.024,0
1.562,-2.661,0.025,0
1.415,-3.823,0.027,0
1.313,-5.001,0.010,0
1.129,-6.155,0.012,0
0.922,-7.318,0.013,0
0.698,-8.507,0.015,0
0.457,-9.670,0.016,0
0.195,-10.825,1.018,0
-0.086,-11.987,1.001,0
-0.391,-13.148,0.984,0
-0.715,-14.331,0.967,0
-0.419,-15.507,0.951,1
-0.132,21.851,0.934,0
0.128,20.668,0.918,0
0.437,19.508,0.901,0
0.658,18.329,0.884,0
0.860,17.170,0.868,0
1.043,16.014,0.851,0
1.212,14.853,0.834,0
1.351,13.669,0.818,0
1.477,12.542,0.801,0
1.592,11.378,0.784,0
1.690,10.155,0.766,0
1.745,8.886,0.751,0
1.793,7.832,0.734,0
1.822,6.663,0.717,0
1.894,5.493,0.701,0
1.884,4.332,0.684,0
1.854,3.170,0.668,0
1.806,2.008,0.651,0
1.737,0.838,0.634,0
1.775,-0.330,0.617,0
1.794,-1.506,0.601,0
1.793,-2.662,0.584,0
1.773,-3.823,0.568,0
1.732,-4.992,0.551,0
1.672,-6.168,0.534,0
1.592,-7.339,0.517,0
1.432,-8.514,0.501,0
1.317,-9.669,0.484,0
1.179,-10.824,0.468,0
1.021,-11.993,0.451,0
0.846,-13.168,0.434,0
0.648,-14.331,0.417,0
0.436,-15.506,0.401,0
0.203,-16.662,0.384,0
-0.055,-17.824,0.367,0
-0.323,-19.006,0.351,0
-0.623,-20.156,0.334,0
-0.934,-21.346,0.317,0
-1.320,-22.507,0.301,0
-1.673,-23.649,0.284,0
-2.045,-24.824,0.268,0
-1.618,-25.993,0.251,1
-1.208,21.832,0.234,0
-0.820,20.656,0.217,0
-0.454,19.487,0.201,0
-0.106,18.331,0.184,0
0.227,17.170,0.167,0
0.536,15.987,0.151,0
1.249,14.824,0.134,0
1.472,13.668,0.117,0
1.662,12.494,0.101,0
1.841,11.317,0.084,0
1.981,10.176,0.067,0
2.100,8.987,0.051,0
2.223,7.816,0.034,0
2.328,6.663,0.017,0
2.387,5.479,0.019,0
2.428,4.325,0.021,0
2.474,3.163,0.022,0
2.500,1.995,0.023,0
2.483,0.817,0.025,0
2.446,-0.331,0.027,0
2.401,-1.500,0.010,0
2.350,-2.675,0.011,0
2.279,-3.837,0.013,0
2.665,-5.013,0.015,0
2.606,-6.167,0.016,0
2.526,-7.330,0.017,0
2.428,-8.506,0.019,0
2.309,-9.668,0.020,0
2.173,-10.845,0.022,0
2.014,-12.000,1.023,0
1.840,-13.183,1.007,0
1.642,-14.339,0.990,0
2.005,-15.514,0.973,1
2.409,21.837,0.957,0
2.797,20.683,0.940,0
3.166,19.515,0.924,0
3.515,18.346,0.907,0
3.848,17.183,0.890,0
4.154,16.001,0.874,0
4.446,14.853,0.857,0
4.719,13.683,0.840,0
4.970,12.508,0.824,0
5.204,11.345,0.807,0
5.417,10.170,0.790,0
5.547,9.000,0.774,0
5.720,7.839,0.757,0
5.875,6.684,0.740,0
6.011,5.508,0.724,0
6.126,4.339,0.707,0
6.223,3.177,0.690,0
6.300,2.015,0.674,0
6.357,0.846,0.657,0
6.395,-0.330,0.640,0
6.413,-1.488,0.624,0
6.412,-2.662,0.607,0
6.392,-3.830,0.590,0
6.290,-4.992,0.574,0
6.230,-6.155,0.557,0
6.150,-7.331,0.540,0
6.055,-8.507,0.524,0
5.934,-9.648,0.507,0
5.798,-10.840,0.490,0
5.643,-12.000,0.474,0
5.468,-13.155,0.457,0
5.268,-14.318,0.440,0
5.058,-15.507,0.424,0
4.823,-16.655,0.407,0
4.572,-17.824,0.390,0
4.234,-18.980,0.374,0
3.942,-20.155,0.357,0
3.618,-21.318,0.340,0
3.303,-22.520,0.324,0
2.949,-23.642,0.307,0
2.581,-24.816,0.290,0
2.184,-25.979,0.274,0
1.777,-27.162,0.257,0
1.350,-28.323,0.240,0
0.910,-29.486,0.224,0
0.471,-30.000,0.207,0
0.036,-30.000,0.190,0
-0.468,-30.000,0.173,0
-0.903,-30.000,0.157,0
-0.481,-30.000,0.140,1
0.352,21.851,0.124,0
0.691,20.682,0.107,0
1.010,19.512,0.090,0
1.286,18.344,0.074,0
1.537,17.168,0.057,0
1.800,16.019,0.040,0
2.039,14.838,0.024,0
2.238,13.683,0.025,0
2.413,12.500,0.027,0
2.584,11.345,0.010,0
2.746,10.168,0.011,0
2.890,9.007,0.013,0
2.988,7.838,0.015,0
3.069,6.680,0.016,0
3.154,5.500,0.017,0
3.219,4.338,0.019,0
3.741,3.169,0.020,0
3.817,1.999,0.022,0
3.875,0.838,0.024,0
3.913,-0.318,0.025,0
3.931,-1.493,0.026,0
3.868,-2.669,0.010,0
3.848,-3.825,0.012,0
3.808,-4.987,1.013,0
3.748,-6.155,0.996,0
3.671,-7.331,0.980,0
3.572,-8.480,0.963,0
3.455,-9.654,0.946,0
3.317,-10.818,0.930,0
3.160,-11.993,0.913,0
2.983,-13.163,0.896,0
2.785,-14.331,0.879,0
2.575,-15.508,0.863,0
2.280,-16.655,0.846,0
2.025,-17.816,0.830,0
1.753,-18.986,0.813,0
1.456,-20.149,0.796,0
1.148,-21.331,0.780,0
0.818,-22.486,0.763,0
0.461,-23.649,0.746,0
0.092,-24.832,0.730,0
-0.301,-25.994,0.713,0
-0.701,-27.169,0.696,0
-1.141,-28.314,0.679,0
-1.565,-29.508,0.663,0
-2.072,-30.000,0.646,0
-2.512,-30.000,0.630,0
-2.948,-30.000,0.613,0
-3.385,-30.000,0.596,0
-2.958,-30.000,0.580,1
-2.556,21.830,0.563,0
-2.165,20.682,0.546,0
-1.796,19.507,0.530,0
-1.447,18.338,0.513,0
-1.118,17.169,0.496,0
-0.806,16.006,0.480,0
-0.515,14.830,0.463,0
-0.308,13.662,0.446,0
-0.054,12.500,0.429,0
0.176,11.321,0.413,0
0.389,10.169,0.396,0
0.583,9.000,0.380,0
0.757,7.830,0.363,0
0.911,6.662,0.346,0
1.046,5.500,0.330,0
1.162,4.351,0.313,0
1.258,3.176,0.296,0
1.335,1.991,0.280,0
1.392,0.845,0.263,0
1.367,-0.324,0.246,0
1.386,-1.493,0.230,0
1.385,-2.656,0.213,0
1.364,-3.824,0.196,0
1.325,-5.000,0.180,0
1.267,-6.162,0.163,0
1.188,-7.319,0.146,0
1.513,-8.487,0.130,0
1.345,-9.662,0.113,0
1.159,-10.833,0.096,0
0.927,-11.993,0.080,0
0.677,-13.162,0.063,0
1.044,-14.325,0.046,1
1.398,21.824,0.030,0
1.742,20.669,0.013,0
2.028,19.479,0.015,0
2.305,18.338,0.016,0
2.586,17.160,0.017,0
2.841,15.986,0.019,0
3.061,14.845,0.020,0
3.254,13.655,0.022,0
3.457,12.507,0.024,0
3.639,11.332,0.025,0
4.277,10.169,0.027,0
4.408,9.000,0.010,0
4.582,7.824,0.011,0
4.736,6.655,0.013,0
4.736,5.500,0.013,0
4.871,5.500,0.015,0
4.986,4.344,0.016,0
5.412,3.175,0.018,1
5.820,21.838,0.601,0
6.212,20.669,0.584,0
6.581,19.486,0.567,0
6.927,18.318,0.551,0
7.258,17.162,0.534,0
7.566,15.987,0.518,0
7.794,14.831,0.501,0
8.064,13.663,0.484,0
8.317,12.500,0.468,0
8.548,11.325,0.451,0
8.761,10.170,0.434,0
8.954,9.001,0.418,0
9.129,7.838,0.401,0
9.283,6.662,0.384,0
9.418,5.500,0.368,0
9.534,4.338,0.351,0
9.630,3.155,0.334,0
9.707,1.979,0.318,0
9.701,0.838,0.301,0
9.739,-0.338,0.284,0
9.757,-1.513,0.268,0
9.755,-2.675,0.251,0
9.735,-3.852,0.234,0
9.696,-5.006,0.218,0
9.637,-6.168,0.201,0
9.558,-7.330,0.184,0
9.458,-8.500,0.168,0
9.341,-9.675,0.151,0
1.455,-10.837,0.134,0
1.272,-11.999,0.118,0
1.032,-13.171,0.101,0
0.811,-14.344,0.084,0
-0.202,-15.514,0.068,0
-0.463,-16.668,0.051,0
-0.061,-17.844,0.034,1
0.320,21.830,0.018,0
0.657,20.669,0.019,0
0.999,19.507,0.021,0
1.325,18.345,0.022,0
1.129,17.169,0.024,0
1.415,16.006,0.025,0
1.681,14.837,0.027,0
1.888,13.669,0.010,0
2.090,12.507,0.012,0
2.297,11.345,0.013,0
2.485,10.176,0.015,0
2.654,9.013,0.016,0
2.779,7.845,0.017,0
2.757,6.662,0.019,0
2.843,5.514,0.021,0
2.934,4.345,0.022,0
3.005,3.176,0.024,0
3.057,2.005,0.025,0
3.064,0.838,0.027,0
3.039,-0.326,0.010,0
3.032,-1.494,0.011,0
3.007,-2.671,0.013,0
2.962,-3.824,0.015,0
2.873,-4.988,0.016,0
2.789,-6.149,0.018,0
2.683,-7.320,0.019,0
2.558,-8.500,0.020,0
2.394,-9.677,0.022,0
2.231,-10.824,0.024,0
2.049,-11.993,0.025,0
1.849,-13.163,0.027,0
1.587,-14.325,0.010,0
1.325,-15.508,0.012,0
1.067,-16.663,0.013,0
0.783,-17.825,0.014,0
1.204,-19.009,0.015,1
1.534,21.769,0.018,0
1.913,20.695,0.019,0
2.329,19.471,0.016,0
2.596,17.998,0.020,0
3.051,17.058,0.022,0
3.310,15.880,0.023,0
3.571,14.710,0.025,0
3.819,13.558,0.026,0
4.004,12.368,0.010,0
4.207,11.213,0.011,0
4.370,10.065,0.013,0
4.536,8.881,0.014,0
4.683,7.719,0.016,0
5.285,6.549,0.018,0
5.394,5.402,0.019,0
5.483,4.213,0.020,0
5.527,3.053,0.022,0
5.577,1.883,0.023,0
5.607,0.714,0.025,0
5.618,-0.449,0.026,0
5.572,-1.610,0.010,0
7.994,-2.779,0.011,0
7.946,-3.949,0.013,0
7.855,-5.117,0.014,0
15.719,-6.282,0.016,0
15.639,-7.441,0.017,0
15.537,-8.604,0.019,0
15.418,-9.786,0.020,0
15.281,-10.949,0.022,0
15.121,-12.103,0.023,0
14.944,-13.280,0.189,0
14.746,-14.442,0.172,0
14.466,-15.611,0.155,0
14.229,-16.779,0.139,0
6.222,-17.948,0.122,0
5.926,-19.118,0.105,0
5.607,-20.272,0.089,0
4.491,-21.436,0.072,0
4.131,-22.611,0.055,0
3.753,-23.781,0.039,0
3.357,-24.949,0.022,0
2.917,-26.110,0.023,0
2.480,-27.273,0.025,0
2.026,-28.441,0.027,0
1.520,-29.605,0.010,0
0.566,-30.000,0.011,0
0.101,-30.000,0.013,0
0.505,-30.000,0.014,1
0.864,21.826,0.016,0
1.220,20.652,0.018,0
1.567,19.510,0.019,0
1.889,18.328,0.021,0
2.169,17.172,0.022,0
2.304,16.003,0.024,0
2.547,14.835,0.025,0
2.791,13.659,0.027,0
2.982,12.502,0.010,0
3.188,11.322,0.011,0
3.375,10.164,0.013,0
3.519,9.003,0.014,0
3.667,7.834,0.016,0
3.798,6.673,0.017,0
3.908,5.490,0.019,0
3.973,4.327,0.020,0
4.044,3.160,0.022,0
4.096,2.010,0.023,0
4.128,0.822,0.025,0
4.116,-0.348,0.027,0
4.071,-1.495,0.010,0
4.045,-2.672,0.011,0
3.999,-3.841,0.013,0
3.934,-5.011,0.014,0
3.825,-6.179,0.016,0
3.722,-7.341,0.017,0
3.599,-8.504,0.019,0
3.456,-9.666,0.020,0
3.268,-10.835,0.022,0
3.088,-12.003,0.023,0
2.886,-13.165,0.025,0
2.667,-14.334,0.027,0
2.387,-15.496,0.010,0
2.279,-16.672,0.011,0
2.659,-17.833,0.013,1
3.041,21.823,0.014,0
3.401,20.655,0.016,0
3.745,19.499,0.017,0
4.043,18.330,0.019,0
4.347,17.168,0.020,0
4.630,16.000,0.022,0
5.375,14.844,0.023,0
5.619,13.654,0.025,0
5.848,12.500,0.026,0
6.015,11.324,0.010,0
6.105,10.175,0.011,0
6.086,0.000,0.013,0
6.066,0.000,0.014,0
6.045,0.000,0.016,0
8.476,0.000,0.017,0
8.457,0.000,0.019,0
8.412,0.000,0.020,0
16.343,0.000,0.022,0
16.347,0.000,0.023,0
16.353,0.000,0.025,0
16.358,0.000,0.026,0
16.301,0.000,0.010,0
16.305,0.000,0.011,0
16.185,0.000,0.013,0
16.064,0.000,0.596,0
15.944,0.000,0.580,0
15.823,0.000,0.563,0
15.703,0.000,0.546,0
15.583,0.000,0.529,0
15.462,0.000,0.513,0
15.380,0.000,0.496,0
15.278,-1.142,0.480,0
15.157,-2.326,0.463,0
15.079,-3.493,0.446,0
14.920,-4.669,0.430,0
14.740,-5.816,0.413,0
14.541,-6.993,0.396,0
14.323,-8.162,0.380,0
14.085,-9.325,0.363,0
13.828,-10.493,0.346,0
13.546,-11.662,0.329,0
13.254,-12.853,0.313,0
12.938,-14.000,0.296,0
12.605,-15.169,0.280,0
12.254,-16.324,0.263,0
11.940,-17.479,0.246,0
11.545,-18.656,0.229,0
11.131,-19.830,0.213,0
10.701,-21.000,0.196,0
10.252,-22.161,0.180,0
9.776,-23.319,0.163,0
9.283,-24.500,0.146,0
-0.424,-25.671,0.129,0
7.874,-26.830,0.113,0
7.374,-27.993,0.096,0
6.882,-29.162,0.079,0
6.408,-30.000,0.063,0
5.904,-30.000,0.046,0
5.381,-30.000,0.029,0
4.873,-30.000,0.013,0
4.390,-30.000,0.015,0
3.894,-30.000,0.016,0
3.390,-30.000,0.018,0
2.876,-30.000,0.019,0
2.382,-30.000,0.020,0
1.893,-30.000,0.022,0
1.388,-30.000,0.024,0
1.754,-30.000,0.024,1
1.597,21.783,0.027,0
1.926,20.662,0.010,0
2.168,19.479,0.011,0
2.393,18.316,0.013,0
2.595,17.141,0.014,0
2.775,15.979,0.016,0
2.943,14.831,0.017,0
3.089,13.649,1.019,0
3.215,12.479,1.002,0
3.319,11.310,0.986,0
3.407,10.161,0.969,0
3.474,8.986,0.952,0
3.521,7.817,0.936,0
3.614,6.668,0.919,0
3.623,5.486,0.902,0
3.613,4.317,0.885,0
3.582,3.148,0.869,0
3.533,1.999,0.852,0
3.465,0.817,0.836,0
3.377,-0.338,0.819,0
3.269,-1.514,0.802,0
3.143,-2.677,0.786,0
2.996,-3.838,0.769,0
2.831,-5.007,0.752,0
2.644,-6.170,0.735,0
2.504,-7.353,0.719,0
2.280,-8.507,0.702,0
2.035,-9.668,0.686,0
1.774,-10.846,0.669,0
1.490,-12.001,0.652,0
1.186,-13.177,0.635,0
0.864,-14.351,0.619,0
0.528,-15.521,0.602,0
0.834,-16.669,0.585,1
1.114,21.816,0.569,0
1.373,20.656,0.552,0
1.618,19.500,0.536,0
1.901,18.324,0.519,0
2.111,17.168,0.502,0
2.293,15.975,0.485,0
2.454,14.816,0.469,0
2.602,13.669,0.452,0
2.727,12.486,0.436,0
2.833,11.324,0.419,0
2.921,10.162,0.402,0
2.988,8.992,0.386,0
3.037,7.831,0.369,0
3.065,6.655,0.352,0
3.074,5.494,0.336,0
3.127,4.332,0.319,0
3.097,3.169,0.302,0
3.048,1.993,0.286,0
2.980,0.837,0.269,0
2.892,-0.344,0.252,0
2.784,-1.498,0.236,0
2.658,-2.669,0.219,0
2.510,-3.832,0.202,0
2.344,-5.021,0.185,0
2.159,-6.184,0.169,0
1.954,-7.352,0.152,0
1.307,-8.515,0.136,0
1.126,-9.669,0.119,0
0.914,-10.837,0.102,0
0.680,-12.001,0.086,0
0.452,-13.176,0.069,0
0.200,-14.346,0.052,0
-0.084,-15.538,0.036,0
-0.391,-16.677,0.019,0
-0.011,-17.831,0.020,1
0.346,21.817,0.022,0
0.657,20.648,0.023,0
0.948,19.486,0.025,0
1.247,18.325,0.026,0
1.512,17.155,0.010,0
1.774,15.994,0.011,0
1.987,14.817,0.013,0
2.184,13.655,0.014,0
1.885,12.477,0.016,0
1.992,11.310,0.017,0
2.076,10.141,0.019,0
2.144,8.994,0.020,0
2.193,7.825,0.022,0
2.221,6.648,0.023,0
2.230,5.487,1.025,0
2.220,4.317,1.008,0
2.253,3.149,0.992,0
2.204,1.994,0.975,0
2.135,0.824,0.958,0
2.047,-0.352,0.942,0
1.940,-1.507,0.925,0
1.813,-2.675,0.908,0
1.666,-3.844,0.892,0
1.501,-5.020,0.875,0
1.313,-6.176,0.858,0
1.111,-7.360,0.842,0
0.887,-8.506,0.825,0
0.643,-9.677,0.808,0
1.005,-10.844,0.792,1
1.290,21.838,0.775,0
1.549,20.662,0.758,0
1.796,19.507,0.741,0
2.018,18.323,0.725,0
2.224,17.162,0.708,0
2.407,15.984,0.691,0
2.571,14.823,0.675,0
2.716,13.661,0.658,0
2.841,12.492,0.642,0
2.947,11.331,0.625,0
3.035,10.169,0.608,0
3.165,9.000,0.592,0
3.214,7.837,0.575,0
3.243,6.661,0.558,0
3.252,5.493,0.541,0
3.241,4.323,0.525,0
3.212,3.176,0.508,0
3.163,2.007,0.492,0
3.095,0.838,0.475,0
3.007,-0.324,0.458,0
2.899,-1.495,0.442,0
2.773,-2.672,0.425,0
2.626,-3.826,0.408,0
2.523,-5.008,0.391,0
2.340,-6.177,0.375,0
2.134,-7.324,0.358,0
1.909,-8.502,0.341,0
1.668,-9.677,0.325,0
1.406,-10.828,0.308,0
1.121,-11.988,0.292,0
0.820,-13.170,0.275,0
0.500,-14.333,0.258,0
0.158,-15.493,0.242,0
-0.203,-16.669,0.225,0
-0.580,-17.838,0.208,0
-0.211,-18.994,0.191,1
0.067,21.818,0.175,0
0.330,20.664,0.158,0
0.571,19.493,0.142,0
0.373,18.330,0.125,0
0.624,17.149,0.108,0
0.858,15.993,0.092,0
1.099,14.829,0.075,0
1.316,13.655,0.058,0
1.496,12.506,0.041,0
1.650,11.318,0.025,0
1.814,10.162,0.026,0
1.943,8.987,0.010,0
2.067,7.831,0.011,0
2.145,6.657,0.013,0
2.204,5.488,0.014,0
2.269,4.332,0.016,0
2.315,3.156,0.017,0
2.315,1.994,0.019,0
2.297,0.825,0.021,0
1.784,-0.330,0.022,0
1.677,-1.506,0.024,0
1.550,-2.663,0.025,0
1.405,-3.830,0.027,0
1.301,-4.993,0.010,0
1.116,-6.168,0.011,0
0.912,-7.338,0.013,0
0.687,-8.498,1.014,0
0.442,-9.668,0.998,0
0.179,-10.844,0.981,0
-0.097,-12.013,0.965,0
0.208,-13.150,0.948,1
0.492,21.819,0.931,0
0.754,20.644,0.914,0
0.992,19.475,0.898,0
1.220,18.326,0.881,0
1.482,17.136,0.865,0
1.668,15.988,0.848,0
1.832,14.812,0.831,0
1.978,13.649,0.814,0
2.105,12.481,0.798,0
2.210,11.305,0.781,0
2.298,10.144,0.764,0
2.366,8.967,0.748,0
2.412,7.798,0.731,0
2.443,6.643,0.714,0
2.449,5.445,0.698,0
2.439,4.319,0.681,0
2.472,3.157,0.664,0
2.423,1.981,0.648,0
2.354,0.819,0.631,0
2.265,-0.336,0.614,0
2.159,-1.532,0.598,0
2.030,-2.681,0.581,0
1.885,-3.865,0.564,0
1.717,-5.019,0.548,0
1.533,-6.202,0.531,0
1.327,-7.358,0.514,0
1.104,-8.533,0.498,0
0.861,-9.688,0.481,0
0.662,-10.851,0.465,0
0.379,-12.012,0.448,0
0.076,-13.180,0.431,0
-0.246,-14.349,0.414,0
-0.586,-15.520,0.398,0
-0.280,-16.681,0.381,1
0.000,21.818,0.364,0
0.261,20.655,0.348,0
0.504,19.493,0.331,0
0.725,18.324,0.315,0
0.932,17.169,0.298,0
1.114,15.985,0.281,0
1.344,14.830,0.264,0
1.489,13.648,0.248,0
1.612,12.487,0.231,0
1.719,11.337,0.214,0
1.808,10.168,0.198,0
1.876,8.986,0.181,0
1.922,7.810,0.165,0
1.952,6.669,0.147,0
1.536,5.478,0.131,0
1.575,4.310,0.114,0
1.596,3.166,0.098,0
1.610,2.000,0.082,0
1.615,0.883,0.064,0
1.602,-0.382,0.048,0
1.544,-1.518,0.031,0
1.423,-2.699,0.022,0
1.377,-4.554,0.013,0
1.282,-5.175,0.015,0
1.146,-6.352,0.017,0
0.990,-7.499,0.018,0
0.839,-8.661,0.020,0
0.666,-9.823,0.021,0
0.450,-11.000,0.023,0
0.802,-12.168,0.024,1
0.661,21.831,0.026,0
0.981,20.655,0.009,0
1.223,19.508,0.011,0
1.446,18.344,0.012,0
1.654,17.177,0.013,0
1.836,15.994,0.015,0
2.000,14.838,0.017,0
2.146,13.677,1.018,0
2.274,12.508,1.001,0
2.378,11.331,0.985,0
2.467,10.177,0.968,0
2.535,8.999,0.951,0
2.583,7.832,0.935,0
2.674,6.670,0.918,0
2.684,5.507,0.901,0
2.674,4.325,0.885,0
2.644,3.177,0.868,0
2.595,2.008,0.851,0
2.527,0.832,0.835,0
2.439,-0.329,0.818,0
2.332,-1.492,0.801,0
2.205,-2.668,0.785,0
2.059,-3.831,0.768,0
1.892,-4.999,0.751,0
1.708,-6.176,0.735,0
1.503,-7.338,0.718,0
1.341,-8.505,0.701,0
1.099,-9.676,0.685,0
0.835,-10.831,0.668,0
0.554,-12.006,0.651,0
0.254,-13.169,0.635,0
-0.067,-14.323,0.618,0
-0.408,-15.492,0.602,0
-0.771,-16.661,0.585,0
-1.147,-17.838,0.568,0
-1.546,-18.992,0.552,0
-1.243,-20.161,0.535,1
-0.903,21.824,0.518,0
-0.635,20.675,0.501,0
-0.394,19.486,0.485,0
-0.176,18.324,0.468,0
0.033,17.182,0.451,0
0.217,15.992,0.435,0
0.380,14.824,0.418,0
0.526,13.669,0.402,0
0.653,12.500,0.385,0
0.760,11.324,0.368,0
0.845,10.154,0.352,0
0.914,9.000,0.335,0
0.962,7.830,0.318,0
1.053,6.655,0.302,0
1.063,5.500,0.285,0
1.053,4.330,0.268,0
1.023,3.155,0.251,0
0.974,1.993,0.235,0
0.905,0.838,0.218,0
0.817,-0.346,0.201,0
0.711,-1.514,0.185,0
0.583,-2.662,0.168,0
0.436,-3.845,0.151,0
-0.154,-5.013,0.135,0
-0.290,-6.176,0.118,0
-0.430,-7.345,0.102,0
-0.605,-8.500,0.085,0
-0.772,-9.676,0.068,0
-0.391,-10.831,0.051,1
-0.063,21.817,0.035,0
0.249,20.662,0.018,0
0.569,19.493,0.020,0
0.863,18.317,0.021,0
1.118,17.169,0.023,0
1.354,15.999,0.024,0
1.591,14.824,0.026,0
1.814,13.669,0.027,0
2.003,12.486,0.010,0
2.157,11.317,0.012,0
2.295,10.169,0.014,0
1.938,8.999,0.015,0
1.987,7.832,0.017,0
2.015,6.655,0.018,0
2.024,5.486,0.020,0
2.014,4.324,0.021,0
1.984,3.169,0.023,0
1.935,1.993,1.024,0
1.867,0.817,1.007,0
1.779,-0.345,0.991,0
1.734,-1.514,0.974,0
1.608,-2.670,0.958,0
1.462,-3.832,0.941,0
1.296,-5.001,0.924,0
1.109,-6.168,0.907,0
0.907,-7.352,0.891,0
0.681,-8.494,0.874,0
0.437,-9.677,0.857,0
0.176,-10.846,0.841,0
-0.110,-12.001,0.824,0
-0.415,-13.184,0.807,0
-0.666,-14.367,0.791,0
-1.012,-15.500,0.774,0
-1.366,-16.687,0.758,0
-1.748,-17.831,0.741,0
-2.153,-19.007,0.724,0
-2.565,-20.190,0.708,0
-3.002,-21.337,0.691,0
-2.694,-22.501,0.674,1
-2.418,21.811,0.658,0
-2.154,20.661,0.641,0
-1.790,19.487,0.624,0
-1.432,18.338,0.607,0
-1.173,17.134,0.591,0
-0.860,16.001,0.574,0
-0.571,14.818,0.557,0
-0.301,13.656,0.541,0
-0.047,12.501,0.524,0
0.183,11.318,0.508,0
0.396,10.163,0.491,0
0.590,8.994,0.474,0
0.763,7.825,0.458,0
0.918,6.670,0.441,0
1.053,5.487,0.424,0
1.168,4.323,0.408,0
1.202,3.170,0.391,0
1.278,2.001,0.374,0
1.336,0.825,0.358,0
1.373,-0.336,0.341,0
1.391,-1.513,0.324,0
1.390,-2.675,0.307,0
1.371,-3.844,0.291,0
1.330,-4.999,0.274,0
1.270,-6.175,0.257,0
1.191,-7.344,0.241,0
1.093,-8.506,0.224,0
0.974,-9.676,0.207,0
0.777,-10.848,0.191,0
0.620,-11.999,0.174,0
0.443,-13.167,0.158,0
0.247,-14.338,0.141,0
0.456,-15.507,0.124,0
0.830,-16.675,0.108,1
1.190,21.842,0.091,0
1.505,20.669,0.074,0
1.794,19.493,0.058,0
2.096,18.345,0.041,0
2.375,17.162,0.024,0
2.608,16.000,0.026,0
2.827,14.844,0.027,0
3.035,13.661,0.010,0
3.238,12.493,0.012,0
3.418,11.316,0.014,0
3.556,10.170,0.015,0
3.674,9.001,0.017,0
3.798,7.839,0.018,0
3.903,6.668,0.020,0
4.463,5.494,0.021,0
4.579,4.331,0.023,0
4.675,3.162,0.024,0
4.751,2.007,0.026,0
4.809,0.844,0.027,0
4.784,-0.338,0.011,0
4.803,-1.486,0.012,0
4.802,-2.657,1.014,0
4.780,-3.817,0.997,0
4.742,-5.006,0.980,0
4.682,-6.155,0.964,0
4.603,-7.330,0.947,0
4.504,-8.499,0.930,0
4.388,-9.669,0.914,0
4.250,-10.824,0.897,0
4.095,-11.999,0.880,0
3.916,-13.157,0.863,0
3.658,-14.337,0.847,0
3.443,-15.501,0.830,0
3.208,-16.668,0.813,0
2.956,-17.838,0.797,0
2.682,-18.999,0.780,0
2.388,-20.168,0.763,0
2.075,-21.337,0.747,0
1.747,-22.506,0.730,0
1.398,-23.663,0.714,0
1.024,-24.823,0.697,0
0.635,-25.999,0.680,0
0.166,-27.164,0.664,0
-0.270,-28.323,0.647,0
-0.702,-29.507,0.630,0
-1.137,-30.000,0.614,0
-1.578,-30.000,0.597,0
-2.014,-30.000,0.580,0
-2.451,-30.000,0.564,0
-2.893,-30.000,0.547,0
-3.327,-30.000,0.530,0
-2.900,-30.000,0.513,1
-2.492,21.831,0.497,0
-2.106,20.662,0.480,0
-1.806,19.500,0.464,0
-1.453,18.357,0.447,0
-1.121,17.175,0.430,0
-0.811,15.997,0.413,0
-0.523,14.830,0.397,0
-0.250,13.676,0.380,0
0.002,12.500,0.363,0
0.233,11.331,0.347,0
0.446,10.176,0.330,0
0.640,9.014,0.314,0
0.814,7.845,0.297,0
0.969,6.675,0.280,0
1.105,5.497,0.263,0
1.157,4.323,0.247,0
1.253,3.168,0.230,0
1.330,1.991,0.214,0
1.387,0.837,0.197,0
1.425,-0.332,0.180,0
1.444,-1.494,0.164,0
1.442,-2.656,0.147,0
1.847,-3.838,0.130,0
1.756,-5.001,0.113,0
1.647,-6.177,0.097,0
1.494,-7.339,0.080,0
1.334,-8.500,0.064,0
1.138,-9.656,0.047,0
0.954,-10.846,0.030,0
0.746,-11.995,0.013,0
0.496,-13.170,0.015,0
0.848,-14.332,0.017,1
1.204,21.831,0.018,0
1.548,20.669,0.019,0
1.833,19.481,0.021,0
2.110,18.345,0.023,0
2.391,17.166,0.024,0
2.649,15.993,0.026,0
2.876,14.837,0.009,0
3.575,13.676,0.010,0
3.825,12.493,0.012,0
4.056,11.331,0.014,0
4.271,10.177,0.015,0
4.463,8.994,0.017,0
4.637,7.838,0.018,0
4.791,6.670,0.136,0
4.927,5.515,0.136,0
5.043,4.339,0.136,0
5.139,3.177,0.136,0
5.216,2.001,0.136,0
5.273,0.830,0.136,0
5.248,-0.338,0.136,0
5.267,-1.507,0.136,0
5.266,-2.654,0.136,0
5.246,-3.823,0.136,0
5.206,-4.992,0.136,0
5.147,-6.154,0.136,0
5.005,-7.323,0.136,0
4.843,-8.492,0.136,0
4.662,-9.668,0.136,0
4.462,-10.837,0.136,0
4.244,-12.002,0.136,0
4.003,-13.161,0.136,0
3.746,-14.337,0.136,0
3.471,-15.498,0.136,0
3.170,-16.653,0.136,0
2.409,14.824,0.012,0
2.603,13.663,0.014,0
2.805,12.501,0.015,0
2.987,11.330,0.017,0
3.124,10.163,0.018,0
3.242,8.994,0.020,0
2.865,7.825,0.021,0
2.893,6.655,0.023,0
2.903,5.501,0.024,0
2.893,4.325,0.026,0
2.926,3.156,0.009,0
2.877,2.001,0.011,0
2.808,0.825,0.012,0
2.720,-0.337,1.014,0
2.613,-1.508,0.997,0
2.486,-2.668,0.980,0
2.339,-3.837,0.964,0
2.174,-5.014,0.947,0
1.988,-6.175,0.930,0
1.785,-7.344,0.914,0
1.559,-8.499,0.897,0
1.316,-9.682,0.880,0
1.680,-10.844,0.864,1
1.959,21.831,0.847,0
2.220,20.675,0.831,0
2.463,19.515,0.814,0
2.686,18.345,0.797,0
2.892,17.183,0.780,0
3.078,16.007,0.764,0
3.240,14.831,0.747,0
3.388,13.682,0.730,0
3.514,12.500,0.714,0
3.621,11.331,0.697,0
3.707,10.161,0.680,0
3.839,9.008,0.664,0
3.886,7.831,0.647,0
3.914,6.669,0.631,0
3.924,5.514,0.614,0
3.915,4.345,0.597,0
3.885,3.168,0.580,0
3.836,2.000,0.564,0
3.768,0.845,0.547,0
3.673,-0.338,0.528,0
3.572,-1.669,0.514,0
3.447,-2.676,0.497,0
3.298,-3.818,0.480,0
3.100,-5.017,0.459,0
3.004,-6.477,0.446,0
2.800,-7.388,0.430,0
2.576,-8.542,0.413,0
2.330,-9.704,0.396,0
2.065,-10.881,0.380,0
1.782,-12.056,0.363,0
1.481,-13.220,0.346,0
1.157,-14.381,0.330,0
0.818,-15.557,0.313,0
0.458,-16.712,0.296,0
0.760,-17.874,0.280,1
1.042,21.831,0.263,0
1.369,20.663,0.246,0
1.609,19.487,0.230,0
1.834,18.332,0.213,0
2.036,17.156,0.196,0
2.222,16.000,0.180,0
2.385,14.825,0.163,0
2.533,13.670,0.146,0
2.233,12.485,0.130,0
2.390,11.325,0.113,0
2.527,10.154,0.096,0
2.670,8.987,0.079,0
2.791,7.810,0.063,0
2.883,6.670,0.046,0
2.943,5.495,0.030,0
2.982,4.325,0.013,0
3.028,3.156,0.015,0
3.054,1.994,0.016,0
3.035,0.833,0.018,0
2.997,-0.330,0.019,0
2.964,-1.506,0.020,0
2.914,-2.685,0.022,0
2.817,-3.830,0.024,0
2.700,-5.006,0.025,0
2.092,-6.181,0.027,0
1.948,-7.329,0.010,0
1.724,-8.512,0.011,0
1.482,-9.682,0.013,0
1.217,-10.837,0.014,0
0.936,-12.012,0.016,0
0.631,-13.175,0.017,0
0.929,-14.352,1.019,1
1.211,21.845,1.002,0
1.474,20.677,0.986,0
1.718,19.508,0.969,0
1.938,18.339,0.952,0
2.141,17.184,0.936,0
2.388,16.022,0.919,0
2.556,14.859,0.902,0
2.700,13.677,0.886,0
2.827,12.521,0.869,0
2.934,11.353,0.852,0
3.023,10.184,0.836,0
3.089,9.008,0.819,0
3.139,7.852,0.802,0
3.167,6.677,0.786,0
3.177,5.522,0.769,0
3.167,4.346,0.752,0
3.138,3.184,0.736,0
3.152,2.015,0.719,0
3.084,0.846,0.702,0
2.996,-0.316,0.686,0
2.889,-1.485,0.669,0
2.763,-2.661,0.652,0
2.616,-3.816,0.636,0
2.451,-4.991,0.619,0
2.267,-6.154,0.603,0
2.061,-7.309,0.586,0
1.837,-8.492,0.569,0
1.593,-9.661,0.552,0
1.332,-10.830,0.536,0
1.113,-11.987,0.519,0
0.814,-13.155,0.503,0
0.489,-14.310,0.486,0
0.153,-15.493,0.469,0
0.457,-16.641,0.452,1
0.737,21.825,0.436,0
1.005,20.663,0.419,0
1.246,19.473,0.402,0
1.468,18.311,0.386,0
1.672,17.149,0.369,0
1.855,15.981,0.352,0
2.020,14.818,0.336,0
2.226,13.649,0.319,0
2.353,12.494,0.302,0
2.458,11.325,0.286,0
2.547,10.164,0.269,0
2.614,8.987,0.252,0
2.662,7.818,0.236,0
2.691,6.657,0.219,0
2.521,5.479,0.169,0
1.985,1.113,0.120,0
1.981,0.860,0.069,0
1.973,0.602,0.019,0
1.986,0.343,0.024,0
1.983,0.089,0.010,0
1.962,-0.168,0.014,0
1.337,-0.427,0.020,0
1.133,-0.680,0.024,0
0.987,-0.938,0.992,0
0.774,-1.196,0.942,0
0.557,-1.451,0.892,0
0.336,-1.710,0.842,0
0.221,-1.964,0.826,0
0.087,-3.126,0.809,0
-0.004,-4.289,0.792,0
-0.177,-5.465,0.776,0
-0.372,-6.627,0.759,0
-0.584,-7.809,0.742,0
-0.814,-8.971,0.726,0
-1.065,-10.126,0.709,0
-1.336,-11.295,0.692,0
-1.628,-12.464,0.675,0
-1.937,-13.641,0.659,0
-2.268,-14.802,0.642,0
-2.490,-15.979,0.625,0
-2.729,-17.140,0.609,0
-3.054,-18.295,0.592,0
-3.336,-19.464,0.576,0
-3.639,-20.633,0.559,0
-3.955,-21.809,0.542,0
-4.298,-22.964,0.525,0
-4.655,-24.140,0.509,0
-5.032,-25.302,0.492,0
-4.603,-26.465,0.475,1
-4.195,21.825,0.459,0
-3.806,20.656,0.442,0
-3.441,19.487,0.426,0
-3.092,18.332,0.409,0
-2.826,17.163,0.392,0
-2.517,16.001,0.376,0
-2.224,14.839,0.359,0
-1.952,13.662,0.342,0
-1.703,12.487,0.326,0
-1.470,11.339,0.309,0
-1.255,10.170,0.292,0
-1.063,8.986,0.275,0
-0.890,7.824,0.259,0
-0.734,6.666,0.242,0
-0.599,5.485,0.225,0
-0.484,4.317,0.209,0
-0.451,3.155,0.192,0
-0.374,2.001,0.175,0
-0.317,0.825,0.159,0
-0.280,-0.352,0.142,0
0.571,-1.513,0.125,1
0.925,21.838,0.109,0
1.268,20.683,0.092,0
1.560,19.499,0.075,0
1.834,18.336,0.059,0
2.113,17.169,0.042,0
2.376,16.008,0.025,0
2.588,14.823,0.027,0
2.796,13.675,0.010,0
2.972,12.514,0.012,0
3.156,11.352,0.013,0
3.319,10.175,0.015,0
3.437,9.006,0.016,0
3.537,7.845,0.018,0
3.642,6.676,0.019,0
3.727,5.500,0.021,0
4.268,4.338,0.022,0
4.364,3.169,0.024,0
4.441,2.000,0.025,0
4.498,0.838,0.027,0
4.473,-0.333,0.010,0
4.492,-1.500,0.012,0
4.492,-2.655,0.014,0
4.472,-3.812,1.015,0
4.431,-4.979,0.998,0
4.373,-6.155,0.982,0
4.292,-7.310,0.965,0
4.196,-8.499,0.948,0
4.076,-9.648,0.931,0
3.941,-10.831,0.915,0
3.786,-11.986,0.898,0
3.608,-13.149,0.882,0
3.351,-14.324,0.865,0
3.136,-15.486,0.848,0
2.903,-16.655,0.832,0
2.649,-17.817,0.815,0
2.375,-18.986,0.798,0
2.082,-20.154,0.782,0
1.769,-21.324,0.765,0
1.437,-22.493,0.748,0
1.088,-23.661,0.732,0
0.715,-24.823,0.715,0
0.325,-25.995,0.698,0
-0.085,-27.162,0.681,0
-0.578,-28.331,0.665,0
-1.007,-29.500,0.648,0
-1.445,-30.000,0.632,0
-1.889,-30.000,0.615,0
-2.324,-30.000,0.598,0
-2.762,-30.000,0.581,0
-3.194,-30.000,0.565,0
-2.780,-30.000,0.549,1
-2.357,21.876,0.531,0
-1.974,20.656,0.515,0
-1.605,19.507,0.498,0
-1.254,18.338,0.482,0
-0.986,17.162,0.465,0
-0.683,15.986,0.449,0
-0.387,14.859,0.432,0
-0.117,13.662,0.415,0
0.137,12.499,0.398,0
0.368,11.324,0.382,0
0.581,10.162,0.365,0
0.772,8.993,0.349,0
0.947,7.853,0.332,0
1.102,6.669,0.315,0
1.237,5.500,0.298,0
1.353,4.338,0.282,0
1.386,3.162,0.265,0
1.463,2.000,0.248,0
1.520,0.824,0.232,0
1.558,-0.330,0.215,0
1.576,-1.515,0.198,0
1.576,-2.669,0.182,0
1.556,-3.830,0.165,0
1.516,-4.993,0.148,0
1.878,-6.162,0.131,0
1.752,-7.353,0.115,0
1.602,-8.500,0.098,0
1.411,-9.675,0.082,0
1.208,-10.831,0.065,0
0.981,-12.013,0.048,0
0.752,-13.161,0.032,0
1.129,-14.340,0.015,1
1.462,21.833,0.016,0
1.771,20.664,0.018,0
2.091,19.509,0.020,0
2.389,18.340,0.021,0
2.647,17.178,0.022,0
2.882,15.995,0.024,0
3.121,14.826,0.026,0
3.342,13.671,0.027,0
3.531,12.502,0.010,0
4.187,11.340,0.012,0
4.402,10.178,0.013,0
4.596,8.995,0.015,0
4.768,7.826,0.017,0
4.923,6.678,0.018,0
4.923,5.502,0.018,0
5.058,5.502,0.020,0
5.174,4.356,1.021,0
5.270,3.186,1.005,0
5.347,2.023,0.988,0
5.405,0.841,0.971,0
5.443,-0.313,0.954,0
5.398,-1.489,0.938,0
5.398,-2.659,0.921,0
5.377,-3.813,0.904,0
5.337,-4.989,0.888,0
5.279,-6.158,0.871,0
5.199,-7.314,0.854,0
5.101,-8.496,0.838,0
4.983,-9.658,0.821,0
4.846,-10.829,0.804,0
4.692,-11.996,0.788,0
4.514,-13.151,0.771,0
4.319,-14.327,0.754,0
4.045,-15.490,0.738,0
3.807,-16.644,0.721,0
3.552,-17.827,0.704,0
3.283,-18.996,0.688,0
2.992,-20.151,0.671,0
2.681,-21.313,0.655,0
2.349,-22.475,0.638,0
1.998,-23.646,0.621,0
1.624,-24.813,0.604,0
1.234,-25.989,0.588,0
0.826,-27.158,0.571,0
0.399,-28.321,0.555,0
-0.104,-29.483,0.538,0
-0.543,-30.000,0.521,0
-0.978,-30.000,0.504,0
-1.419,-30.000,0.488,0
-1.848,-30.000,0.471,0
-2.286,-30.000,0.455,0
-2.721,-30.000,0.438,0
-2.292,-30.000,0.421,1
-1.882,21.824,0.404,0
-1.498,20.649,0.388,0
-1.131,19.494,0.371,0
-0.777,18.332,0.354,0
-0.518,17.146,0.338,0
-0.205,16.013,0.321,0
0.081,14.830,0.305,0
0.405,13.688,0.283,0
0.616,12.188,0.270,0
0.849,11.268,0.254,0
1.061,10.093,0.237,0
1.252,8.923,0.220,0
1.425,7.761,0.204,0
1.578,6.600,0.187,0
1.712,5.431,0.170,0
1.827,4.262,0.154,0
1.859,3.100,0.137,0
2.359,1.924,0.120,0
2.365,0.762,0.104,0
2.352,-0.407,0.087,0
2.294,-1.576,0.070,0
2.216,-2.746,0.053,0
2.145,-3.915,0.037,0
2.052,-5.077,0.020,0
1.919,-6.257,0.022,0
1.762,-7.401,0.023,0
1.613,-8.587,0.025,0
1.445,-9.746,0.026,0
1.241,-10.908,0.009,0
1.013,-12.089,0.011,0
0.755,-13.232,0.012,0
0.513,-14.425,0.014,0
0.246,-15.570,0.016,0
0.437,-16.739,0.017,0
0.176,-17.901,0.018,0
-0.100,-19.089,0.020,0
-0.392,-20.258,0.022,0
0.029,-21.420,0.023,1
0.437,21.851,0.025,0
0.828,20.682,1.026,0
1.135,19.504,1.009,0
1.481,18.332,0.993,0
1.814,17.181,0.976,0
2.124,15.996,0.959,0
2.412,14.832,0.943,0
2.682,13.681,0.926,0
2.936,12.519,0.910,0
3.168,11.344,0.893,0
3.380,10.180,0.876,0
3.574,9.021,0.860,0
3.750,7.849,0.843,0
3.904,6.664,0.826,0
3.977,5.506,0.809,0
4.092,4.331,0.793,0
4.188,3.182,0.776,0
4.265,2.005,0.760,0
4.323,0.850,0.743,0
4.752,-0.311,0.726,1
5.158,21.824,0.710,0
5.552,20.662,0.693,0
5.920,19.472,0.676,0
6.265,18.306,0.660,0
6.592,17.155,0.643,0
6.908,16.000,0.626,0
7.134,14.802,0.609,0
7.405,13.643,0.593,0
7.655,12.472,0.576,0
7.886,11.318,0.560,0
8.100,10.155,0.543,0
8.293,8.974,0.526,0
8.465,7.807,0.510,0
8.620,6.661,0.493,0
8.755,5.487,0.476,0
8.870,4.316,0.460,0
8.966,3.163,0.443,0
9.043,1.987,0.426,0
9.037,0.824,0.410,0
9.074,-0.345,0.393,0
9.093,-1.523,0.376,0
9.092,-2.675,0.360,0
9.071,-3.844,0.343,0
9.032,-5.014,0.326,0
8.972,-6.168,0.310,0
8.892,-7.338,0.293,0
8.793,-8.513,0.276,0
8.676,-9.683,0.260,0
8.539,-10.845,0.243,0
8.379,-12.013,0.226,0
8.143,-13.195,0.210,0
7.947,-14.346,0.193,0
7.731,-15.515,0.176,0
7.502,-16.683,0.160,0
7.245,-17.831,0.143,0
-2.052,-19.007,0.126,0
7.053,-20.169,0.110,0
6.686,-21.344,0.093,0
6.284,-22.524,0.076,0
5.857,-23.676,0.060,0
5.431,-24.844,0.043,0
4.996,-26.025,0.026,0
4.527,-27.178,0.010,0
4.014,-28.338,0.011,0
3.509,-29.525,0.013,0
3.023,-30.000,0.014,0
2.538,-30.000,0.016,0
2.019,-30.000,0.017,0
1.512,-30.000,0.019,0
1.016,-30.000,0.020,0
1.386,-30.000,0.022,1
2.234,21.856,0.023,0
2.607,20.634,0.025,0
2.978,19.523,0.026,0
3.263,18.349,0.010,0
3.593,17.187,0.011,0
3.904,16.018,0.013,0
4.195,14.849,0.014,0
4.467,13.680,1.016,0
4.718,12.512,0.999,0
4.954,11.349,0.982,0
5.166,10.157,0.965,0
5.359,8.997,0.949,0
5.534,7.834,0.932,0
5.688,6.656,0.915,0
5.822,5.498,0.899,0
5.875,4.355,0.882,0
5.972,3.187,0.866,0
6.049,2.011,0.849,0
6.106,0.855,0.832,0
6.145,-0.336,0.816,0
6.163,-1.475,0.799,0
6.161,-2.644,0.782,0
6.140,-3.833,0.765,0
6.103,-5.002,0.749,0
6.043,-6.144,0.732,0
5.965,-7.321,0.716,0
5.867,-8.481,0.699,0
5.686,-9.652,0.682,0
5.551,-10.820,0.666,0
5.395,-11.975,0.649,0
5.213,-13.144,0.632,0
5.020,-14.338,0.616,0
4.808,-15.492,0.599,0
4.573,-16.650,0.582,0
4.319,-17.820,0.566,0
4.045,-18.989,0.549,0
3.750,-20.158,0.532,0
3.443,-21.332,0.516,0
3.114,-22.482,0.499,0
2.692,-23.644,0.482,0
2.322,-24.833,0.465,0
1.938,-25.999,0.449,0
1.523,-27.151,0.432,0
1.098,-28.330,0.416,0
0.663,-29.488,0.399,0
0.228,-30.000,0.382,0
0.656,-30.000,0.366,1
1.062,21.830,0.349,0
1.448,20.667,0.332,0
1.819,19.506,0.316,0
2.167,18.331,0.299,0
2.436,17.170,0.282,0
2.744,15.991,0.266,0
3.036,14.831,0.249,0
3.309,13.661,0.232,0
3.562,12.480,0.215,0
3.792,11.303,0.199,0
4.003,10.147,0.182,0
4.198,9.000,0.165,0
4.372,7.811,0.149,0
4.950,6.641,0.132,0
5.035,5.499,0.116,0
5.100,4.324,0.099,0
5.134,3.169,0.082,0
5.135,1.993,0.066,0
5.118,0.823,0.049,0
5.105,-0.331,0.032,0
5.074,-1.519,0.016,0
4.998,-2.676,0.017,0
4.902,-3.839,0.019,0
4.812,-5.008,0.020,0
4.703,-6.171,0.022,0
4.547,-7.332,0.023,0
4.374,-8.519,0.025,0
4.205,-9.679,0.026,0
4.005,-10.851,0.009,0
3.801,-12.019,0.011,0
4.051,-13.170,0.013,0
3.851,-14.331,0.014,0
3.638,-15.519,0.016,0
3.401,-16.676,0.017,0
3.146,-17.851,0.018,0
2.872,-19.021,0.020,0
2.581,-20.190,1.022,0
3.011,-21.351,1.005,1
3.411,21.820,0.988,0
3.798,20.680,0.972,0
4.102,19.518,0.955,0
4.455,18.357,0.938,0
4.782,17.174,0.922,0
5.097,16.020,0.905,0
5.386,14.830,0.888,0
5.660,13.674,0.871,0
5.909,12.489,0.855,0
6.141,11.343,0.838,0
6.353,10.181,0.822,0
6.547,9.019,0.805,0
6.722,7.849,0.788,0
6.878,6.673,0.771,0
6.949,5.485,0.755,0
7.065,4.350,0.738,0
7.161,3.175,0.722,0
7.238,2.012,0.705,0
7.295,0.851,0.688,0
7.333,-0.325,0.671,0
7.353,-1.502,0.655,0
7.351,-2.649,0.638,0
7.205,-3.820,0.622,0
7.040,-4.989,0.605,0
6.853,-6.156,0.588,0
6.649,-7.335,0.572,0
6.490,-8.500,0.555,0
6.246,-9.656,0.538,0
5.984,-10.825,0.522,0
5.703,-11.987,0.505,0
5.397,-13.150,0.488,0
5.076,-14.335,0.471,0
4.742,-15.504,0.455,0
4.374,-16.643,0.438,0
4.000,-17.838,0.422,0
4.305,-18.988,0.405,1
4.586,21.817,0.388,0
4.845,20.654,0.372,0
5.151,19.499,0.355,0
5.374,18.331,0.338,0
5.580,17.162,0.322,0
5.761,15.987,0.305,0
5.926,14.835,0.288,0
6.074,13.668,0.272,0
6.200,12.489,0.255,0
6.306,11.318,0.238,0
6.392,10.153,0.222,0
6.460,9.001,0.205,0
6.509,7.832,0.188,0
6.536,6.655,0.172,0
6.609,5.499,0.155,0
6.599,4.331,0.138,0
6.144,3.155,0.122,0
6.145,2.000,0.105,0
6.127,0.832,0.088,0
6.113,-0.345,0.072,0
6.082,-1.513,0.055,0
6.005,-2.655,0.038,0
5.909,-3.830,0.022,0
5.817,-4.993,0.023,0
5.707,-6.181,0.025,0
5.553,-7.338,0.026,0
5.393,-8.500,0.010,0
5.196,-9.663,0.011,0
5.009,-10.850,0.012,0
4.803,-12.013,0.014,0
4.553,-13.169,0.016,0
4.281,-14.331,0.017,0
3.518,-15.499,0.019,0
3.151,-16.656,0.020,0
2.776,-17.850,0.022,0
3.082,-18.999,0.023,1
3.358,21.815,0.025,0
3.619,20.669,0.026,0
3.927,19.507,0.010,0
4.150,18.330,1.011,0
4.357,17.162,0.994,0
4.541,15.983,0.977,0
4.703,14.814,0.961,0
4.850,13.661,0.944,0
4.976,12.487,0.928,0
5.080,11.317,0.911,0
5.167,10.169,0.895,0
5.236,9.006,0.878,0
5.284,7.829,0.861,0
5.312,6.662,0.844,0
5.384,5.500,0.828,0
5.374,4.337,0.811,0
5.345,3.169,0.794,0
5.296,1.999,0.778,0
5.227,0.817,0.761,0
5.140,-0.346,0.744,0
5.032,-1.500,0.728,0
4.906,-2.683,0.711,0
4.759,-3.824,0.694,0
4.594,-5.000,0.678,0
4.407,-6.162,0.661,0
4.204,-7.349,0.644,0
4.043,-8.502,0.628,0
3.799,-9.669,0.611,0
3.537,-10.839,0.594,0
3.251,-12.001,0.578,0
2.952,-13.183,0.561,0
2.628,-14.338,0.544,0
2.295,-15.515,0.528,0
1.933,-16.649,0.511,0
1.547,-17.826,0.494,0
1.152,-19.014,0.478,0
0.729,-20.169,0.461,0
0.295,-21.350,0.444,0
-0.104,-22.502,0.428,0
0.197,-23.683,0.411,1
0.481,21.834,0.394,0
0.734,20.659,0.378,0
0.984,19.527,0.361,0
1.203,18.330,0.344,0
1.408,17.183,0.328,0
1.595,16.014,0.311,0
1.759,14.832,0.294,0
1.903,13.671,0.278,0
2.031,12.514,0.261,0
2.136,11.336,0.244,0
2.288,10.183,0.228,0
2.354,9.001,0.211,0
2.402,7.852,0.194,0
2.432,6.683,0.178,0
1.837,5.514,0.128,0
1.838,1.123,0.078,0
1.847,0.866,0.028,0
1.864,0.609,0.015,0
1.852,0.354,0.019,0
1.836,0.096,0.023,0
1.278,-0.160,0.009,0
1.078,-0.419,0.014,0
0.875,-0.677,1.001,0
0.666,-0.930,0.950,0
0.516,-1.189,0.900,0
0.299,-1.447,0.850,0
0.078,-1.701,0.801,0
-0.038,-1.957,0.784,0
-0.171,-3.143,0.767,0
-0.325,-4.295,0.751,0
-0.497,-5.457,0.734,0
-0.190,-6.619,0.717,1
0.154,21.811,0.700,0
0.415,20.646,0.684,0
0.655,19.480,0.667,0
0.877,18.324,0.651,0
1.085,17.161,0.634,0
1.265,15.978,0.617,0
1.433,14.831,0.600,0
1.578,13.643,0.584,0
1.702,12.480,0.567,0
1.809,11.324,0.551,0
1.895,10.155,0.534,0
1.962,8.993,0.517,0
2.074,7.831,0.501,0
2.103,6.662,0.484,0
2.113,5.493,0.467,0
2.102,4.309,0.450,0
2.072,3.142,0.434,0
2.023,1.999,0.417,0
1.954,0.821,0.401,0
1.866,-0.340,0.384,0
1.759,-1.508,0.367,0
1.631,-2.676,0.350,0
1.489,-3.853,0.334,0
1.318,-4.974,0.317,0
1.024,-6.189,0.289,0
0.971,-8.173,0.283,0
0.740,-8.605,0.265,0
0.494,-9.803,0.249,0
0.792,-10.971,0.232,1
1.074,21.843,0.216,0
1.339,20.676,0.199,0
1.584,19.501,0.182,0
1.808,18.323,0.165,0
2.006,17.154,0.149,0
1.766,16.014,0.132,0
1.983,14.844,0.115,0
2.176,13.669,0.099,0
2.369,12.514,0.082,0
2.548,11.324,0.066,0
2.710,10.176,0.049,0
2.828,9.007,0.032,0
2.927,7.837,0.015,0
3.030,6.662,0.017,0
3.115,5.512,0.019,0
3.155,4.345,0.020,0
3.176,3.175,0.021,0
3.202,1.992,0.023,0
3.208,0.851,0.024,0
3.171,-0.339,0.026,0
3.126,-1.493,0.009,0
3.049,-2.670,0.011,0
2.478,-3.841,0.012,0
2.314,-5.004,0.014,0
2.621,-6.155,0.015,1
2.900,21.813,0.017,0
3.159,20.654,0.019,0
3.400,19.497,0.020,0
3.624,18.337,1.022,0
3.833,17.169,1.005,0
4.017,15.977,0.988,0
4.177,14.808,0.972,0
4.388,13.668,0.955,0
4.513,12.486,0.938,0
4.619,11.323,0.922,0
4.707,10.161,0.905,0
4.774,8.986,0.888,0
4.822,7.822,0.871,0
4.851,6.655,0.855,0
4.860,5.485,0.838,0
4.849,4.324,0.822,0
4.820,3.169,0.805,0
4.771,1.993,0.788,0
4.702,0.816,0.771,0
4.678,-0.345,0.755,0
4.569,-1.500,0.738,0
4.444,-2.684,0.722,0
4.297,-3.831,0.705,0
4.130,-5.000,0.688,0
3.947,-6.183,0.672,0
3.742,-7.333,0.655,0
3.515,-8.501,0.638,0
3.271,-9.685,0.621,0
3.009,-10.853,0.605,0
2.728,-12.014,0.588,0
2.425,-13.177,0.571,0
2.171,-14.344,0.555,0
1.825,-15.494,0.538,0
1.469,-16.683,0.522,0
1.085,-17.831,0.505,0
0.688,-19.015,0.488,0
0.268,-20.173,0.471,0
-0.173,-21.347,0.455,0
0.131,-22.522,0.438,1
0.405,21.824,0.422,0
0.669,20.683,0.405,0
0.908,19.508,0.388,0
1.132,18.359,0.372,0
1.401,17.190,0.355,0
1.587,16.014,0.338,0
1.753,14.839,0.321,0
1.895,13.669,0.305,0
2.022,12.522,0.288,0
2.128,11.353,0.272,0
2.217,10.190,0.255,0
2.284,9.015,0.238,0
2.333,7.852,0.222,0
2.362,6.684,0.205,0
2.372,5.514,0.188,0
2.362,4.352,0.172,0
2.396,3.189,0.155,0
2.347,2.014,0.138,0
1.854,0.845,0.122,0
1.816,-0.309,0.105,0
1.759,-1.486,0.088,0
1.708,-2.661,0.072,0
1.638,-3.812,0.055,0
1.522,-4.973,0.038,0
1.388,-6.141,0.022,0
1.256,-7.309,0.023,0
1.108,-8.493,0.025,0
0.912,-9.655,0.026,0
1.272,-10.839,0.009,1
1.603,21.846,0.011,0
1.940,20.680,0.012,0
2.259,19.516,0.014,0
2.530,18.346,0.016,0
2.786,17.190,0.017,0
2.546,16.014,0.018,0
2.710,14.848,0.020,0
2.855,13.685,0.022,0
2.982,12.522,0.023,0
3.088,11.354,0.025,0
3.176,10.191,0.026,0
3.307,9.023,0.009,0
3.357,7.853,1.011,0
3.385,6.677,0.994,0
3.395,5.523,0.978,0
3.385,4.359,0.961,0
3.356,3.191,0.944,0
3.307,2.014,0.928,0
3.239,0.861,0.911,0
3.152,-0.317,0.894,0
3.045,-1.477,0.878,0
2.918,-2.647,0.861,0
2.771,-3.823,0.844,0
2.670,-4.992,0.828,0
2.484,-6.146,0.811,0
2.281,-7.324,0.794,0
2.059,-8.479,0.778,0
1.815,-9.639,0.761,0
1.552,-10.810,0.744,0
1.270,-11.978,0.728,0
0.968,-13.147,0.711,0
0.648,-14.315,0.694,0
0.311,-15.477,0.678,0
-0.055,-16.633,0.661,0
-0.433,-17.823,0.644,0
-0.773,-18.985,0.627,0
-1.191,-20.164,0.611,0
-0.891,-21.330,0.594,1
-0.613,21.837,0.578,0
-0.353,20.683,0.561,0
-0.107,19.527,0.544,0
0.118,18.349,0.527,0
0.321,17.176,0.511,0
0.505,16.012,0.494,0
0.673,14.851,0.477,0
0.817,13.668,0.461,0
0.942,12.507,0.444,0
1.113,11.348,0.427,0
1.200,10.176,0.411,0
1.268,9.012,0.394,0
1.315,7.846,0.378,0
1.346,6.690,0.361,0
1.354,5.499,0.344,0
1.345,4.352,0.327,0
1.315,3.176,0.311,0
1.267,2.022,0.294,0
1.199,0.852,0.278,0
1.111,-0.316,0.261,0
1.004,-1.486,0.244,0
0.940,-2.655,0.228,0
0.794,-3.819,0.211,0
0.626,-4.986,0.194,0
0.446,-6.177,0.178,0
0.240,-7.305,0.161,0
0.540,-8.487,0.144,1
0.394,21.835,0.128,0
0.711,20.677,0.111,0
1.003,19.494,0.094,0
1.301,18.331,0.077,0
1.574,17.162,0.061,0
1.810,16.022,0.044,0
2.041,14.851,0.028,0
2.235,13.670,0.011,0
2.437,12.508,0.012,0
2.618,11.339,0.014,0
2.757,10.177,0.015,0
2.874,8.993,0.017,0
2.997,7.839,0.018,0
3.101,6.669,0.020,0
3.161,5.500,0.021,0
3.201,4.331,0.023,0
2.746,3.148,0.025,0
2.697,2.001,0.026,0
2.691,0.846,0.009,0
2.604,-0.337,0.011,0
2.497,-1.499,0.012,0
2.369,-2.661,0.014,0
2.223,-3.838,0.015,0
2.058,-4.999,1.017,0
1.874,-6.161,1.000,0
1.669,-7.324,0.984,0
1.443,-8.492,0.967,0
1.200,-9.676,0.950,0
0.939,-10.839,0.934,0
0.655,-11.992,0.917,0
0.417,-13.168,0.900,0
0.094,-14.330,0.884,0
-0.242,-15.507,0.867,0
-0.607,-16.655,0.850,0
-0.982,-17.838,0.834,0
-1.380,-18.992,0.817,0
-1.801,-20.154,0.800,0
-2.242,-21.330,0.784,0
-1.940,-22.506,0.767,1
-1.660,21.830,0.750,0
-1.399,20.669,0.734,0
-1.158,19.505,0.717,0
-0.870,18.345,0.700,0
-0.665,17.175,0.684,0
-0.483,16.000,0.667,0
-0.317,14.845,0.650,0
-0.172,13.676,0.634,0
0.080,12.514,0.617,0
0.312,11.345,0.600,0
0.526,10.182,0.584,0
0.719,9.013,0.567,0
0.894,7.844,0.550,0
1.048,6.676,0.534,0
1.183,5.520,0.517,0
1.236,4.352,0.500,0
1.333,3.175,0.484,0
1.410,2.014,0.467,0
1.467,0.851,0.450,0
1.505,-0.332,0.434,0
1.524,-1.500,0.417,0
1.522,-2.655,0.400,0
1.503,-3.835,0.384,0
1.462,-4.987,0.367,0
1.403,-6.169,0.350,0
1.324,-7.328,0.334,0
1.226,-8.498,0.317,0
1.044,-9.663,0.300,0
0.907,-10.839,0.283,0
0.755,-12.002,0.267,0
0.574,-13.148,0.250,0
0.378,-14.339,0.233,0
0.169,-15.507,0.217,0
-0.064,-16.648,0.201,0
-0.326,-17.810,0.183,0
-0.595,-19.008,0.167,0
-0.886,-20.162,0.150,0
-0.032,-21.324,0.134,1
0.320,21.823,0.117,0
0.652,20.676,0.100,0
0.965,19.483,0.084,0
1.241,18.337,0.067,0
1.493,17.161,0.050,0
1.757,16.005,0.034,0
1.995,14.823,0.017,0
2.191,13.668,0.019,0
2.370,12.500,0.020,0
2.550,11.322,0.022,0
2.712,10.167,0.023,0
2.832,9.012,0.025,0
2.930,7.831,0.026,0
3.022,6.675,0.009,0
3.108,5.500,0.011,0
3.173,4.322,0.013,0
3.694,3.176,0.014,0
3.771,2.006,0.015,0
3.828,0.831,0.017,0
3.866,-0.332,0.019,0
3.884,-1.493,0.020,0
3.884,-2.676,0.022,0
3.863,-3.824,1.023,0
3.823,-5.000,1.006,0
3.765,-6.165,0.990,0
3.623,-7.324,0.973,0
3.525,-8.495,0.956,0
3.404,-9.663,0.940,0
3.269,-10.846,0.923,0
3.110,-12.001,0.906,0
2.937,-13.177,0.890,0
2.742,-14.332,0.873,0
2.525,-15.496,0.856,0
2.291,-16.670,0.840,0
2.040,-17.838,0.823,0
1.766,-18.993,0.806,0
1.475,-20.163,0.790,0
1.097,-21.324,0.773,0
0.764,-22.501,0.756,0
0.412,-23.670,0.740,0
0.040,-24.839,0.723,0
-0.345,-26.009,0.706,0
-0.762,-27.164,0.690,0
-1.187,-28.348,0.673,0
-1.620,-29.507,0.656,0
-2.058,-30.000,0.640,0
-2.493,-30.000,0.623,0
-2.941,-30.000,0.606,0
-3.369,-30.000,0.590,0
-2.933,-30.000,0.573,1
-2.599,21.801,0.556,0
-2.212,20.669,0.540,0
-1.841,19.508,0.523,0
-1.494,18.331,0.506,0
-1.159,17.173,0.489,0
-0.851,15.977,0.473,0
-0.563,14.823,0.456,0
-0.290,13.668,0.440,0
-0.040,12.493,0.423,0
0.192,11.338,0.406,0
0.406,10.170,0.390,0
0.536,8.999,0.373,0
0.709,7.836,0.357,0
0.864,6.675,0.340,0
0.999,5.507,0.323,0
1.116,4.338,0.306,0
1.212,3.156,0.290,0
1.288,1.992,0.273,0
1.345,0.831,0.256,0
1.384,-0.345,0.240,0
1.402,-1.493,0.223,0
1.400,-2.670,0.206,0
1.381,-3.845,0.190,0
1.278,-4.996,0.173,0
1.217,-6.162,0.156,0
1.139,-7.340,0.140,0
1.467,-8.500,0.123,0
1.297,-9.662,0.106,0
1.113,-10.839,0.090,0
0.881,-11.993,0.073,0
1.237,-13.162,0.056,1
1.589,21.816,0.040,0
1.929,20.669,0.023,0
2.227,19.493,0.024,0
2.498,18.309,0.026,0
2.763,17.154,0.009,0
3.024,15.993,0.011,0
3.262,14.823,0.013,0
3.461,13.669,0.014,0
3.638,12.485,0.015,0
3.817,11.317,0.017,0
3.982,10.169,0.018,0
4.600,8.986,0.020,0
4.600,7.817,0.020,0
4.774,7.817,0.021,0
4.929,6.649,0.023,0
5.064,5.464,0.024,0
5.179,4.303,0.026,0
5.211,3.142,0.009,0
5.288,1.987,0.011,0
5.345,0.816,1.012,0
5.382,-0.352,0.996,0
5.401,-1.521,0.979,0
5.399,-2.682,0.962,0
5.379,-3.859,0.946,0
5.337,-5.013,0.929,0
5.279,-6.197,0.912,0
5.198,-7.351,0.895,0
5.101,-8.527,0.879,0
4.983,-9.682,0.862,0
4.782,-10.851,0.846,0
4.626,-12.021,0.829,0
4.448,-13.183,0.812,0
4.253,-14.359,0.796,0
4.035,-15.520,0.779,0
3.804,-16.698,0.762,0
3.545,-17.851,0.745,0
3.277,-19.033,0.729,0
2.981,-20.183,0.712,0
2.672,-21.359,0.696,0
2.339,-22.514,0.679,0
1.982,-23.683,0.662,0
1.553,-24.866,0.646,0
1.164,-26.020,0.629,0
0.748,-27.183,0.612,0
0.323,-28.365,0.596,0
-0.112,-29.521,0.579,0
-0.550,-30.000,0.562,0
-0.985,-30.000,0.546,0
-1.426,-30.000,0.529,0
-1.867,-30.000,0.512,0
-2.300,-30.000,0.496,0
-2.740,-30.000,0.479,0
-2.309,-30.000,0.462,1
-1.972,21.817,0.446,0
-1.581,20.676,0.429,0
-1.216,19.500,0.412,0
-0.868,18.344,0.396,0
-0.537,17.183,0.379,0
-0.225,16.014,0.362,0
0.065,14.838,0.346,0
0.336,13.675,0.329,0
0.589,12.506,0.312,0
0.819,11.331,0.296,0
1.033,10.183,0.279,0
1.228,9.014,0.262,0
1.338,7.831,0.246,0
1.493,6.676,0.229,0
1.628,5.507,0.212,0
1.744,4.339,0.196,0
1.840,3.177,0.179,0
1.917,2.014,0.162,0
1.974,0.838,0.146,0
2.437,-0.325,0.129,0
2.405,-1.492,0.112,0
2.355,-2.669,0.095,0
2.261,-3.830,0.079,0
2.144,-4.980,0.062,0
2.024,-6.169,0.046,0
1.893,-7.316,0.029,0
1.746,-8.500,0.012,0
1.555,-9.662,0.014,0
1.343,-10.816,0.015,0
1.136,-11.986,0.017,0
0.911,-13.154,0.018,0
1.262,-14.316,0.020,1
1.597,21.836,0.021,0
1.935,20.661,0.023,0
2.255,19.493,0.024,0
3.028,18.317,0.026,0
3.295,17.153,0.009,0
3.603,15.986,0.011,0
3.894,14.830,0.012,0
4.164,13.662,0.014,0
4.418,12.500,0.015,0
4.650,11.317,0.017,0
4.862,10.148,0.600,0
5.055,8.992,0.583,0
5.229,7.824,0.567,0
5.384,6.662,0.550,0
5.519,5.486,0.533,0
5.634,4.308,0.517,0
5.667,3.155,0.500,0
5.744,1.985,0.484,0
5.801,0.831,0.467,0
5.839,-0.345,0.450,0
5.856,-1.500,0.433,0
5.855,-2.683,0.417,0
5.834,-3.852,0.400,0
5.795,-5.014,0.383,0
5.733,-6.176,0.367,0
5.656,-7.360,0.350,0
5.560,-8.514,0.334,0
5.439,-9.663,0.317,0
5.239,-10.846,0.300,0
5.086,-12.014,0.284,0
4.906,-13.163,0.267,0
4.710,-14.346,0.250,0
4.496,-15.514,0.233,0
4.259,-16.676,0.217,0
4.010,-17.852,0.200,0
3.732,-19.000,0.183,0
3.443,-20.183,0.167,0
3.127,-21.339,0.150,0
-4.950,-22.514,0.134,0
-5.328,-23.669,0.117,0
-5.759,-24.840,0.100,0
9.470,-26.000,0.083,0
2.576,-27.183,0.067,0
2.096,-28.338,0.050,0
2.428,-29.507,0.033,1
2.781,21.816,0.017,0
3.118,20.661,0.018,0
3.436,19.499,0.020,0
3.685,18.331,0.021,0
3.966,17.168,0.023,0
4.228,15.993,0.024,0
4.228,14.816,0.024,0
4.470,14.816,0.025,0
4.795,13.640,0.027,1
5.141,21.838,0.010,0
5.476,20.668,0.012,0
5.798,19.512,0.013,0
6.094,18.331,0.015,0
6.324,17.176,0.017,0
6.585,16.007,0.018,0
-3.286,14.838,0.020,0
-2.893,13.675,0.021,1
-2.499,21.863,0.022,0
-2.139,20.656,0.024,0
-1.820,19.501,0.026,0
-1.497,18.332,0.027,0
-1.228,17.169,0.010,0
-0.946,15.994,0.012,0
-0.680,14.838,0.014,0
-0.458,13.670,0.015,0
-0.230,12.501,0.016,0
0.169,11.324,0.018,1
0.556,21.845,0.019,0
0.892,20.662,0.021,0
1.234,19.501,0.023,0
1.557,18.338,0.024,0
1.861,17.177,0.026,0
2.122,16.015,0.027,0
2.351,14.845,0.010,0
2.597,13.669,0.012,0
2.823,12.507,0.014,0
3.032,11.345,0.015,0
3.195,10.169,0.016,0
3.363,8.998,0.018,0
3.512,7.838,0.020,0
3.642,6.677,0.021,0
3.902,5.500,0.023,0
3.968,4.338,0.024,0
4.039,3.169,0.026,0
4.091,2.014,0.027,0
4.085,0.845,0.010,0
4.098,-0.337,0.012,0
4.067,-1.486,0.013,0
4.041,-2.662,0.015,0
3.995,-3.824,0.016,0
4.405,-5.000,0.018,0
4.320,-6.169,0.019,0
4.219,-7.338,0.021,0
4.070,-8.487,0.023,0
3.926,-9.655,0.024,0
3.764,-10.831,0.025,0
3.581,-12.000,0.027,0
3.345,-13.170,0.010,0
5.576,-14.323,0.012,0
5.334,-15.486,0.013,0
5.047,-16.662,0.015,0
12.719,-17.838,0.016,0
12.448,-19.001,0.018,0
12.152,-20.162,0.019,0
11.844,-21.338,0.021,0
11.512,-22.493,0.023,0
11.163,-23.662,0.024,0
10.789,-24.823,0.189,0
10.403,-25.999,0.173,0
9.930,-27.155,0.156,0
9.497,-28.323,0.139,0
1.309,-29.500,0.122,0
0.852,-30.000,0.106,0
0.392,-30.000,0.089,0
0.022,-30.000,0.073,1
0.403,21.823,0.056,0
0.764,20.662,0.039,0
1.110,19.500,0.023,0
1.409,18.323,0.024,0
1.711,17.154,0.026,0
1.999,16.001,0.027,0
2.226,14.817,0.010,0
1.971,13.655,0.012,0
2.198,12.493,0.013,0
2.404,11.322,0.015,0
2.569,10.168,0.016,0
2.735,8.978,0.018,0
2.886,7.837,0.019,0
3.015,6.640,0.021,0
3.100,5.486,0.022,0
3.040,4.313,0.024,0
3.086,3.162,0.026,0
3.137,1.993,0.027,0
3.132,0.824,0.010,0
3.144,-0.338,0.012,0
3.138,-1.508,0.014,0
3.086,-2.669,0.015,0
3.042,-3.852,0.017,0
2.975,-5.001,0.018,0
2.891,-6.183,0.019,0
2.763,-7.345,0.021,0
2.640,-8.508,0.023,0
2.496,-9.669,0.024,0
2.333,-10.845,0.025,0
2.126,-12.015,0.027,0
1.890,-13.183,0.011,0
1.670,-14.331,0.012,0
1.425,-15.499,0.013,0
1.163,-16.683,0.015,0
1.535,-17.862,0.016,1
1.914,21.847,0.018,0
2.282,20.693,0.019,0
2.624,19.509,0.021,0
2.922,18.348,0.023,0
3.229,17.186,0.024,0
3.514,16.009,0.025,0
3.779,14.847,0.027,0
3.988,13.686,0.010,0
4.363,12.517,0.012,0
4.547,11.361,0.013,0
4.736,10.183,0.015,0
4.903,9.013,0.017,0
5.053,7.862,0.018,0
5.159,6.686,0.019,0
5.269,5.509,0.021,0
5.359,4.348,0.023,0
5.906,3.185,0.024,0
5.958,2.024,0.026,0
5.991,0.855,0.027,0
5.966,-0.314,0.010,0
5.934,-1.485,0.012,0
5.909,-2.652,0.013,0
5.863,-3.814,0.015,0
5.800,-4.990,0.017,0
8.166,-6.138,0.018,0
8.061,-7.307,0.019,0
7.915,-8.483,0.021,0
15.720,-9.638,0.022,0
15.585,-10.821,0.024,0
15.428,-11.976,0.026,0
15.252,-13.146,0.027,0
14.994,-14.315,0.010,0
14.780,-15.483,0.012,0
14.416,-16.645,0.013,0
14.046,-17.829,0.597,0
13.628,-18.963,0.579,0
12.932,-20.194,0.554,0
12.765,-22.007,0.546,0
12.309,-22.526,0.530,0
11.832,-23.688,0.513,0
11.337,-24.855,0.496,0
10.817,-26.018,0.479,0
10.280,-27.194,0.463,0
9.794,-28.363,0.446,0
9.227,-29.518,0.429,0
8.666,-30.000,0.413,0
8.105,-30.000,0.396,0
7.541,-30.000,0.380,0
6.974,-30.000,0.363,0
6.416,-30.000,0.346,0
5.846,-30.000,0.329,0
5.292,-30.000,0.313,0
4.725,-30.000,0.296,0
4.161,-30.000,0.279,0
3.600,-30.000,0.263,0
3.092,-30.000,0.246,0
2.541,-30.000,0.230,0
1.971,-30.000,0.213,0
1.411,-30.000,0.196,0
0.850,-30.000,0.180,0
1.143,-30.000,0.163,1
1.431,21.858,0.146,0
1.268,20.669,0.130,0
1.564,19.506,0.113,0
1.838,18.324,0.096,0
2.116,17.155,0.079,0
2.373,15.993,0.063,0
2.603,14.838,0.046,0
2.797,13.655,0.030,0
2.972,12.500,0.013,0
3.154,11.338,0.014,0
3.316,10.169,0.016,0
3.436,9.007,0.017,0
3.533,7.817,0.019,0
3.637,6.654,0.020,0
3.721,5.485,0.022,0
3.760,4.317,0.023,0
3.781,3.167,0.025,0
3.307,1.999,0.026,0
3.301,0.824,0.010,0
3.213,-0.338,0.011,0
3.106,-1.507,0.013,0
2.979,-2.669,0.014,0
2.833,-3.846,0.016,0
2.667,-5.000,0.017,0
2.482,-6.176,1.019,0
2.277,-7.337,1.002,0
2.055,-8.507,0.986,0
1.810,-9.662,0.969,0
1.545,-10.838,0.952,0
1.263,-12.014,0.935,0
1.026,-13.177,0.919,0
0.702,-14.334,0.902,0
0.362,-15.515,0.885,0
0.007,-16.679,0.869,0
0.315,-17.825,0.852,1
0.593,21.811,0.836,0
0.855,20.655,0.819,0
1.095,19.486,0.802,0
1.322,18.331,0.785,0
1.526,17.149,0.769,0
1.708,15.979,0.752,0
1.874,14.825,0.735,0
2.082,13.649,0.719,0
2.206,12.485,0.702,0
2.312,11.331,0.686,0
2.402,10.162,0.669,0
2.467,8.972,0.652,0
2.516,7.831,0.636,0
2.544,6.656,0.619,0
2.554,5.493,0.602,0
2.543,4.302,0.586,0
2.364,3.154,0.535,0
2.242,0.530,0.485,0
2.054,0.271,0.436,0
1.862,0.020,0.386,0
1.665,-0.238,0.335,0
1.527,-0.497,0.286,0
1.321,-0.750,0.236,0
1.112,-1.007,0.185,0
0.472,-1.266,0.135,0
0.417,-1.524,0.086,0
0.395,-1.778,0.035,0
0.368,-2.037,0.022,0
0.298,-2.293,0.023,0
0.650,-3.445,0.025,1
1.007,21.829,0.026,0
1.339,20.662,0.009,0
1.652,19.470,0.011,0
1.921,18.317,0.013,0
2.174,17.169,0.014,0
1.940,16.006,0.015,0
2.101,14.809,0.017,0
2.245,13.663,0.019,0
2.375,12.501,0.020,0
2.479,11.310,0.022,0
2.565,10.162,0.023,0
2.634,9.000,1.025,0
2.682,7.824,1.008,0
2.774,6.655,0.991,0
2.782,5.484,0.975,0
2.772,4.336,0.958,0
2.743,3.161,0.941,0
2.693,1.986,0.925,0
2.625,0.824,0.908,0
2.537,-0.345,0.891,0
2.429,-1.500,0.875,0
2.303,-2.683,0.858,0
2.156,-3.832,0.841,0
1.990,-5.007,0.825,0
1.805,-6.176,0.808,0
1.663,-7.345,0.791,0
1.439,-8.514,0.775,0
1.195,-9.676,0.758,0
0.934,-10.845,0.741,0
0.649,-12.000,0.725,0
0.349,-13.183,0.708,0
0.026,-14.337,0.691,0
-0.314,-15.514,0.675,0
-0.671,-16.678,0.658,0
-1.051,-17.831,0.641,0
-0.749,-19.000,0.625,1
-0.469,21.831,0.608,0
-0.140,20.668,0.591,0
0.103,19.486,0.575,0
0.322,18.317,0.558,0
0.526,17.168,0.541,0
0.714,16.000,0.525,0
0.878,14.815,0.508,0
1.024,13.654,0.491,0
1.149,12.484,0.475,0
1.255,11.323,0.458,0
1.341,10.155,0.441,0
1.410,8.999,0.425,0
1.457,7.817,0.408,0
1.549,6.662,0.391,0
1.559,5.493,0.375,0
1.548,4.317,0.358,0
1.518,3.155,0.341,0
1.469,1.986,0.325,0
1.401,0.817,0.308,0
1.313,-0.332,0.291,0
1.205,-1.500,0.275,0
1.079,-2.683,0.258,0
0.932,-3.831,0.241,0
0.766,-5.008,0.225,0
0.580,-6.177,0.208,0
0.439,-7.347,0.191,0
0.215,-8.507,0.175,0
-0.028,-9.677,0.158,0
-0.290,-10.837,0.141,0
-0.413,-12.000,0.125,1
-0.083,21.829,0.108,0
0.232,20.668,0.091,0
0.548,19.493,0.075,0
0.847,18.330,0.058,0
1.100,17.162,0.041,0
1.334,15.997,0.025,0
1.575,14.831,0.026,0
1.783,13.662,0.010,0
1.983,12.498,0.011,0
2.141,11.337,0.012,0
2.279,10.155,0.014,0
2.420,8.986,0.016,0
2.543,7.830,0.017,0
2.623,6.662,0.019,0
2.681,5.486,0.020,0
2.247,4.331,0.021,0
2.217,3.147,0.023,0
2.167,1.992,0.025,0
2.099,0.817,0.026,0
2.074,-0.338,0.010,0
1.966,-1.507,0.011,0
1.840,-2.676,0.013,0
1.692,-3.831,1.014,0
1.527,-5.022,0.997,0
1.342,-6.176,0.981,0
1.138,-7.346,0.964,0
0.915,-8.507,0.948,0
0.669,-9.663,0.931,0
0.406,-10.846,0.914,0
0.124,-12.014,0.897,0
0.425,-13.177,0.881,1
0.770,21.832,0.864,0
1.032,20.663,0.847,0
1.271,19.500,0.831,0
1.492,18.345,0.814,0
1.701,17.189,0.797,0
1.885,16.000,0.781,0
2.049,14.839,0.764,0
2.197,13.677,0.747,0
2.320,12.493,0.731,0
2.427,11.346,0.714,0
2.516,10.177,0.697,0
2.583,9.001,0.681,0
2.695,7.844,0.664,0
2.724,6.663,0.647,0
2.733,5.494,0.631,0
2.723,4.339,0.614,0
2.693,3.163,0.597,0
2.644,1.994,0.581,0
2.576,0.832,0.564,0
2.488,-0.323,0.547,0
2.381,-1.492,0.531,0
2.253,-2.668,0.514,0
2.108,-3.845,0.497,0
1.942,-4.999,0.481,0
1.820,-6.168,0.464,0
1.615,-7.330,0.447,0
1.391,-8.506,0.431,0
1.150,-9.668,0.414,0
0.884,-10.823,0.397,0
0.603,-12.006,0.381,0
0.302,-13.167,0.364,0
-0.020,-14.330,0.347,0
-0.361,-15.499,0.331,0
-0.059,-16.668,0.314,1
0.219,21.830,0.297,0
0.486,20.676,0.281,0
0.790,19.492,0.264,0
1.012,18.330,0.247,0
1.216,17.169,0.231,0
1.398,16.000,0.214,0
1.564,14.845,0.197,0
1.711,13.674,0.181,0
1.835,12.501,0.164,0
1.943,11.345,0.147,0
1.605,10.169,0.131,0
1.722,9.007,0.114,0
1.821,7.845,0.098,0
1.925,6.681,0.081,0
1.998,5.506,0.064,0
2.063,4.330,0.047,0
2.083,3.169,0.031,0
2.084,1.993,0.014,0
2.091,0.831,0.016,0
2.078,-0.331,0.017,0
2.020,-1.486,0.019,0
1.945,-2.670,0.020,0
1.873,-3.824,0.022,0
1.783,-4.994,0.023,0
1.649,-6.161,0.025,0
1.493,-7.318,0.026,0
1.330,-8.494,0.009,0
0.662,-9.677,0.011,0
0.402,-10.839,0.013,0
0.120,-11.989,0.014,0
0.424,-13.155,0.016,1
0.706,21.823,0.017,0
0.969,20.655,0.018,0
1.209,19.485,1.020,0
1.432,18.327,1.003,0
1.641,17.162,0.986,0
1.818,15.971,0.970,0
1.986,14.837,0.953,0
2.196,13.653,0.937,0
2.320,12.478,0.920,0
2.426,11.323,0.903,0
2.511,10.162,0.887,0
2.581,9.006,0.870,0
2.628,7.824,0.854,0
2.657,6.669,0.837,0
2.667,5.499,0.820,0
2.657,4.324,0.803,0
2.626,3.147,0.787,0
2.578,2.007,0.770,0
2.509,0.824,0.753,0
2.484,-0.345,0.737,0
2.377,-1.507,0.720,0
2.249,-2.669,0.703,0
2.104,-3.852,0.687,0
1.938,-4.999,0.670,0
1.752,-6.169,0.653,0
1.548,-7.345,0.637,0
1.324,-8.507,0.620,0
1.079,-9.670,0.603,0
0.815,-10.845,0.587,0
0.534,-12.021,0.570,0
0.232,-13.176,0.553,0
-0.024,-14.345,0.537,0
-0.365,-15.500,0.520,0
-0.726,-16.669,0.503,0
-0.428,-17.838,0.487,1
-0.144,21.844,0.470,0
0.117,20.669,0.454,0
0.366,19.508,0.437,0
0.588,18.316,0.420,0
0.790,17.155,0.403,0
0.975,15.994,0.387,0
1.139,14.825,0.370,0
1.285,13.662,0.353,0
1.473,12.493,0.337,0
1.579,11.330,0.320,0
1.668,10.162,0.303,0
1.734,8.985,0.287,0
1.782,7.831,0.270,0
1.812,6.661,0.253,0
1.821,5.485,0.237,0
1.811,4.324,0.220,0
1.781,3.147,0.203,0
1.732,1.992,0.187,0
1.663,0.830,0.170,0
1.575,-0.346,0.153,0
1.531,-1.507,0.137,0
0.978,-2.663,0.120,0
0.883,-3.845,0.103,0
0.767,-5.001,0.087,0
0.657,-6.169,0.070,0
0.528,-7.331,0.053,0
0.352,-8.500,0.037,0
0.706,-9.675,0.020,1
1.059,21.826,0.022,0
1.396,20.670,0.023,0
1.687,19.504,0.025,0
1.960,18.344,0.026,0
2.227,17.182,0.010,0
2.487,16.013,0.011,0
2.726,14.843,0.013,0
2.924,13.682,0.014,0
3.099,12.505,0.016,0
2.780,11.344,0.017,0
2.869,10.181,0.019,0
2.936,9.006,0.020,0
2.985,7.845,0.022,0
3.014,6.676,0.023,0
3.024,5.506,0.025,0
3.013,4.330,1.026,0
3.047,3.182,1.009,0
2.998,1.999,0.993,0
2.930,0.838,0.976,0
2.842,-0.317,0.960,0
2.734,-1.494,0.943,0
2.608,-2.663,0.926,0
2.462,-3.818,0.910,0
2.296,-4.987,0.893,0
2.112,-6.163,0.876,0
1.906,-7.325,0.859,0
1.684,-8.501,0.843,0
1.440,-9.656,0.826,0
1.241,-10.824,0.810,0
0.957,-11.986,0.793,0
0.658,-13.163,0.776,0
0.335,-14.317,0.760,0
-0.004,-15.494,0.743,0
-0.365,-16.655,0.726,0
-0.747,-17.825,0.709,0
-1.145,-19.000,0.693,0
-1.562,-20.163,0.676,0
-2.000,-21.325,0.660,0
-2.455,-22.494,0.643,0
-2.810,-23.655,0.626,0
-3.244,-24.832,0.609,0
-3.635,-26.001,0.593,0
-4.036,-27.170,0.576,0
-3.607,-28.318,0.560,1
-3.201,21.824,0.543,0
-2.811,20.662,0.526,0
-2.446,19.485,0.510,0
-2.094,18.331,0.493,0
-1.768,17.154,0.476,0
-1.456,16.000,0.460,0
-1.163,14.824,0.443,0
-0.894,13.647,0.426,0
-0.707,12.489,0.410,0
-0.479,11.336,0.394,0
-0.263,10.202,0.377,0
0.049,9.013,0.351,0
0.121,7.195,0.339,0
0.271,6.409,0.323,0
0.402,5.248,0.306,0
0.513,4.093,0.290,0
0.606,2.924,0.273,0
0.678,1.741,0.256,0
0.731,0.579,0.239,0
0.765,-0.583,0.223,0
0.780,-1.745,0.206,0
0.774,-2.907,0.189,0
0.686,-4.090,0.173,0
0.642,-5.252,0.156,0
0.579,-6.421,0.139,0
0.921,-7.584,0.123,0
0.768,-8.752,0.106,0
0.595,-9.922,0.089,0
0.379,-11.091,0.073,0
0.145,-12.259,0.056,0
0.521,-13.414,0.040,1
0.885,21.836,0.023,0
1.192,20.647,0.024,0
1.486,19.500,0.026,0
1.773,18.331,0.009,0
2.053,17.162,0.011,0
2.313,15.992,0.012,0
2.526,14.824,0.014,0
2.724,13.669,0.015,0
2.924,12.493,0.017,0
3.108,11.338,0.018,0
3.745,10.162,0.020,0
3.939,9.000,0.021,0
4.112,7.831,0.023,0
4.267,6.669,0.024,0
4.402,5.493,0.026,0
4.455,4.331,0.009,0
4.551,3.162,0.011,0
4.628,2.007,1.012,0
4.685,0.823,0.995,0
4.723,-0.338,0.979,0
4.741,-1.507,0.962,0
4.740,-2.669,0.946,0
4.720,-3.831,0.929,0
4.679,-4.994,0.912,0
4.621,-6.176,0.896,0
4.541,-7.332,0.879,0
4.443,-8.507,0.862,0
4.324,-9.670,0.845,0
4.126,-10.845,0.829,0
3.967,-12.000,0.812,0
3.796,-13.176,0.796,0
3.598,-14.319,0.779,0
3.382,-15.500,0.762,0
3.149,-16.669,0.746,0
2.894,-17.831,0.729,0
2.618,-19.000,0.712,0
2.325,-20.177,0.695,0
2.014,-21.345,0.679,0
1.681,-22.507,0.662,0
1.329,-23.677,0.645,0
0.900,-24.845,0.629,0
0.506,-26.000,0.612,0
0.099,-27.177,0.595,0
-0.328,-28.339,0.579,0
-0.766,-29.501,0.562,0
-1.201,-30.000,0.546,0
-1.639,-30.000,0.529,0
-2.085,-30.000,0.512,0
-2.519,-30.000,0.495,0
-2.096,-30.000,0.479,1
-1.688,21.846,0.462,0
-1.364,20.677,0.446,0
-0.996,19.515,0.429,0
-0.645,18.353,0.412,0
-0.316,17.177,0.396,0
-0.005,16.015,0.379,0
0.289,14.846,0.362,0
0.560,13.662,0.345,0
0.810,12.493,0.329,0
1.040,11.337,0.312,0
1.256,10.190,0.295,0
1.447,9.001,0.279,0
1.622,7.853,0.262,0
1.777,6.685,0.245,0
1.849,5.508,0.229,0
1.965,4.346,0.212,0
2.062,3.185,0.195,0
2.254,2.001,0.146,0
2.768,0.248,0.096,0
2.752,-0.011,0.045,0
2.744,-0.270,0.014,0
2.744,-0.525,0.018,0
2.716,-0.783,0.023,0
3.195,-1.037,0.009,0
3.358,-1.294,0.014,0
3.516,-1.551,0.136,0
3.670,-1.807,0.136,0
3.757,-2.063,0.136,0
3.902,-2.319,0.136,0
3.904,-2.580,0.136,0
3.885,-3.735,0.136,0
3.783,-4.904,0.136,0
3.662,-6.073,0.136,0
3.523,-7.242,0.136,0
3.364,-8.404,0.136,0
3.183,-9.566,0.136,0
2.987,-10.742,0.136,0
2.769,-11.896,0.136,0
2.533,-13.066,0.136,0
2.277,-14.228,0.136,0
2.005,10.170,0.010,0
2.122,9.008,0.012,0
2.222,7.846,0.013,0
2.324,6.668,0.015,0
2.409,5.521,0.017,0
2.449,4.353,0.018,0
2.470,3.184,0.019,0
1.997,2.001,0.021,0
1.928,0.853,0.023,0
1.840,-0.324,0.024,0
1.733,-1.499,0.025,0
1.607,-2.662,0.027,0
1.523,-3.817,0.010,0
1.359,-4.992,0.012,0
1.174,-6.147,1.014,0
1.480,-7.316,0.997,1
1.760,21.816,0.980,0
2.018,20.654,0.964,0
2.264,19.504,0.947,0
2.486,18.323,0.930,0
2.690,17.160,0.913,0
2.875,15.992,0.897,0
3.039,14.823,0.880,0
3.186,13.662,0.863,0
3.373,12.485,0.847,0
3.480,11.330,0.830,0
3.566,10.155,0.814,0
3.634,8.999,0.797,0
3.682,7.830,0.780,0
3.711,6.668,0.763,0
3.721,5.493,0.747,0
3.710,4.323,0.730,0
3.681,3.168,0.714,0
3.632,2.000,0.697,0
3.563,0.831,0.680,0
3.475,-0.331,0.664,0
3.430,-1.500,0.647,0
3.304,-2.683,0.630,0
3.158,-3.839,0.614,0
2.992,-5.000,0.597,0
2.806,-6.169,0.580,0
2.604,-7.346,0.564,0
2.377,-8.494,0.547,0
2.133,-9.677,0.530,0
1.872,-10.846,0.514,0
1.590,-12.001,0.497,0
1.289,-13.169,0.480,0
0.967,-14.331,0.464,0
0.689,-15.500,0.447,0
0.328,-16.670,0.430,0
0.627,-17.839,0.414,1
0.912,21.839,0.397,0
1.174,20.661,0.380,0
1.416,19.494,0.363,0
1.640,18.332,0.347,0
1.842,17.162,0.330,0
2.028,16.000,0.313,0
2.194,14.829,0.297,0
2.337,13.655,0.280,0
2.465,12.502,0.263,0
2.633,11.323,0.247,0
2.720,10.163,0.230,0
2.787,8.993,0.214,0
2.835,7.839,0.197,0
2.864,6.676,0.180,0
2.873,5.508,0.164,0
2.864,4.346,0.147,0
2.409,3.163,0.130,0
2.410,2.001,0.113,0
2.392,0.832,0.097,0
2.379,-0.344,0.080,0
2.347,-1.505,0.064,0
2.282,-2.661,0.047,0
2.185,-3.844,0.030,0
2.072,-5.015,0.014,0
1.960,-6.161,0.015,0
1.832,-7.344,0.017,0
1.656,-8.492,0.018,0
1.464,-9.675,0.020,0
1.275,-10.830,0.021,0
1.071,-12.006,0.023,0
1.429,-13.156,0.024,1
1.755,21.810,0.026,0
1.592,20.662,0.027,0
1.900,19.495,0.010,0
2.122,18.319,0.012,0
2.326,17.156,0.013,0
2.511,15.988,0.015,0
2.677,14.818,0.016,0
2.819,13.641,0.018,0
2.948,12.493,1.019,0
3.052,11.311,1.003,0
3.139,10.157,0.986,0
3.206,8.995,0.970,0
3.256,7.825,0.953,0
3.283,6.641,0.936,0
3.356,5.495,0.919,0
3.345,4.318,0.903,0
3.316,3.157,0.886,0
3.266,1.987,0.869,0
3.197,0.819,0.853,0
3.110,-0.358,0.836,0
3.002,-1.505,0.820,0
2.875,-2.675,0.803,0
2.729,-3.843,0.786,0
2.563,-5.012,0.769,0
2.373,-6.182,0.752,0
2.169,-7.380,0.736,0
2.012,-8.542,0.720,0
1.768,-9.675,0.703,0
1.505,-10.843,0.686,0
1.222,-12.013,0.669,0
0.918,-13.182,0.653,0
0.599,-14.358,0.636,0
0.257,-15.513,0.619,0
-0.103,-16.683,0.603,0
-0.482,-17.850,0.586,0
-0.884,-19.014,0.569,0
-1.299,-20.189,0.553,0
-0.995,-21.343,0.536,1
-0.654,21.824,0.520,0
-0.389,20.668,0.503,0
-0.150,19.492,0.486,0
0.076,18.338,0.469,0
0.280,17.162,0.453,0
0.463,15.993,0.436,0
0.630,14.831,0.419,0
0.774,13.654,0.403,0
0.899,12.498,0.386,0
1.007,11.339,0.369,0
1.094,10.162,0.353,0
1.160,8.993,0.336,0
1.273,7.838,0.319,0
1.301,6.654,0.303,0
1.310,5.500,0.286,0
1.300,4.331,0.270,0
1.270,3.169,0.253,0
1.221,2.006,0.236,0
1.152,0.843,0.219,0
1.065,-0.376,0.203,0
0.958,-1.507,0.186,0
0.831,-2.669,0.170,0
0.686,-3.831,0.153,0
0.093,-4.993,0.136,0
-0.029,-6.176,0.119,0
-0.183,-7.345,0.103,0
0.168,-8.507,0.086,1
0.522,21.831,0.070,0
0.859,20.675,0.053,0
1.155,19.507,0.036,0
1.425,18.331,0.020,0
1.706,17.175,0.021,0
1.963,15.998,0.023,0
2.180,14.845,0.024,0
2.375,13.668,0.026,0
2.576,12.506,0.027,0
2.746,11.337,0.010,0
2.909,10.168,0.012,0
3.024,8.992,0.014,0
3.124,7.851,0.015,0
2.729,6.667,0.016,0
2.737,5.492,0.018,0
2.727,4.351,0.020,0
2.698,3.181,0.021,0
2.649,2.006,0.023,0
2.581,0.836,0.024,0
2.493,-0.324,1.026,0
2.386,-1.488,1.009,0
2.322,-2.656,0.992,0
2.176,-3.832,0.976,0
1.962,-4.993,0.925,0
1.744,-1.506,0.876,0
1.522,-1.761,0.825,0
1.359,-2.020,0.776,0
1.127,-2.274,0.725,0
0.892,-2.534,0.675,0
0.779,-2.794,0.626,0
0.850,-3.044,0.576,0
0.978,-3.301,0.525,0
1.104,-3.562,0.476,0
1.225,-3.814,0.425,0
1.279,-4.073,0.376,0
1.390,-4.327,0.325,0
1.357,-4.585,0.309,0
1.306,-5.755,0.292,0
1.233,-6.909,0.276,0
1.141,-8.085,0.259,0
1.030,-9.255,0.242,0
0.902,-10.423,0.226,0
0.752,-11.579,0.209,0
0.521,-12.747,0.192,0
0.330,-13.909,0.175,0
0.756,-15.086,0.159,1
1.163,21.837,0.142,0
1.979,20.670,0.125,0
2.298,19.494,0.109,0
2.594,18.325,0.092,0
2.850,17.169,0.075,0
3.083,15.994,0.059,0
3.325,14.838,0.042,0
3.545,13.663,0.026,0
3.722,12.506,0.027,0
3.892,11.339,0.010,0
4.029,10.170,0.012,0
4.173,9.008,0.013,0
4.298,7.839,0.015,0
4.298,6.654,0.015,0
4.378,6.654,0.016,0
4.437,5.486,0.018,0
4.503,4.331,0.019,0
4.549,3.155,0.021,0
5.050,1.999,0.022,0
5.108,0.817,0.024,0
5.145,-0.338,0.025,0
5.164,-1.508,0.027,0
5.100,-2.671,0.010,0
5.080,-3.838,0.012,0
5.039,-4.997,0.013,0
4.980,-6.171,1.015,0
4.900,-7.338,0.998,0
4.801,-8.514,0.981,0
4.685,-9.683,0.965,0
4.546,-10.838,0.948,0
4.391,-12.014,0.932,0
4.213,-13.170,0.915,0
4.020,-14.345,0.898,0
3.805,-15.500,0.882,0
3.507,-16.669,0.865,0
3.250,-17.838,0.848,0
2.981,-19.014,0.832,0
2.689,-20.169,0.815,0
2.371,-21.332,0.798,0
2.039,-22.515,0.781,0
1.692,-23.683,0.765,0
1.323,-24.838,0.748,0
0.932,-26.001,0.731,0
0.525,-27.171,0.715,0
0.089,-28.332,0.698,0
-0.347,-29.514,0.681,0
-0.847,-30.000,0.665,0
-1.285,-30.000,0.648,0
-1.718,-30.000,0.632,0
-2.162,-30.000,0.615,0
-2.597,-30.000,0.598,0
-3.029,-30.000,0.581,0
-3.468,-30.000,0.565,0
-3.040,-30.000,0.548,1
-2.636,21.832,0.532,0
-2.242,20.676,0.515,0
-1.877,19.486,0.498,0
-1.526,18.332,0.481,0
-1.259,17.156,0.465,0
-0.952,15.987,0.448,0
-0.659,14.838,0.431,0
-0.388,13.656,0.415,0
-0.139,12.487,0.398,0
0.095,11.339,0.381,0
0.307,10.163,0.365,0
0.501,9.000,0.348,0
0.675,7.825,0.331,0
0.829,6.656,0.315,0
0.964,5.499,0.298,0
1.080,4.339,0.281,0
1.113,3.163,0.265,0
1.190,2.008,0.248,0
1.247,0.825,0.231,0
1.285,-0.344,0.215,0
1.303,-1.492,0.198,0
1.303,-2.675,0.181,0
1.281,-3.831,0.165,0
1.241,-5.007,0.148,0
1.607,-6.175,0.131,0
1.478,-7.337,0.115,0
1.327,-8.506,0.098,0
1.139,-9.691,0.082,0
0.935,-10.825,0.065,0
0.703,-12.014,0.048,0
0.476,-13.183,0.031,0
0.235,-14.352,0.015,0
-0.054,-15.501,0.016,0
0.301,-16.661,0.018,1
0.658,21.823,0.019,0
0.999,20.656,0.021,0
1.289,19.478,0.022,0
1.562,18.324,0.024,0
1.842,17.160,0.025,0
2.100,15.993,0.027,0
2.329,14.832,0.010,0
3.024,13.662,0.012,0
3.277,12.500,0.013,0
3.510,11.323,0.015,0
3.720,10.155,0.016,0
3.915,9.006,0.018,0
4.089,7.831,0.019,0
4.243,6.662,1.021,0
4.378,5.494,1.004,0
4.494,4.324,0.987,0
4.590,3.159,0.971,0
4.666,1.986,0.954,0
4.661,0.823,0.938,0
4.699,-0.339,0.921,0
4.717,-1.501,0.904,0
4.715,-2.676,0.887,0
4.695,-3.845,0.871,0
4.655,-5.013,0.854,0
4.595,-6.170,0.837,0
4.515,-7.345,0.821,0
4.416,-8.522,0.804,0
4.300,-9.690,0.787,0
4.162,-10.845,0.771,0
4.006,-12.015,0.754,0
3.765,-13.176,0.737,0
3.573,-14.352,0.721,0
3.356,-15.501,0.704,0
3.125,-16.676,0.688,0
2.867,-17.831,0.671,0
2.591,-19.014,0.654,0
2.303,-20.188,0.638,0
1.988,-21.338,0.621,0
1.655,-22.514,0.604,0
1.303,-23.683,0.587,0
0.936,-24.852,0.571,0
0.551,-26.007,0.554,0
0.072,-27.163,0.537,0
-0.354,-28.345,0.521,0
-0.793,-29.506,0.504,0
-1.234,-30.000,0.487,0
-1.669,-30.000,0.471,0
-2.104,-30.000,0.454,0
-2.536,-30.000,0.438,0
-2.978,-30.000,0.421,0
-2.548,-30.000,0.404,1
-2.146,21.824,0.388,0
-1.753,20.676,0.371,0
-1.389,19.491,0.354,0
-1.100,18.339,0.337,0
-0.770,17.163,0.321,0
-0.461,15.993,0.304,0
-0.170,14.831,0.287,0
0.104,13.663,0.271,0
0.351,12.479,0.254,0
0.589,11.338,0.237,0
0.797,10.132,0.221,0
0.991,9.000,0.204,0
1.164,7.831,0.188,0
1.319,6.669,0.171,0
1.454,5.493,0.154,0
1.507,4.338,0.138,0
2.028,3.169,0.121,0
2.055,2.007,0.104,0
2.062,0.831,0.087,0
2.024,-0.346,0.071,0
1.968,-1.514,0.054,0
1.917,-2.669,0.038,0
1.847,-3.831,0.021,0
1.732,-4.992,0.022,0
1.597,-6.161,0.024,0
1.470,-7.337,0.025,0
1.320,-8.492,0.027,0
1.139,-9.668,0.010,0
0.929,-10.838,0.012,0
0.694,-11.993,0.013,0
1.070,-13.175,0.015,1
1.428,21.838,0.016,0
2.240,20.669,0.018,0
2.611,19.506,0.019,0
2.957,18.330,0.021,0
3.285,17.175,0.022,0
3.597,16.014,0.024,0
3.887,14.838,0.025,0
4.158,13.676,1.027,0
4.347,12.513,1.010,0
4.581,11.345,0.994,0
4.794,10.171,0.977,0
4.987,9.006,0.960,0
5.160,7.845,0.944,0
5.316,6.682,0.927,0
5.451,5.499,0.910,0
5.567,4.337,0.894,0
5.663,3.176,0.877,0
5.740,2.014,0.860,0
5.798,0.830,0.844,0
5.835,-0.311,0.827,0
5.790,-1.487,0.810,0
5.790,-2.670,0.793,0
5.770,-3.832,0.777,0
5.730,-4.989,0.760,0
5.670,-6.162,0.743,0
5.591,-7.332,0.727,0
5.495,-8.501,0.710,0
5.378,-9.649,0.694,0
5.238,-10.818,0.677,0
5.081,-12.000,0.660,0
4.906,-13.170,0.643,0
4.711,-14.331,0.627,0
4.433,-15.494,0.610,0
4.196,-16.662,0.593,0
3.944,-17.840,0.577,0
3.670,-19.001,0.560,0
3.385,-20.170,0.544,0
3.068,-21.312,0.527,0
2.738,-22.493,0.510,0
2.386,-23.656,0.494,0
2.017,-24.824,0.477,0
1.621,-25.988,0.460,0
1.214,-27.170,0.443,0
0.790,-28.332,0.427,0
0.292,-29.487,0.410,0
-0.155,-30.000,0.393,0
-0.590,-30.000,0.377,0
-1.023,-30.000,0.360,0
-1.461,-30.000,0.344,0
-1.898,-30.000,0.327,0
-2.337,-30.000,0.310,0
-1.910,-30.000,0.293,1
-1.502,21.832,0.277,0
-1.117,20.663,0.260,0
-0.746,19.507,0.243,0
-0.400,18.331,0.227,0
-0.131,17.177,0.210,0
0.177,16.001,0.194,0
0.468,14.845,0.177,0
0.740,13.677,0.160,0
0.992,12.507,0.144,0
1.651,11.339,0.127,0
1.812,10.163,0.110,0
1.956,9.008,0.094,0
2.054,7.839,0.077,0
2.134,6.677,0.060,0
2.220,5.508,0.043,0
2.285,4.323,0.027,0
2.319,3.175,0.010,0
2.321,2.013,0.012,0
2.303,0.845,0.013,0
2.291,-0.332,0.015,0
2.260,-1.506,0.016,0
2.184,-2.657,0.018,0
2.089,-3.817,0.019,0
1.998,-4.989,0.021,0
1.889,-6.163,0.022,0
2.235,-7.331,0.024,0
2.138,-8.499,0.025,0
2.019,-9.655,0.027,0
1.822,-10.832,0.010,0
1.664,-11.982,0.012,0
2.096,-13.156,0.013,1
2.497,21.818,0.015,0
2.890,20.670,1.016,0
3.257,19.487,1.000,0
3.601,18.326,0.983,0
3.933,17.177,0.966,0
4.243,16.001,0.950,0
4.537,14.832,0.933,0
4.807,13.649,0.916,0
5.059,12.487,0.899,0
5.227,11.318,0.883,0
5.441,10.164,0.866,0
5.633,8.987,0.850,0
5.807,7.824,0.833,0
5.961,6.656,0.816,0
6.096,5.502,0.800,0
6.212,4.332,0.783,0
6.308,3.163,0.766,0
6.385,1.988,0.750,0
6.442,0.825,0.733,0
6.479,-0.351,0.716,0
6.498,-1.513,0.700,0
6.435,-2.676,0.683,0
6.413,-3.831,0.666,0
6.373,-5.013,0.650,0
6.311,-6.176,0.633,0
6.234,-7.359,0.616,0
6.137,-8.513,0.600,0
6.018,-9.668,0.583,0
5.880,-10.844,0.566,0
5.723,-12.013,0.549,0
5.549,-13.182,0.533,0
5.355,-14.338,0.516,0
5.139,-15.499,0.500,0
4.840,-16.669,0.483,0
4.587,-17.844,0.466,0
4.315,-19.006,0.450,0
4.017,-20.168,0.433,0
3.709,-21.352,0.416,0
3.373,-22.505,0.399,0
3.024,-23.682,0.383,0
2.652,-24.844,0.366,0
2.261,-26.013,0.349,0
1.859,-27.182,0.333,0
1.426,-28.330,0.316,0
0.982,-29.507,0.299,0
0.494,-30.000,0.283,0
0.050,-30.000,0.266,0
-0.383,-30.000,0.250,0
-0.827,-30.000,0.233,0
-0.404,-30.000,0.216,1
0.003,21.845,0.200,0
0.391,20.682,0.183,0
0.759,19.514,0.166,0
1.109,18.352,0.150,0
1.867,17.181,0.133,0
2.123,16.000,0.116,0
2.366,14.852,0.100,0
2.575,13.676,0.083,0
2.752,12.507,0.066,0
2.910,11.338,0.049,0
3.071,10.169,0.033,0
3.215,9.020,0.016,0
3.314,7.851,0.018,0
3.395,6.683,0.019,0
3.479,5.499,0.021,0
3.546,4.344,0.022,0
3.567,3.168,0.024,0
3.568,2.014,0.025,0
3.576,0.831,0.027,0
3.551,-0.331,0.010,0
3.519,-1.493,0.012,0
3.943,-2.663,0.013,0
3.923,-3.832,0.015,0
3.884,-4.993,0.016,0
3.825,-6.156,0.018,0
3.746,-7.324,0.019,0
3.649,-8.493,0.021,0
3.529,-9.649,1.022,0
3.393,-10.830,1.006,0
3.820,-11.994,0.989,1
4.226,21.831,0.972,0
4.551,20.669,0.956,0
4.917,19.501,0.939,0
5.268,18.346,0.922,0
5.598,17.170,0.906,0
5.906,16.001,0.889,0
6.197,14.846,0.872,0
6.470,13.677,0.856,0
6.720,12.500,0.839,0
6.955,11.346,0.822,0
7.168,10.162,0.806,0
7.385,8.994,0.785,0
7.534,7.570,0.772,0
7.625,6.661,0.756,0
7.759,5.514,0.739,0
7.875,4.358,0.723,0
7.972,3.211,0.706,0
8.049,2.027,0.689,0
8.107,0.860,0.673,0
8.144,-0.305,0.656,0
8.166,-1.503,0.640,0
8.036,-2.613,0.622,0
7.891,-3.826,0.606,0
7.725,-4.986,0.589,0
7.541,-6.162,0.572,0
7.393,-7.317,0.555,0
7.180,-8.529,0.540,0
6.644,-9.620,0.505,0
6.596,-12.014,0.502,0
6.309,-12.286,0.485,0
6.003,-13.452,0.468,0
5.675,-14.617,0.451,0
5.325,-15.793,0.434,0
4.963,-16.977,0.418,0
4.582,-18.132,0.402,0
4.178,-19.286,0.385,0
4.484,-20.455,0.368,1
4.764,21.816,0.351,0
5.026,20.653,0.335,0
5.268,19.486,0.318,0
5.551,18.323,0.302,0
5.755,17.169,0.285,0
5.940,16.000,0.268,0
6.106,14.831,0.251,0
6.252,13.655,0.235,0
6.377,12.486,0.218,0
6.484,11.324,0.201,0
6.570,10.154,0.185,0
6.639,8.993,0.168,0
6.685,7.815,0.151,0
6.290,6.668,0.135,0
6.350,5.492,0.118,0
6.402,4.308,0.101,0
6.422,3.168,0.085,0
6.448,1.985,0.068,0
6.455,0.816,0.051,0
6.417,-0.338,0.035,0
6.359,-1.500,0.018,0
6.307,-2.669,0.020,0
6.236,-3.838,0.021,0
6.119,-5.007,0.022,0
5.985,-6.183,0.024,0
5.856,-7.338,0.026,0
5.705,-8.500,0.027,0
5.525,-9.683,0.010,0
5.313,-10.845,0.012,0
5.078,-12.007,0.013,0
4.354,-13.184,0.015,0
4.035,-14.338,0.017,0
3.689,-15.494,0.018,0
3.334,-16.683,0.020,0
3.636,-17.831,0.021,1
3.918,21.829,0.023,0
4.178,20.661,1.024,0
4.427,19.500,1.007,0
4.646,18.309,0.991,0
4.914,17.160,0.974,0
5.095,15.986,0.958,0
5.261,14.837,0.941,0
5.406,13.662,0.924,0
5.532,12.499,0.908,0
5.641,11.330,0.891,0
5.726,10.147,0.874,0
5.795,9.000,0.857,0
5.842,7.814,0.841,0
5.871,6.654,0.824,0
5.880,5.486,0.807,0
5.870,4.324,0.791,0
5.903,3.148,0.774,0
5.854,1.999,0.757,0
5.785,0.823,0.741,0
5.698,-0.339,0.724,0
5.589,-1.501,0.707,0
5.463,-2.683,0.691,0
5.316,-3.838,0.674,0
5.151,-5.016,0.658,0
4.965,-6.169,0.641,0
4.760,-7.345,0.624,0
4.537,-8.514,0.607,0
4.291,-9.676,0.591,0
4.095,-10.853,0.574,0
3.812,-12.001,0.558,0
3.507,-13.170,0.541,0
3.188,-14.352,0.524,0
2.848,-15.508,0.508,0
2.487,-16.671,0.491,0
2.790,-17.838,0.474,1
3.073,21.830,0.457,0
3.336,20.655,0.441,0
3.574,19.486,0.424,0
3.801,18.338,0.407,0
4.006,17.153,0.391,0
4.250,15.983,0.374,0
4.418,14.831,0.357,0
4.567,13.645,0.340,0
4.687,12.454,0.324,0
4.792,11.323,0.308,0
4.880,10.169,0.291,0
4.947,8.992,0.274,0
4.996,7.831,0.257,0
5.024,6.662,0.241,0
5.033,5.500,0.224,0
5.024,4.338,0.207,0
4.994,3.147,0.191,0
5.008,2.000,0.174,0
4.939,0.830,0.157,0
4.851,-0.346,0.141,0
4.319,-1.507,0.124,0
4.242,-2.676,0.108,0
4.145,-3.833,0.091,0
4.056,-5.014,0.074,0
3.947,-6.162,0.058,0
3.791,-7.325,0.041,0
3.616,-8.500,0.024,0
3.448,-9.676,0.026,0
3.259,-10.838,0.027,0
3.042,-12.007,0.011,0
3.394,-13.162,0.012,1
3.726,21.831,0.014,0
4.066,20.662,0.015,0
4.381,19.486,0.017,0
4.657,18.330,0.018,0
4.908,17.148,0.020,0
4.667,15.993,0.021,0
4.834,14.831,0.022,0
4.977,13.648,0.024,0
5.104,12.499,0.026,0
5.272,11.324,0.009,0
5.272,10.168,0.009,0
5.360,10.168,0.010,0
5.426,8.991,0.012,0
5.474,7.844,1.014,0
5.503,6.675,0.997,0
5.513,5.512,0.980,0
5.503,4.343,0.964,0
5.474,3.175,0.947,0
5.425,2.013,0.930,0
5.356,0.830,0.914,0
5.269,-0.325,0.897,0
5.161,-1.494,0.880,0
5.098,-2.663,0.864,0
4.952,-3.827,0.847,0
4.785,-4.995,0.830,0
4.600,-6.170,0.814,0
4.398,-7.339,0.797,0
4.172,-8.487,0.780,0
3.930,-9.663,0.764,0
3.668,-10.825,0.747,0
3.384,-11.987,0.730,0
3.080,-13.163,0.714,0
2.760,-14.340,0.697,0
2.420,-15.501,0.680,0
2.058,-16.665,0.664,0
1.745,-17.839,0.647,0
1.347,-18.994,0.630,0
0.924,-20.156,0.614,0
0.489,-21.339,0.597,0
0.034,-22.495,0.580,0
-0.444,-23.656,0.564,0
-0.943,-24.826,0.547,0
-1.454,-26.001,0.530,0
-1.996,-27.156,0.514,0
-2.542,-28.339,0.497,0
-3.112,-29.487,0.480,0
-2.811,-30.000,0.464,1
-2.465,21.831,0.447,0
-2.209,20.661,0.430,0
-1.966,19.515,0.414,0
-1.738,18.349,0.397,0
-1.539,17.162,0.381,0
-1.353,16.021,0.364,0
-1.189,14.846,0.347,0
-1.043,13.684,0.330,0
-0.915,12.515,0.314,0
-0.808,11.339,0.297,0
-0.721,10.170,0.280,0
-0.591,9.007,0.264,0
-0.542,7.844,0.247,0
-0.514,6.676,0.230,0
-0.504,5.515,0.214,0
-0.514,4.346,0.197,0
-0.543,3.176,0.180,0
-0.592,2.015,0.164,0
-0.660,0.839,0.147,0
-1.173,-0.324,0.130,0
-1.230,-1.499,0.114,0
-1.307,-2.655,0.097,0
-1.378,-3.830,0.080,0
-1.470,-4.992,0.064,0
-1.589,-6.170,0.047,0
-1.746,-7.316,0.030,0
-1.920,-8.500,0.014,0
-2.087,-9.668,0.015,0
-1.712,-10.823,0.017,1
-1.378,21.838,0.018,0
-1.069,20.661,0.020,0
-0.747,19.506,0.021,0
-0.451,18.324,0.023,0
-0.194,17.168,0.024,0
0.038,15.985,0.026,0
0.266,14.831,0.009,0
-0.016,13.662,0.011,0
0.114,12.507,0.012,0
0.219,11.316,0.014,0
0.305,10.163,0.015,0
0.373,9.006,0.017,0
0.422,7.836,0.018,0
0.450,6.662,1.020,0
0.459,5.507,1.003,0
0.450,4.338,0.986,0
0.420,3.155,0.970,0
0.371,2.000,0.953,0
0.302,0.838,0.936,0
0.277,-0.345,0.920,0
0.170,-1.498,0.903,0
0.043,-2.675,0.886,0
-0.102,-3.845,0.870,0
-0.268,-4.993,0.853,0
-0.453,-6.162,0.836,0
-0.154,-7.331,0.820,1
0.127,21.838,0.803,0
0.392,20.676,0.786,0
0.635,19.499,0.770,0
0.860,18.330,0.753,0
1.066,17.155,0.736,0
1.308,15.978,0.720,0
1.472,14.838,0.703,0
1.621,13.675,0.686,0
1.745,12.486,0.670,0
1.853,11.331,0.653,0
1.939,10.155,0.636,0
2.007,8.992,0.620,0
2.056,7.830,0.603,0
2.083,6.654,0.587,0
2.093,5.505,0.570,0
2.083,4.325,0.553,0
2.053,3.137,0.536,0
2.067,1.985,0.519,0
1.998,0.810,0.503,0
1.911,-0.345,0.486,0
1.804,-1.500,0.470,0
1.676,-2.662,0.453,0
1.531,-3.845,0.436,0
1.365,-5.000,0.420,0
1.180,-6.162,0.403,0
0.975,-7.331,0.386,0
0.750,-8.500,0.370,0
0.507,-9.678,0.353,0
0.871,-10.839,0.336,1
1.152,21.831,0.320,0
1.416,20.670,0.303,0
1.659,19.494,0.286,0
1.878,18.325,0.270,0
2.086,17.176,0.253,0
2.270,15.993,0.236,0
2.433,14.825,0.220,0
2.578,13.670,0.203,0
2.700,12.508,0.187,0
2.805,11.371,0.170,0
2.996,10.216,0.139,0
3.008,8.000,0.137,0
2.637,7.892,0.120,0
2.716,6.669,0.103,0
2.775,5.492,0.086,0
2.840,4.339,0.070,0
2.885,3.170,0.053,0
2.886,2.008,0.036,0
2.868,0.830,0.020,0
2.855,-0.330,0.021,0
2.822,-1.500,0.023,0
2.746,-2.673,0.024,0
2.650,-3.838,0.026,0
2.558,-4.993,0.027,0
2.437,-6.183,0.011,0
2.307,-7.337,0.012,0
2.133,-8.507,0.014,0
1.939,-9.669,0.015,0
1.252,-10.837,0.017,0
0.970,-12.000,0.018,0
1.270,-13.169,0.020,1
1.554,21.835,0.021,0
1.815,20.661,0.023,0
2.059,19.499,0.024,0
2.277,18.324,1.026,0
2.547,17.180,1.009,0
2.732,15.999,0.992,0
2.893,14.830,0.976,0
3.041,13.682,0.959,0
3.167,12.507,0.943,0
3.273,11.338,0.926,0
3.360,10.176,0.909,0
3.429,9.012,0.892,0
3.477,7.831,0.876,0
3.506,6.676,0.859,0
3.515,5.506,0.843,0
3.506,4.338,0.826,0
3.539,3.163,0.809,0
3.490,2.012,0.792,0
3.422,0.824,0.776,0
3.334,-0.331,0.759,0
3.226,-1.501,0.742,0
3.100,-2.677,0.726,0
2.955,-3.832,0.709,0
2.787,-4.987,0.692,0
2.602,-6.169,0.676,0
2.397,-7.338,0.659,0
2.173,-8.507,0.642,0
1.932,-9.677,0.626,0
1.732,-10.825,0.609,0
1.451,-11.993,0.593,0
1.146,-13.154,0.576,0
0.824,-14.338,0.559,0
0.486,-15.507,0.543,0
0.784,-16.661,0.526,1
1.081,21.843,0.509,0
1.333,20.624,0.492,0
1.573,19.491,0.476,0
1.795,18.337,0.459,0
1.999,17.175,0.443,0
2.184,16.007,0.426,0
2.414,14.838,0.409,0
2.557,13.660,0.393,0
2.684,12.506,0.376,0
2.793,11.337,0.359,0
2.877,10.154,0.343,0
2.946,9.005,0.326,0
2.995,7.831,0.309,0
3.023,6.654,0.292,0
3.033,5.492,0.276,0
3.022,4.323,0.259,0
2.906,3.155,0.209,0
2.722,0.533,0.159,0
2.158,0.276,0.110,0
2.166,0.022,0.059,0
2.144,-0.237,0.027,0
2.131,-0.494,0.015,0
2.125,-0.741,0.018,0
1.591,-1.007,0.023,0
1.377,-1.263,0.027,0
1.221,-1.522,0.013,0
0.999,-1.782,0.982,0
0.772,-2.033,0.932,0
0.604,-2.290,0.882,0
0.480,-2.547,0.865,0
0.336,-3.709,0.849,0
0.173,-4.873,0.832,0
-0.010,-6.032,0.815,0
-0.215,-7.202,0.799,0
-0.434,-8.385,0.782,0
-0.675,-9.532,0.765,0
-0.938,-10.702,0.749,0
-1.216,-11.878,0.732,0
-1.516,-13.033,0.715,0
-1.835,-14.204,0.699,0
-2.112,-15.370,0.682,0
-2.472,-16.540,0.665,0
-2.848,-17.716,0.649,0
-3.241,-18.878,0.632,0
-3.535,-20.033,0.615,0
-3.846,-21.209,0.599,0
-3.420,-22.377,0.582,1
-3.012,21.838,0.565,0
-2.625,20.668,0.549,0
-2.256,19.506,0.532,0
-1.908,18.337,0.515,0
-1.578,17.174,0.499,0
-1.265,16.005,0.482,0
-1.041,14.823,0.465,0
-0.769,13.676,0.449,0
-0.516,12.506,0.432,0
-0.285,11.330,0.415,0
-0.070,10.175,0.399,0
0.121,8.992,0.382,0
0.297,7.845,0.365,0
0.451,6.662,0.349,0
0.586,5.506,0.332,0
0.702,4.331,0.315,0
0.798,3.160,0.299,0
0.812,1.993,0.282,0
0.869,0.845,0.265,0
0.907,-0.324,0.249,0
0.926,-1.501,0.232,0
0.924,-2.656,0.215,0
0.903,-3.838,0.199,0
0.865,-5.007,0.182,0
0.806,-6.156,0.166,0
0.726,-7.318,0.149,0
1.054,-8.501,0.132,0
0.884,-9.657,0.115,0
0.697,-10.839,0.099,0
0.480,-12.001,0.082,0
0.833,-13.156,0.065,1
1.164,21.830,0.049,0
1.506,20.668,0.032,0
1.821,19.486,0.015,0
2.096,18.331,0.017,0
2.352,17.162,0.018,0
2.613,15.986,0.020,0
2.852,14.816,0.021,0
3.050,13.655,0.023,0
3.224,12.478,0.024,0
3.406,11.324,0.026,0
3.557,10.162,0.009,0
3.700,8.986,0.011,0
4.298,7.817,0.012,0
4.452,6.656,0.014,0
4.588,5.500,0.015,0
4.703,4.317,0.017,0
4.799,3.162,0.018,0
4.876,1.993,0.020,0
4.933,0.822,1.021,0
4.971,-0.345,1.005,0
4.989,-1.500,0.988,0
4.987,-2.669,0.971,0
4.904,-3.845,0.955,0
4.865,-5.014,0.938,0
4.803,-6.169,0.921,0
4.727,-7.352,0.905,0
4.627,-8.500,0.888,0
4.508,-9.677,0.871,0
4.371,-10.852,0.855,0
4.214,-12.013,0.838,0
4.039,-13.183,0.821,0
3.841,-14.345,0.805,0
3.630,-15.521,0.788,0
3.393,-16.669,0.771,0
3.075,-17.845,0.755,0
2.801,-19.015,0.738,0
2.510,-20.185,0.721,0
2.202,-21.346,0.705,0
1.866,-22.500,0.688,0
1.512,-23.677,0.671,0
1.143,-24.853,0.655,0
0.752,-26.015,0.638,0
0.347,-27.184,0.621,0
-0.080,-28.338,0.605,0
-0.521,-29.500,0.588,0
-0.962,-30.000,0.571,0
-1.460,-30.000,0.555,0
-1.898,-30.000,0.538,0
-2.336,-30.000,0.521,0
-2.769,-30.000,0.505,0
-3.206,-30.000,0.488,0
-3.651,-30.000,0.471,0
-3.227,-30.000,0.455,1
-2.821,21.845,0.438,0
-2.431,20.684,0.421,0
-2.067,19.508,0.405,0
-1.718,18.359,0.388,0
-1.384,17.196,0.371,0
-1.140,16.008,0.355,0
-0.846,14.860,0.338,0
-0.575,13.677,0.321,0
-0.325,12.513,0.305,0
-0.092,11.360,0.288,0
0.123,10.190,0.271,0
0.316,9.006,0.255,0
0.490,7.846,0.238,0
0.645,6.690,0.221,0
0.780,5.514,0.205,0
0.896,4.360,0.188,0
0.993,3.190,0.172,0
1.007,2.027,0.155,0
1.065,0.851,0.138,0
1.528,-0.309,0.121,0
1.496,-1.479,0.105,0
1.446,-2.648,0.088,0
1.351,-3.809,0.071,0
1.235,-4.978,0.055,0
1.126,-6.154,0.038,0
1.501,-7.324,0.021,1
1.832,21.838,0.023,0
2.144,20.676,0.025,0
2.467,19.514,0.026,0
2.750,18.330,0.009,0
3.032,17.176,0.011,0
3.267,16.000,0.012,0
3.479,14.830,0.014,0
3.701,13.683,0.015,0
3.906,12.514,0.017,0
4.562,11.331,0.018,0
4.775,10.169,0.020,0
4.775,9.007,0.020,0
4.968,9.007,0.021,0
5.141,7.847,0.023,0
5.297,6.684,0.024,0
5.432,5.508,0.026,0
5.485,4.340,0.009,0
5.581,3.184,1.011,0
5.658,2.013,0.994,0
5.716,0.846,0.977,0
5.753,-0.329,0.961,0
5.772,-1.506,0.944,0
5.772,-2.662,0.928,0
5.751,-3.816,0.911,0
5.710,-4.987,0.894,0
5.651,-6.168,0.877,0
5.574,-7.329,0.861,0
5.475,-8.485,0.844,0
5.294,-9.661,0.827,0
5.160,-10.830,0.811,0
4.999,-11.979,0.794,0
4.827,-13.168,0.778,0
4.628,-14.316,0.761,0
4.415,-15.500,0.744,0
4.173,-16.661,0.727,0
3.925,-17.853,0.711,0
3.651,-18.998,0.694,0
3.360,-20.168,0.677,0
3.047,-21.330,0.661,0
2.720,-22.499,0.644,0
2.305,-23.654,0.628,0
1.934,-24.823,0.611,0
1.546,-25.991,0.594,0
1.133,-27.153,0.577,0
0.710,-28.330,0.561,0
0.262,-29.485,0.544,0
-0.164,-30.000,0.528,0
-0.602,-30.000,0.511,0
-1.040,-30.000,0.494,0
-1.458,-30.000,0.478,0
-1.917,-30.000,0.461,0
-1.246,-30.000,0.432,1
-1.069,20.972,0.426,0
-0.743,20.585,0.410,0
-0.379,19.409,0.393,0
-0.029,18.255,0.376,0
0.295,17.078,0.360,0
0.604,15.929,0.343,0
0.895,14.762,0.326,0
1.165,13.585,0.310,0
1.416,12.416,0.293,0
1.645,11.247,0.276,0
1.859,10.092,0.259,0
2.050,8.908,0.243,0
2.223,7.748,0.226,0
2.313,6.578,0.210,0
2.446,5.417,0.193,0
2.560,4.254,0.176,0
2.655,3.093,0.160,0
2.731,1.923,0.143,0
3.212,0.761,0.126,0
3.198,-0.421,0.110,0
3.165,-1.577,0.093,0
3.088,-2.752,0.076,0
2.990,-3.915,0.060,0
2.899,-5.091,0.043,0
2.790,-6.252,0.026,0
2.646,-7.407,0.010,0
2.473,-8.583,0.011,0
2.279,-9.738,0.013,0
2.087,-10.907,0.014,0
1.883,-12.090,0.016,0
1.632,-13.238,0.017,0
1.356,-14.401,0.019,0
1.093,-15.583,0.020,0
0.807,-16.739,0.022,0
0.974,-17.908,0.023,0
1.401,-19.084,0.025,1
1.809,21.831,0.026,0
2.135,20.662,0.009,0
2.498,19.493,0.011,0
2.850,18.345,0.013,0
3.179,17.168,0.014,0
3.490,16.005,0.597,0
3.781,14.832,0.581,0
4.052,13.662,0.564,0
4.302,12.500,0.548,0
4.536,11.344,0.531,0
4.749,10.168,0.514,0
4.942,8.992,0.498,0
5.116,7.837,0.481,0
5.208,6.661,0.464,0
5.343,5.500,0.447,0
5.458,4.330,0.431,0
5.555,3.167,0.414,0
5.631,1.984,0.397,0
5.689,0.831,0.381,0
5.726,-0.330,0.364,0
5.746,-1.501,0.348,0
5.744,-2.654,0.331,0
5.723,-3.838,0.314,0
5.683,-5.007,0.297,0
5.624,-6.170,0.281,0
5.482,-7.331,0.264,0
5.382,-8.506,0.247,0
5.267,-9.679,0.231,0
5.129,-10.832,0.214,0
5.553,-12.000,0.198,1
5.964,21.844,0.181,0
6.351,20.663,0.164,0
6.722,19.501,0.147,0
-0.682,18.324,0.131,0
-0.377,17.170,0.114,0
-0.094,16.000,0.098,0
-0.601,14.846,0.081,0
-0.392,13.663,0.064,0
-0.166,12.493,0.047,0
0.041,11.331,0.031,0
0.228,10.170,0.014,0
0.373,9.008,0.016,0
0.522,7.824,0.017,0
0.651,6.663,0.019,0
0.261,5.506,0.020,0
0.352,4.339,0.022,0
0.423,3.169,0.023,0
0.450,1.993,0.025,0
0.482,0.846,0.026,0
0.457,-0.331,0.010,0
0.451,-1.506,0.011,0
0.425,-2.661,0.013,0
0.354,-3.823,0.014,0
0.139,-4.993,0.016,0
0.029,-6.164,0.017,0
-0.073,-7.337,0.019,0
-0.197,-8.491,0.020,0
-0.340,-9.661,0.022,0
-0.529,-10.831,0.023,0
-0.128,-12.006,0.025,1
0.255,21.837,0.026,0
0.579,20.667,0.010,0
0.925,19.506,0.011,0
1.219,18.330,0.013,0
1.527,17.182,0.014,0
1.810,16.004,0.016,0
2.078,14.845,0.017,0
2.300,13.669,0.019,0
2.525,12.499,0.020,0
2.733,11.337,0.022,0
2.920,10.169,0.023,0
3.063,9.014,0.025,0
3.212,7.852,0.026,0
3.305,6.685,0.010,0
3.415,5.507,0.011,0
3.506,4.338,0.013,0
3.552,3.169,0.014,0
3.604,2.011,0.016,0
3.636,0.845,0.017,0
3.650,-0.331,0.019,0
3.793,-1.486,0.020,0
3.742,-2.662,0.022,0
3.697,-3.825,0.023,0
3.630,-4.986,0.025,0
3.548,-6.173,0.026,0
3.405,-7.326,0.010,0
3.260,-8.500,0.011,0
3.117,-9.648,0.013,0
2.954,-10.817,0.014,0
3.246,-11.987,0.016,0
3.048,-13.162,0.017,0
2.825,-14.319,0.019,0
2.554,-15.494,0.020,0
2.300,-16.684,0.022,0
2.026,-17.832,0.023,0
1.721,-18.981,0.025,0
3.860,-20.170,0.026,0
3.479,-21.317,0.009,0
3.127,-22.501,0.011,0
2.724,-23.656,0.013,0
10.282,-24.828,0.014,0
9.894,-25.987,0.016,0
9.483,-27.149,0.017,0
9.057,-28.320,0.019,0
8.610,-29.481,0.020,0
8.181,-30.000,0.022,0
7.733,-30.000,0.187,0
8.155,-30.000,0.170,1
8.562,21.850,0.154,0
8.889,20.685,0.137,0
1.504,19.514,0.120,0
1.829,18.360,0.104,0
2.135,17.191,0.087,0
1.649,16.021,0.070,0
1.910,14.836,0.054,0
2.159,13.692,0.037,0
2.384,12.515,0.020,0
2.567,11.360,0.022,0
2.756,10.190,0.023,0
2.924,9.023,0.025,0
2.573,7.861,0.026,0
2.667,6.691,0.010,0
2.776,5.509,0.011,0
2.867,4.352,0.013,0
2.914,3.178,0.014,0
2.966,2.001,0.016,0
2.998,0.847,0.017,0
3.011,-0.316,0.019,0
2.980,-1.491,0.020,0
2.804,-2.661,0.022,0
2.734,-3.823,0.023,0
2.669,-4.984,0.025,0
2.585,-6.156,0.026,0
2.446,-7.322,0.010,0
2.323,-8.471,0.011,0
2.155,-9.639,0.013,0
1.992,-10.808,0.014,0
1.811,-11.984,0.016,0
1.609,-13.147,0.017,0
1.366,-14.322,0.019,0
1.775,-15.478,0.020,1
2.156,21.808,0.022,0
2.512,20.647,0.023,0
2.832,19.504,0.025,0
3.158,18.332,0.026,0
3.422,17.155,0.010,0
3.706,15.998,0.011,0
3.975,14.839,0.013,0
4.193,13.656,0.014,0
4.421,12.507,0.016,0
4.628,11.331,0.017,0
4.816,10.168,0.019,0
4.960,8.998,0.020,0
5.109,7.825,0.022,0
5.238,6.654,0.023,0
5.347,5.493,0.025,0
5.588,4.339,0.026,0
5.622,3.163,0.010,0
5.648,1.994,0.011,0
5.681,0.831,0.013,0
5.693,-0.324,0.014,0
5.687,-1.506,0.016,0
5.635,-2.669,0.017,0
5.590,-3.844,0.019,0
5.525,-5.008,0.020,0
5.917,-6.175,0.022,0
5.813,-7.330,0.023,0
5.690,-8.493,0.025,0
5.521,-9.661,0.026,0
5.319,-10.838,0.010,0
5.138,-12.014,0.011,0
4.936,-13.175,0.013,0
4.719,-14.344,0.014,0
6.928,-15.499,0.016,0
6.663,-16.668,0.017,0
6.365,-17.855,0.019,0
14.014,-19.001,0.020,0
13.721,-20.177,0.022,0
13.410,-21.345,0.023,0
13.075,-22.507,0.025,0
12.726,-23.683,0.026,0
12.291,-24.844,0.009,0
11.777,-26.014,0.011,0
11.247,-27.175,0.595,0
10.685,-28.330,0.578,0
10.130,-29.513,0.561,0
9.560,-30.000,0.544,0
8.999,-30.000,0.528,0
8.435,-30.000,0.511,0
7.877,-30.000,0.495,0
7.316,-30.000,0.478,0
6.750,-30.000,0.461,0
6.176,-30.000,0.444,0
5.682,-30.000,0.428,0
5.123,-30.000,0.411,0
4.563,-30.000,0.395,0
4.002,-30.000,0.378,0
3.415,-30.000,0.361,0
2.871,-30.000,0.344,0
2.311,-30.000,0.328,0
1.747,-30.000,0.311,0
1.186,-30.000,0.295,0
1.486,-30.000,0.278,1
1.777,21.837,0.261,0
2.035,20.638,0.244,0
2.344,19.486,0.228,0
2.564,18.304,0.211,0
2.762,17.147,0.195,0
2.950,16.007,0.178,0
3.115,14.823,0.161,0
3.260,13.655,0.144,0
2.961,12.493,0.128,0
3.118,11.323,0.111,0
3.253,10.155,0.095,0
3.398,9.000,0.078,0
3.520,7.809,0.061,0
3.598,6.662,0.045,0
3.671,5.500,0.028,0
3.710,4.324,0.011,0
3.756,3.169,0.013,0
3.782,2.006,0.014,0
3.763,0.830,0.016,0
3.763,-0.339,0.016,0
3.725,-0.339,0.017,0
3.693,-1.506,0.019,0
3.642,-2.676,0.020,0
3.545,-3.824,0.022,0
3.431,-5.007,0.024,0
2.820,-6.155,0.025,0
2.615,-7.332,0.026,0
2.456,-8.502,0.010,0
2.212,-9.655,0.011,0
1.951,-10.824,0.013,0
1.663,-11.983,0.014,0
1.164,-13.175,1.025,0
1.016,-14.929,1.016,0
0.677,-15.591,1.000,0
0.311,-16.746,0.983,0
0.608,-17.928,0.966,1
0.895,21.849,0.949,0
1.153,20.661,0.933,0
1.400,19.512,0.916,0
1.620,18.329,0.899,0
1.899,17.175,0.882,0
2.072,15.952,0.866,0
2.240,14.836,0.849,0
2.381,13.654,0.833,0
2.507,12.513,0.816,0
2.616,11.350,0.799,0
2.703,10.168,0.783,0
2.771,9.000,0.766,0
2.819,7.831,0.749,0
2.848,6.667,0.733,0
2.857,5.507,0.716,0
2.847,4.330,0.699,0
2.881,3.160,0.683,0
2.832,1.999,0.666,0
2.763,0.844,0.649,0
2.675,-0.339,0.633,0
2.568,-1.508,0.616,0
2.441,-2.670,0.599,0
2.296,-3.839,0.583,0
2.130,-4.994,0.566,0
1.945,-6.157,0.549,0
1.739,-7.331,0.533,0
1.517,-8.507,0.516,0
1.273,-9.662,0.499,0
1.073,-10.831,0.483,0
0.791,-11.996,0.466,0
0.489,-13.162,0.449,0
0.167,-14.332,0.433,0
-0.170,-15.501,0.416,0
0.138,-16.655,0.399,1
0.412,21.809,0.383,0
0.676,20.668,0.366,0
0.918,19.493,0.349,0
1.143,18.330,0.333,0
1.347,17.154,0.316,0
1.529,15.985,0.299,0
1.759,14.830,0.283,0
1.905,13.654,0.266,0
2.029,12.478,0.249,0
2.136,11.324,0.233,0
2.221,10.156,0.216,0
2.289,9.000,0.199,0
2.129,7.831,0.149,0
1.640,1.699,0.100,0
1.684,1.445,0.049,0
1.686,1.186,0.018,0
1.683,0.931,0.022,0
1.702,0.675,0.026,0
1.204,0.416,0.013,0
1.014,0.160,0.018,0
0.819,-0.095,1.022,0
0.620,-0.352,0.972,0
0.480,-0.609,0.922,0
0.273,-0.865,0.872,0
0.172,-1.125,0.855,0
0.051,-2.281,0.838,0
-0.089,-3.456,0.822,0
0.236,-4.626,0.804,1
0.493,21.754,0.788,0
0.752,20.669,0.772,0
1.058,19.513,0.755,0
1.284,18.345,0.738,0
1.487,17.169,0.722,0
1.679,16.005,0.704,0
1.836,14.800,0.688,0
1.981,13.674,0.672,0
2.106,12.515,0.655,0
2.214,11.352,0.638,0
2.301,10.184,0.622,0
2.371,9.014,0.605,0
2.419,7.824,0.588,0
2.448,6.668,0.572,0
2.519,5.501,0.555,0
2.509,4.346,0.538,0
2.480,3.184,0.522,0
2.431,2.000,0.505,0
2.363,0.839,0.488,0
2.275,-0.331,0.472,0
2.168,-1.492,0.455,0
2.042,-2.662,0.438,0
1.896,-3.823,0.422,0
1.729,-4.986,0.405,0
1.545,-6.168,0.388,0
1.340,-7.323,0.372,0
1.179,-8.500,0.355,0
0.937,-9.661,0.338,0
0.672,-10.824,0.322,0
0.388,-11.999,0.305,0
0.092,-13.176,0.288,0
-0.230,-14.317,0.272,0
-0.574,-15.487,0.255,0
-0.933,-16.669,0.238,0
-0.631,-17.830,0.222,1
-0.351,21.830,0.205,0
-0.092,20.669,0.188,0
0.153,19.514,0.172,0
0.440,18.338,0.155,0
0.644,17.169,0.138,0
0.406,16.004,0.121,0
0.620,14.823,0.105,0
0.813,13.660,0.088,0
1.015,12.505,0.072,0
1.196,11.337,0.055,0
1.333,10.169,0.038,0
1.451,9.012,0.022,0
1.575,7.844,0.023,0
1.679,6.661,0.025,0
1.737,5.500,0.026,0
1.791,4.345,0.010,0
1.811,3.174,0.011,0
1.837,2.005,0.013,0
1.844,0.838,0.014,0
1.807,-0.324,0.016,0
1.749,-1.487,0.017,0
1.197,-2.662,0.019,0
1.051,-3.831,0.020,0
0.887,-5.001,0.022,0
0.700,-6.149,0.023,0
0.497,-7.331,0.025,0
0.271,-8.487,0.026,0
0.090,-9.669,0.009,0
0.385,-10.840,1.011,1
0.668,21.854,0.994,0
0.932,20.683,0.978,0
1.172,19.509,0.961,0
1.397,18.354,0.944,0
1.603,17.185,0.928,0
1.785,16.009,0.911,0
1.952,14.854,0.894,0
2.099,13.678,0.878,0
2.223,12.501,0.861,0
2.330,11.347,0.844,0
2.481,10.178,0.828,0
2.549,9.009,0.811,0
2.596,7.840,0.794,0
2.626,6.685,0.778,0
2.636,5.509,0.761,0
2.625,4.340,0.744,0
2.596,3.185,0.728,0
2.547,2.016,0.711,0
2.479,0.847,0.694,0
2.392,-0.316,0.678,0
2.285,-1.487,0.661,0
2.158,-2.653,0.644,0
2.076,-3.825,0.628,0
1.908,-4.978,0.611,0
1.725,-6.169,0.594,0
1.520,-7.315,0.578,0
1.298,-8.492,0.561,0
1.054,-9.647,0.544,0
0.791,-10.815,0.528,0
0.510,-11.985,0.511,0
0.208,-13.146,0.494,0
-0.113,-14.315,0.478,0
-0.454,-15.485,0.461,0
-0.129,-16.653,0.443,1
0.191,21.751,0.428,0
0.453,20.669,0.411,0
0.695,19.500,0.394,0
0.920,18.338,0.378,0
1.124,17.162,0.361,0
1.319,15.993,0.344,0
1.473,14.774,0.328,0
1.618,13.662,0.311,0
1.743,12.500,0.294,0
1.850,11.338,0.278,0
1.938,10.168,0.261,0
2.005,8.992,0.244,0
2.118,7.831,0.227,0
2.145,6.639,0.211,0
2.155,5.506,0.194,0
2.144,4.322,0.178,0
2.115,3.169,0.161,0
2.066,1.993,0.144,0
1.572,0.831,0.128,0
1.535,-0.345,0.111,0
1.478,-1.487,0.094,0
1.426,-2.662,0.078,0
1.355,-3.830,0.061,0
1.238,-4.994,0.044,0
1.115,-6.169,0.028,0
0.962,-7.346,0.011,0
0.813,-8.501,0.013,0
0.644,-9.670,0.014,0
0.996,-10.838,0.016,1
1.326,21.830,0.017,0
1.662,20.669,0.019,0
1.980,19.507,0.020,0
2.252,18.338,0.022,0
2.508,17.176,0.023,0
2.267,15.999,0.025,0
2.432,14.838,0.026,0
2.641,13.668,0.009,0
2.765,12.499,0.011,0
2.872,11.345,0.013,0
2.959,10.176,0.014,0
3.029,9.013,0.016,0
3.076,7.830,1.017,0
3.105,6.675,1.001,0
3.115,5.514,0.984,0
3.105,4.337,0.967,0
3.075,3.168,0.951,0
3.026,2.007,0.934,0
2.958,0.845,0.917,0
2.933,-0.324,0.901,0
2.825,-1.493,0.884,0
2.698,-2.670,0.867,0
2.552,-3.839,0.850,0
2.387,-5.007,0.834,0
2.203,-6.163,0.817,0
1.997,-7.324,0.800,0
1.775,-8.500,0.784,0
1.532,-9.655,0.767,0
1.266,-10.824,0.750,0
0.987,-12.007,0.734,0
0.683,-13.156,0.717,0
0.423,-14.332,0.700,0
0.085,-15.509,0.684,0
0.404,-16.664,0.666,1
0.666,21.773,0.650,0
0.927,20.671,0.634,0
1.174,19.509,0.617,0
1.398,18.326,0.600,0
1.609,17.155,0.583,0
1.782,15.956,0.567,0
1.949,14.840,0.550,0
2.095,13.663,0.534,0
2.219,12.495,0.517,0
2.392,11.339,0.500,0
2.477,10.147,0.484,0
2.543,8.995,0.467,0
2.593,7.846,0.450,0
2.622,6.664,0.434,0
2.630,5.487,0.417,0
2.621,4.339,0.401,0
2.591,3.171,0.384,0
2.542,1.987,0.367,0
2.474,0.845,0.350,0
2.386,-0.336,0.334,0
2.279,-1.499,0.317,0
2.215,-2.661,0.301,0
2.069,-3.823,0.284,0
1.902,-4.991,0.267,0
1.718,-6.173,0.250,0
1.513,-7.335,0.234,0
1.290,-8.505,0.217,0
1.046,-9.660,0.200,0
0.781,-10.835,0.184,0
0.499,-12.013,0.167,0
0.200,-13.174,0.151,0
-0.550,-14.329,0.134,0
-0.203,-15.513,0.117,1
0.140,21.846,0.101,0
0.454,20.684,0.084,0
0.774,19.514,0.067,0
1.069,18.336,0.051,0
1.325,17.184,0.034,0
1.558,16.008,0.017,0
1.800,14.852,0.019,0
2.018,13.676,0.020,0
2.197,12.521,0.022,0
2.354,11.338,0.023,0
2.515,10.169,0.025,0
2.659,9.014,0.026,0
2.770,7.839,0.009,0
2.849,6.670,0.011,0
2.908,5.506,0.013,0
2.474,4.352,0.014,0
2.444,3.167,0.016,0
2.395,2.008,0.017,0
2.327,0.845,0.019,0
2.240,-0.310,0.020,0
2.132,-1.479,0.022,0
2.006,-2.654,1.023,0
1.860,-3.811,1.007,0
1.695,-4.985,0.990,0
1.571,-6.147,0.973,0
1.368,-7.330,0.957,0
1.143,-8.485,0.940,0
0.899,-9.661,0.923,0
0.640,-10.830,0.907,0
0.355,-11.978,0.890,0
0.052,-13.161,0.873,0
-0.264,-14.332,0.857,0
-0.611,-15.478,0.840,0
-0.969,-16.669,0.823,0
-1.347,-17.830,0.806,0
-1.747,-18.992,0.790,0
-2.178,-20.161,0.773,0
-1.825,-21.366,0.756,1
-1.548,21.871,0.740,0
-1.280,20.725,0.723,0
-1.040,19.536,0.707,0
-0.814,18.386,0.690,0
-0.608,17.212,0.673,0
-0.424,16.034,0.656,0
-0.258,14.874,0.640,0
0.015,13.705,0.623,0
0.265,12.535,0.607,0
0.499,11.381,0.590,0
0.649,10.211,0.573,0
0.847,9.049,0.556,0
1.018,7.844,0.540,0
1.173,6.719,0.523,0
1.309,5.549,0.507,0
1.426,4.387,0.490,0
1.523,3.212,0.473,0
1.600,2.037,0.457,0
1.658,0.888,0.440,0
1.697,-0.288,0.423,0
1.716,-1.443,0.407,0
1.716,-2.612,0.390,0
1.634,-3.789,0.373,0
1.594,-4.943,0.357,0
1.533,-6.118,0.340,0
1.432,-7.310,0.321,0
1.357,-8.634,0.306,0
1.240,-9.634,0.290,0
1.000,-10.802,0.265,0
0.937,-12.497,0.256,0
0.757,-13.168,0.239,0
0.564,-14.353,0.222,0
0.356,-15.506,0.206,0
0.119,-16.648,0.189,0
-0.137,-17.823,0.173,0
-0.476,-19.000,0.156,0
-0.765,-20.176,0.139,0
0.086,-21.330,0.123,1
0.443,21.837,0.106,0
0.784,20.669,0.089,0
1.073,19.493,0.073,0
1.346,18.344,0.056,0
1.627,17.182,0.039,0
1.887,16.006,0.023,0
2.105,14.845,0.024,0
2.302,13.662,0.025,0
2.487,12.489,0.009,0
2.672,11.350,0.010,0
2.835,10.162,0.012,0
2.952,9.000,0.014,0
3.052,7.844,0.015,0
3.156,6.669,0.017,0
3.241,5.507,0.018,0
3.782,4.344,0.020,0
3.878,3.175,0.021,0
3.955,2.013,0.023,0
4.013,0.838,0.024,0
4.051,-0.332,0.026,0
4.068,-1.493,0.027,0
4.005,-2.678,0.010,0
3.984,-3.831,1.012,0
3.945,-5.001,0.995,0
3.884,-6.163,0.979,0
3.804,-7.339,0.962,0
3.708,-8.513,0.945,0
3.592,-9.665,0.929,0
3.453,-10.824,0.912,0
3.297,-12.000,0.895,0
3.123,-13.163,0.879,0
2.923,-14.324,0.862,0
2.710,-15.508,0.845,0
2.409,-16.669,0.828,0
2.159,-17.847,0.812,0
1.885,-19.001,0.795,0
1.591,-20.170,0.779,0
1.278,-21.339,0.762,0
0.953,-22.508,0.745,0
0.596,-23.656,0.729,0
0.230,-24.839,0.712,0
-0.160,-25.994,0.695,0
-0.565,-27.162,0.679,0
-1.001,-28.318,0.662,0
-1.435,-29.501,0.645,0
-1.933,-30.000,0.629,0
-2.369,-30.000,0.612,0
-2.807,-30.000,0.595,0
-3.251,-30.000,0.579,0
-3.686,-30.000,0.562,0
-4.121,-30.000,0.545,0
-3.691,-30.000,0.529,1
-3.287,21.824,0.512,0
-2.901,20.668,0.495,0
-2.528,19.506,0.479,0
-2.182,18.324,0.462,0
-1.852,17.169,0.445,0
-1.604,15.999,0.429,0
-1.313,14.830,0.412,0
-1.044,13.662,0.395,0
-0.790,12.505,0.379,0
-0.557,11.323,0.362,0
-0.345,10.152,0.345,0
-0.152,8.992,0.329,0
0.022,7.824,0.312,0
0.176,6.654,0.295,0
0.311,5.500,0.279,0
0.427,4.338,0.262,0
0.523,3.155,0.245,0
0.537,1.992,0.229,0
0.593,0.838,0.212,0
0.632,-0.353,0.195,0
0.650,-1.500,0.179,0
0.648,-2.677,0.162,0
0.629,-3.845,0.145,0
1.013,-4.994,0.129,0
0.905,-6.169,0.112,0
0.775,-7.325,0.095,0
0.602,-8.500,0.079,0
0.410,-9.669,0.062,0
0.222,-10.831,0.045,0
0.001,-12.003,0.029,0
-0.221,-13.176,0.012,0
0.135,-14.326,0.013,1
0.466,21.818,0.015,0
0.804,20.656,0.016,0
1.119,19.487,0.018,0
1.398,18.331,0.019,0
1.648,17.142,0.021,0
1.910,15.998,0.023,0
2.151,14.818,0.024,0
2.850,13.648,0.025,0
3.097,12.464,0.027,0
3.267,11.330,0.010,0
3.479,10.156,0.012,0
3.673,8.994,0.013,0
3.847,7.817,0.015,0
4.001,6.649,0.016,0
4.136,5.482,0.136,0
4.251,4.317,0.136,0
4.347,3.156,0.136,0
4.424,1.979,0.136,0
4.481,0.825,0.136,0
4.518,-0.345,0.136,0
4.537,-1.520,0.136,0
4.472,-2.682,0.136,0
4.451,-3.851,0.136,0
4.412,-5.020,0.136,0
4.352,-6.181,0.136,0
4.275,-7.345,0.136,0
4.112,-8.500,0.136,0
3.933,-9.682,0.136,0
3.729,-10.837,0.136,0
3.512,-12.021,0.136,0
3.271,-13.176,0.136,0
3.015,-14.350,0.136,0
2.737,-15.507,0.136,0
2.437,-16.676,0.136,0
2.119,-17.851,0.136,0
2.741,14.825,0.012,0
2.934,13.657,0.014,0
3.137,12.502,0.015,0
3.319,11.326,0.017,0
3.456,10.156,0.018,0
3.574,8.987,0.020,0
3.197,7.818,0.021,0
3.225,6.649,0.023,0
3.234,5.487,0.025,0
3.223,4.332,0.026,0
3.257,3.170,0.009,0
3.208,1.987,0.011,0
3.139,0.818,0.012,0
3.051,-0.343,1.014,0
2.944,-1.512,0.997,0
2.816,-2.675,0.980,0
2.670,-3.852,0.964,0
2.505,-5.019,0.947,0
2.320,-6.174,0.931,0
2.113,-7.336,0.914,0
1.891,-8.519,0.897,0
1.646,-9.674,0.880,0
1.446,-10.850,0.864,0
1.166,-12.012,0.847,0
0.861,-13.167,0.830,0
0.539,-14.351,0.814,0
0.201,-15.520,0.797,0
0.505,-16.675,0.780,1
0.783,21.824,0.764,0
1.047,20.668,0.747,0
1.290,19.493,0.730,0
1.509,18.324,0.714,0
1.714,17.176,0.697,0
1.899,16.008,0.681,0
2.128,14.836,0.664,0
2.273,13.662,0.647,0
2.398,12.501,0.631,0
2.506,11.338,0.614,0
2.593,10.163,0.597,0
2.661,9.000,0.580,0
2.708,7.824,0.564,0
2.737,6.675,0.547,0
2.747,5.508,0.531,0
2.736,4.339,0.514,0
2.707,3.176,0.497,0
2.658,1.992,0.480,0
2.653,0.824,0.464,0
2.565,-0.324,0.447,0
2.457,-1.494,0.430,0
2.330,-2.676,0.414,0
2.185,-3.838,0.397,0
2.019,-4.999,0.381,0
1.834,-6.162,0.364,0
1.630,-7.330,0.347,0
1.406,-8.493,0.331,0
1.160,-9.661,0.314,0
0.901,-10.847,0.297,0
0.615,-11.992,0.280,0
0.308,-13.177,0.263,0
0.661,-14.367,0.247,1
0.948,21.867,0.230,0
1.206,20.684,0.214,0
1.448,19.536,0.197,0
1.682,18.374,0.180,0
1.877,17.162,0.164,0
2.061,16.036,0.147,0
1.802,14.873,0.131,0
2.000,13.705,0.114,0
2.175,12.530,0.097,0
2.357,11.373,0.081,0
2.522,10.204,0.064,0
2.652,9.022,0.047,0
2.751,7.860,0.030,0
2.831,6.691,0.014,0
2.915,5.522,0.015,0
2.980,4.367,0.017,0
3.002,3.211,0.018,0
3.003,2.007,0.020,0
3.010,0.846,0.022,0
2.998,-0.288,0.023,0
2.941,-1.471,0.025,0
2.866,-2.625,0.026,0
2.783,-3.788,0.009,0
2.191,-4.957,0.011,0
2.007,-6.140,0.012,0
1.804,-7.301,0.014,0
1.582,-8.463,0.015,0
1.339,-9.622,0.017,0
1.075,-10.788,0.018,0
0.793,-11.964,1.020,0
0.492,-13.133,1.003,0
0.811,-14.301,0.986,1
1.072,21.771,0.970,0
1.336,20.675,0.953,0
1.584,19.500,0.936,0
1.863,18.314,0.920,0
2.069,17.176,0.903,0
2.251,16.000,0.887,0
2.418,14.845,0.870,0
2.565,13.668,0.853,0
2.690,12.492,0.836,0
2.797,11.330,0.820,0
2.885,10.161,0.803,0
2.951,8.991,0.787,0
3.000,7.837,0.770,0
3.028,6.661,0.753,0
3.038,5.506,0.736,0
3.090,4.323,0.720,0
3.061,3.175,0.703,0
3.012,1.985,0.686,0
2.944,0.823,0.670,0
2.855,-0.324,0.653,0
2.748,-1.508,0.636,0
2.621,-2.677,0.620,0
2.476,-3.838,0.603,0
2.309,-4.993,0.586,0
2.125,-6.177,0.570,0
1.920,-7.331,0.553,0
1.759,-8.501,0.536,0
1.517,-9.669,0.520,0
1.255,-10.824,0.503,0
0.968,-11.986,0.486,0
0.668,-13.178,0.470,0
0.348,-14.338,0.453,0
0.006,-15.500,0.436,0
0.319,-16.669,0.419,1
0.589,21.793,0.403,0
0.852,20.668,0.386,0
1.096,19.499,0.370,0
1.313,18.323,0.353,0
1.585,17.182,0.336,0
1.769,15.994,0.320,0
1.933,14.828,0.303,0
2.079,13.668,0.286,0
2.203,12.499,0.270,0
2.312,11.344,0.253,0
2.399,10.161,0.236,0
2.467,8.990,0.220,0
2.513,7.818,0.203,0
2.544,6.682,0.186,0
2.437,5.484,0.137,0
1.937,1.117,0.087,0
1.959,0.862,0.037,0
1.976,0.604,0.024,0
1.952,0.350,0.010,0
1.961,0.093,0.013,0
1.390,-0.169,0.019,0
1.190,-0.423,0.023,0
1.049,-0.678,1.010,0
0.840,-0.934,0.960,0
0.628,-1.191,0.910,0
0.411,-1.445,0.860,0
0.253,-1.704,0.810,0
0.137,-1.960,0.793,0
0.002,-3.143,0.777,0
-0.151,-4.304,0.760,0
-0.325,-5.466,0.743,0
-0.517,-6.636,0.727,0
-0.731,-7.797,0.710,0
-0.961,-8.973,0.693,0
-1.212,-10.128,0.677,0
-1.482,-11.298,0.660,0
-1.775,-12.459,0.643,0
-1.958,-13.642,0.627,0
-2.223,-14.804,0.610,0
-2.450,-15.966,0.593,0
-2.685,-17.149,0.577,0
-2.948,-18.290,0.560,0
-3.236,-19.459,0.543,0
-3.535,-20.650,0.527,0
-3.112,-21.811,0.510,1
-2.700,21.845,0.493,0
-2.315,20.662,0.477,0
-1.928,19.506,0.459,0
-1.609,18.265,0.444,0
-1.262,17.225,0.426,0
-0.795,15.979,0.397,0
-0.727,13.950,0.392,0
-0.455,13.599,0.375,0
-0.206,12.423,0.359,0
0.024,11.269,0.342,0
0.236,10.106,0.326,0
0.428,8.937,0.309,0
0.601,7.776,0.292,0
0.755,6.614,0.276,0
0.890,5.437,0.259,0
1.004,4.261,0.242,0
1.099,3.099,0.225,0
1.175,1.929,0.209,0
1.168,0.769,0.192,0
1.205,-0.400,0.175,0
1.222,-1.570,0.159,0
1.220,-2.725,0.142,0
1.624,-3.893,0.126,0
1.532,-5.056,0.109,0
1.423,-6.232,0.092,0
1.268,-7.393,0.076,0
1.095,-8.556,0.059,0
0.926,-9.719,0.042,0
0.737,-10.888,0.026,0
0.518,-12.056,0.009,0
0.264,-13.219,0.010,0
0.645,-14.394,0.011,1
0.976,21.735,0.013,0
1.307,20.655,0.015,0
1.605,19.514,0.017,0
1.879,18.332,0.018,0
2.159,17.163,0.019,0
2.415,15.994,0.021,0
3.137,14.845,0.022,0
3.406,13.648,0.024,0
3.655,12.494,0.026,0
3.888,11.345,0.027,0
4.038,10.170,0.011,0
4.233,9.007,0.012,0
4.406,7.824,0.013,0
4.560,6.663,1.015,0
4.696,5.508,0.998,0
4.811,4.325,0.982,0
4.907,3.170,0.965,0
4.984,2.008,0.948,0
5.041,0.825,0.932,0
5.079,-0.346,0.915,0
5.098,-1.500,0.898,0
5.035,-2.662,0.882,0
5.013,-3.824,0.865,0
4.974,-5.008,0.848,0
4.913,-6.161,0.832,0
4.835,-7.344,0.815,0
4.736,-8.500,0.798,0
4.617,-9.676,0.782,0
4.481,-10.844,0.765,0
4.327,-12.007,0.748,0
4.149,-13.161,0.732,0
3.954,-14.337,0.715,0
3.739,-15.499,0.698,0
3.506,-16.669,0.682,0
3.186,-17.830,0.665,0
2.912,-19.006,0.648,0
2.616,-20.175,0.631,0
2.308,-21.353,0.615,0
1.980,-22.507,0.598,0
1.626,-23.661,0.582,0
1.255,-24.837,0.565,0
0.866,-26.006,0.548,0
0.453,-27.168,0.532,0
0.032,-28.344,0.515,0
-0.406,-29.492,0.498,0
-0.850,-30.000,0.482,0
-1.348,-30.000,0.465,0
-1.783,-30.000,0.448,0
-2.219,-30.000,0.432,0
-1.787,-30.000,0.415,1
-1.381,21.817,0.398,0
-0.993,20.653,0.382,0
-0.624,19.487,0.365,0
-0.280,18.317,0.348,0
0.050,17.169,0.332,0
0.360,16.000,0.315,0
0.650,14.832,0.298,0
0.923,13.669,0.282,0
1.112,12.493,0.265,0
1.344,11.324,0.248,0
1.557,10.156,0.232,0
1.749,8.987,0.215,0
1.924,7.839,0.198,0
2.078,6.654,0.182,0
2.213,5.492,0.165,0
2.329,4.336,0.148,0
2.850,3.155,0.132,0
2.877,2.000,0.115,0
2.884,0.838,0.098,0
2.847,-0.338,0.082,0
2.802,-1.499,0.065,0
2.726,-2.668,0.048,0
2.655,-3.830,0.032,0
2.566,-5.013,0.015,0
2.430,-6.168,0.016,0
2.278,-7.344,0.018,0
2.130,-8.499,0.020,0
1.963,-9.661,0.021,0
1.750,-10.824,0.023,0
1.516,-11.999,0.024,0
1.293,-13.175,0.026,0
1.045,-14.330,0.027,0
0.767,-15.506,0.010,0
1.617,-16.675,0.012,1
2.027,21.838,0.013,0
2.414,20.661,0.015,0
2.779,19.499,0.017,0
3.129,18.343,0.018,0
3.457,17.176,0.020,0
3.769,16.014,1.021,0
4.059,14.838,1.004,0
4.332,13.676,0.988,0
4.584,12.500,0.971,0
4.815,11.330,0.954,0
4.966,10.176,0.938,0
5.159,9.006,0.921,0
5.334,7.845,0.904,0
5.488,6.656,0.888,0
5.623,5.507,0.871,0
5.739,4.345,0.854,0
5.835,3.176,0.838,0
5.912,2.000,0.821,0
5.969,0.845,0.804,0
6.007,-0.324,0.788,0
6.026,-1.493,0.771,0
6.025,-2.662,0.754,0
5.942,-3.823,0.738,0
5.901,-4.992,0.721,0
5.843,-6.169,0.704,0
5.764,-7.324,0.688,0
5.665,-8.493,0.671,0
5.546,-9.663,0.654,0
5.413,-10.839,0.638,0
5.253,-11.986,0.621,0
5.076,-13.169,0.604,0
4.883,-14.338,0.588,0
4.668,-15.493,0.571,0
4.431,-16.662,0.554,0
4.118,-17.838,0.538,0
3.844,-18.993,0.521,0
3.548,-20.162,0.504,0
3.238,-21.338,0.488,0
2.910,-22.500,0.471,0
2.553,-23.656,0.454,0
2.185,-24.838,0.438,0
1.800,-26.000,0.421,0
1.383,-27.155,0.404,0
0.957,-28.340,0.388,0
0.521,-29.500,0.371,0
0.026,-30.000,0.355,0
-0.415,-30.000,0.338,0
-0.853,-30.000,0.321,0
-1.291,-30.000,0.304,0
-1.726,-30.000,0.288,0
-1.300,-30.000,0.271,1
-0.894,21.837,0.255,0
-0.502,20.675,0.238,0
-0.137,19.493,0.221,0
0.214,18.338,0.204,0
0.544,17.162,0.188,0
0.852,15.992,0.171,0
1.143,14.837,0.154,0
1.353,13.669,0.138,0
2.029,12.493,0.121,0
2.211,11.331,0.104,0
2.374,10.162,0.088,0
2.493,8.992,0.071,0
2.591,7.824,0.054,0
2.695,6.662,0.038,0
2.781,5.507,0.021,0
2.822,4.323,0.022,0
2.842,3.155,0.024,0
2.869,1.993,0.026,0
2.876,0.838,0.027,0
2.852,-0.332,0.011,0
2.794,-1.493,0.012,0
2.719,-2.677,0.014,0
2.648,-3.830,0.015,0
2.558,-5.000,0.017,0
2.923,-6.170,0.018,0
2.844,-7.338,0.019,0
2.744,-8.507,0.021,0
2.627,-9.684,0.022,0
2.492,-10.845,0.024,0
2.337,-12.001,0.026,0
2.158,-13.162,1.027,0
1.901,-14.339,1.010,0
2.329,-15.501,0.994,1
2.736,21.831,0.977,0
3.121,20.663,0.961,0
3.490,19.508,0.944,0
3.841,18.338,0.927,0
4.170,17.163,0.910,0
4.480,16.000,0.894,0
4.770,14.832,0.877,0
5.041,13.670,0.861,0
5.295,12.507,0.844,0
5.526,11.325,0.827,0
5.675,10.163,0.811,0
5.869,9.007,0.794,0
6.043,7.832,0.777,0
6.197,6.670,0.761,0
6.333,5.508,0.744,0
6.448,4.325,0.727,0
6.545,3.168,0.710,0
6.621,1.993,0.694,0
6.678,0.832,0.677,0
6.716,-0.344,0.660,0
6.735,-1.507,0.644,0
6.733,-2.661,0.627,0
6.651,-3.845,0.611,0
6.611,-4.993,0.594,0
6.550,-6.162,0.577,0
6.472,-7.346,0.560,0
6.373,-8.500,0.544,0
6.253,-9.676,0.527,0
6.121,-10.853,0.511,0
5.965,-11.994,0.494,0
5.786,-13.155,0.477,0
5.590,-14.338,0.460,0
5.378,-15.506,0.444,0
5.082,-16.661,0.427,0
4.825,-17.824,0.410,0
4.552,-19.000,0.394,0
4.260,-20.168,0.377,0
3.950,-21.331,0.361,0
3.619,-22.493,0.344,0
3.266,-23.656,0.327,0
2.892,-24.830,0.310,0
2.503,-26.006,0.294,0
2.089,-27.169,0.277,0
1.663,-28.347,0.260,0
1.228,-29.506,0.244,0
0.787,-30.000,0.227,0
0.292,-30.000,0.210,0
-0.150,-30.000,0.194,0
-0.591,-30.000,0.177,0
-1.022,-30.000,0.160,0
-0.599,-30.000,0.144,1
0.236,21.845,0.127,0
0.571,20.669,0.111,0
0.890,19.514,0.094,0
1.163,18.344,0.077,0
1.423,17.182,0.060,0
1.679,15.992,0.044,0
1.922,14.845,0.027,0
2.130,13.669,0.010,0
2.308,12.500,0.012,0
2.463,11.331,0.014,0
2.627,10.176,0.015,0
2.770,9.007,0.017,0
2.870,7.845,0.018,0
2.949,6.669,0.020,0
3.034,5.505,0.021,0
3.100,4.331,0.023,0
3.621,3.176,0.024,0
3.698,2.005,0.026,0
3.755,0.845,0.027,0
3.730,-0.324,0.010,0
3.749,-1.500,0.012,0
3.748,-2.662,0.014,0
3.727,-3.824,0.015,0
3.688,-5.000,1.017,0
3.628,-6.162,1.000,0
3.549,-7.331,0.983,0
3.451,-8.500,0.967,0
3.335,-9.662,0.950,0
3.196,-10.824,0.933,0
3.043,-12.001,0.917,0
2.867,-13.149,0.900,0
2.607,-14.318,0.883,0
2.393,-15.493,0.867,0
2.154,-16.655,0.850,0
1.902,-17.838,0.833,0
1.628,-19.000,0.816,0
1.334,-20.169,0.800,0
1.026,-21.338,0.783,0
0.694,-22.493,0.767,0
1.117,-23.662,0.750,1
1.529,21.845,0.733,0
1.918,20.662,0.716,0
2.286,19.492,0.700,0
2.568,18.324,0.683,0
2.901,17.175,0.666,0
3.213,15.992,0.650,0
3.500,14.817,0.633,0
3.773,13.670,0.616,0
4.023,12.492,0.600,0
4.254,11.338,0.583,0
4.468,10.176,0.567,0
4.662,9.007,0.550,0
4.836,7.829,0.533,0
4.991,6.669,0.516,0
5.126,5.493,0.500,0
5.178,4.324,0.483,0
5.274,3.169,0.466,0
5.351,1.993,0.450,0
5.408,0.831,0.433,0
5.446,-0.338,0.416,0
5.465,-1.507,0.400,0
5.464,-2.669,0.383,0
5.443,-3.824,0.366,0
5.402,-5.007,0.350,0
5.344,-6.177,0.333,0
5.266,-7.331,0.317,0
5.168,-8.493,0.300,0
4.985,-9.662,0.283,0
4.849,-10.840,0.267,0
4.691,-11.999,0.250,0
4.519,-13.176,0.233,0
4.321,-14.324,0.217,0
4.105,-15.500,0.200,0
3.874,-16.669,0.183,0
3.620,-17.824,0.167,0
3.348,-18.993,0.150,0
3.478,-20.157,0.133,0
3.119,-21.331,0.117,0
2.735,-22.487,0.100,0
2.315,-23.662,0.083,0
2.661,-24.846,0.067,1
2.996,21.853,0.050,0
3.335,20.677,0.033,0
3.649,19.508,0.017,0
3.924,18.359,0.018,0
4.180,17.190,0.020,0
4.441,16.015,0.021,0
4.684,14.846,0.022,0
4.882,13.670,0.024,0
5.057,12.493,0.025,0
5.219,11.332,0.010,0
5.463,10.225,0.020,0
5.530,8.410,0.011,0
6.128,7.805,0.013,0
6.283,6.642,0.014,0
6.417,5.473,0.016,0
6.533,4.303,0.017,0
6.628,3.135,0.019,0
6.821,1.966,1.004,0
6.946,0.229,0.955,0
7.130,-0.021,0.906,0
7.310,-0.277,0.855,0
7.485,-0.536,0.805,0
7.594,-0.793,0.756,0
7.760,-1.047,0.705,0
7.923,-1.307,0.655,0
7.830,-1.561,0.606,0
7.606,-1.817,0.555,0
7.441,-2.079,0.505,0
7.210,-2.336,0.456,0
6.974,-2.587,0.405,0
6.845,-2.846,0.389,0
6.695,-4.007,0.372,0
6.589,-5.177,0.355,0
6.402,-6.348,0.339,0
6.194,-7.508,0.322,0
5.965,-8.676,0.305,0
5.721,-9.860,0.289,0
5.454,-11.007,0.272,0
5.170,-12.183,0.255,0
4.870,-13.342,0.239,0
4.543,-14.488,0.222,0
4.200,-15.669,0.205,0
3.833,-16.832,0.188,0
3.452,-18.014,0.172,0
3.114,-19.176,0.155,0
2.692,-20.340,0.139,0
1.826,-21.507,0.122,0
1.415,-22.676,0.105,0
1.767,-23.845,0.088,1
2.120,21.831,0.072,0
2.460,20.676,0.055,0
2.750,19.500,0.039,0
3.024,18.345,0.022,0
3.306,17.176,0.023,0
3.562,15.992,0.025,0
3.777,14.845,0.026,0
3.986,13.676,0.010,0
4.162,12.507,0.011,0
4.345,11.338,0.013,0
4.507,10.161,0.014,0
4.623,9.000,0.016,0
4.722,7.845,0.017,0
4.327,6.676,0.019,0
4.336,5.500,0.020,0
4.326,4.331,0.022,0
4.296,3.169,0.023,0
4.247,1.993,0.025,0
4.179,0.845,0.026,0
4.154,-0.331,0.010,0
4.047,-1.496,1.011,0
3.920,-2.655,0.994,0
3.774,-3.838,0.978,0
3.609,-4.993,0.961,0
3.422,-6.155,0.944,0
3.218,-7.338,0.928,0
2.995,-8.501,0.911,0
2.751,-9.662,0.895,0
2.488,-10.831,0.878,0
2.205,-12.000,0.861,0
1.906,-13.169,0.845,0
2.272,-14.327,0.828,1
2.554,21.826,0.811,0
2.813,20.657,0.795,0
3.056,19.503,0.778,0
3.283,18.334,0.761,0
3.485,17.151,0.744,0
3.669,15.989,0.728,0
3.831,14.826,0.711,0
3.978,13.672,0.695,0
4.105,12.496,0.678,0
4.211,11.326,0.661,0
4.299,10.158,0.644,0
4.429,8.989,0.628,0
4.477,7.827,0.611,0
4.505,6.657,0.595,0
4.514,5.502,0.578,0
4.505,4.339,0.561,0
4.475,3.157,0.544,0
4.426,1.981,0.528,0
4.357,0.820,0.511,0
4.270,-0.336,0.495,0
4.162,-1.504,0.478,0
4.035,-2.668,0.461,0
3.889,-3.835,0.445,0
3.786,-5.004,0.428,0
3.602,-6.174,0.411,0
3.397,-7.329,0.395,0
3.172,-8.498,0.378,0
2.931,-9.674,0.361,0
2.667,-10.828,0.345,0
2.383,-11.997,0.328,0
2.082,-13.174,0.311,0
1.762,-14.336,0.295,0
1.421,-15.498,0.278,0
1.058,-16.667,0.261,0
0.680,-17.842,0.245,0
0.345,-19.004,0.228,0
-0.076,-20.166,0.211,0
-0.515,-21.342,0.194,0
-0.968,-22.511,0.178,0
-1.443,-23.666,0.161,0
-1.142,-24.829,0.145,1
-1.284,21.831,0.128,0
-0.974,20.662,0.111,0
-0.677,19.500,0.094,0
-0.380,18.318,0.078,0
-0.092,17.154,0.061,0
0.133,15.944,0.044,0
0.360,14.818,0.028,0
0.554,13.655,0.011,0
0.756,12.499,0.013,0
0.936,11.324,0.014,0
1.076,10.169,0.016,0
1.192,8.979,0.017,0
1.314,7.824,0.019,0
1.418,6.668,0.021,0
1.478,5.505,0.022,0
1.518,4.324,0.023,0
1.063,3.155,0.025,0
1.014,1.993,0.026,0
1.008,0.817,0.010,0
0.920,-0.345,0.011,0
0.812,-1.521,0.013,0
0.687,-2.684,0.014,0
0.540,-3.832,0.016,0
0.374,-5.001,1.017,0
0.188,-6.176,1.001,0
-0.015,-7.344,0.984,0
-0.240,-8.500,0.967,0
-0.484,-9.675,0.951,0
-0.746,-10.844,0.934,0
-1.028,-12.007,0.917,0
-1.270,-13.169,0.900,0
-1.587,-14.352,0.884,0
-1.930,-15.500,0.867,0
-2.288,-16.675,0.851,0
-1.975,-17.833,0.833,1
-1.703,21.792,0.817,0
-1.438,20.658,0.800,0
-1.201,19.481,0.784,0
-0.974,18.333,0.767,0
-0.773,17.152,0.751,0
-0.588,15.995,0.734,0
-0.421,14.827,0.717,0
-0.213,13.648,0.700,0
-0.088,12.481,0.684,0
0.017,11.319,0.667,0
0.104,10.165,0.651,0
0.172,8.992,0.634,0
0.221,7.826,0.617,0
0.248,6.643,0.601,0
0.258,5.502,0.584,0
0.248,4.327,0.567,0
0.218,3.158,0.550,0
0.169,1.974,0.534,0
0.101,0.827,0.517,0
0.075,-0.336,0.501,0
-0.033,-1.511,0.484,0
-0.158,-2.688,0.467,0
-0.304,-3.836,0.451,0
-0.472,-4.998,0.434,0
-0.656,-6.181,0.417,0
-0.865,-7.342,0.400,0
-1.086,-8.535,0.384,0
-1.329,-9.681,0.367,0
-1.594,-10.842,0.350,0
-1.874,-12.019,0.334,0
-1.574,-13.174,0.317,1
-1.227,21.838,0.301,0
-0.962,20.662,0.284,0
-0.723,19.486,0.267,0
-0.499,18.332,0.251,0
-0.295,17.162,0.234,0
-0.111,15.993,0.217,0
0.052,14.829,0.201,0
0.197,13.670,0.184,0
0.326,12.507,0.167,0
0.432,11.324,0.151,0
0.092,10.163,0.134,0
0.210,9.007,0.117,0
0.323,7.845,0.100,0
0.401,6.656,0.084,0
0.485,5.493,0.067,0
0.550,4.345,0.051,0
0.570,3.162,0.034,0
0.572,2.007,0.017,0
0.578,0.825,0.019,0
0.565,-0.345,0.020,0
0.508,-1.508,0.022,0
0.431,-2.662,0.023,0
0.361,-3.831,0.025,0
0.270,-4.993,0.026,0
0.146,-6.162,0.010,0
-0.006,-7.346,0.011,0
0.347,-8.493,0.013,1
0.205,21.824,0.014,0
0.463,20.655,0.016,0
0.710,19.501,0.017,0
0.935,18.318,0.019,0
1.135,17.142,0.020,0
1.318,15.993,0.022,0
1.487,14.831,1.023,0
1.630,13.642,1.007,0
1.757,12.486,0.990,0
1.927,11.315,0.973,0
2.011,10.140,0.957,0
2.079,9.000,0.940,0
2.127,7.824,0.923,0
2.155,6.655,0.907,0
2.166,5.500,0.890,0
2.155,4.310,0.873,0
2.125,3.155,0.857,0
2.076,1.984,0.840,0
2.007,0.831,0.823,0
1.920,-0.344,0.807,0
1.812,-1.501,0.790,0
1.748,-2.682,0.773,0
1.602,-3.844,0.757,0
1.436,-5.007,0.740,0
1.251,-6.178,0.723,0
1.046,-7.338,0.707,0
1.368,-8.507,0.689,1
1.628,21.764,0.673,0
1.893,20.670,0.657,0
2.136,19.494,0.640,0
2.358,18.324,0.623,0
2.559,17.162,0.607,0
2.744,16.007,0.590,0
2.974,14.838,0.573,0
3.117,13.662,0.557,0
3.245,12.507,0.540,0
3.352,11.331,0.523,0
3.437,10.156,0.507,0
3.506,9.008,0.490,0
3.555,7.832,0.473,0
3.582,6.656,0.457,0
3.592,5.507,0.440,0
3.582,4.330,0.423,0
3.553,3.162,0.407,0
3.504,1.994,0.390,0
3.498,0.832,0.373,0
3.410,-0.345,0.357,0
3.303,-1.499,0.340,0
3.175,-2.668,0.323,0
3.030,-3.844,0.307,0
2.864,-4.999,0.290,0
2.680,-6.168,0.273,0
2.474,-7.331,0.257,0
2.249,-8.506,0.240,0
2.007,-9.675,0.223,0
1.745,-10.837,0.207,0
1.460,-11.999,0.190,0
1.224,-13.175,0.173,0
0.902,-14.331,0.157,0
0.561,-15.499,0.140,0
0.436,-16.669,0.123,1
0.768,21.838,0.107,0
1.079,20.669,0.090,0
1.406,19.507,0.073,0
1.696,18.302,0.057,0
1.949,17.168,0.040,0
2.185,16.007,0.023,0
2.424,14.830,0.025,0
2.644,13.670,0.026,0
2.834,12.507,0.010,0
2.991,11.332,0.011,0
3.127,10.163,0.013,0
3.271,9.007,0.014,0
3.394,7.824,0.016,0
3.473,6.662,0.017,0
3.532,5.493,0.019,0
3.097,4.338,0.020,0
3.067,3.176,0.022,0
3.018,1.999,0.023,0
2.950,0.829,0.025,0
2.863,-0.345,0.027,0
2.818,-1.487,0.010,0
2.692,-2.663,0.011,0
2.545,-3.824,1.013,0
2.379,-5.000,0.996,0
2.194,-6.169,0.979,0
1.989,-7.338,0.963,0
1.764,-8.507,0.946,0
1.524,-9.676,0.930,0
1.840,-10.824,0.912,1
2.110,21.781,0.896,0
2.372,20.654,0.879,0
2.610,19.485,0.863,0
2.898,18.338,0.846,0
3.105,17.162,0.829,0
3.287,15.982,0.813,0
3.454,14.824,0.796,0
3.599,13.648,0.779,0
3.722,12.479,0.763,0
3.831,11.331,0.746,0
3.916,10.148,0.729,0
3.983,8.993,0.713,0
4.033,7.831,0.696,0
4.061,6.649,0.679,0
4.070,5.493,0.663,0
4.123,4.330,0.646,0
4.093,3.162,0.630,0
4.044,2.000,0.613,0
3.975,0.831,0.596,0
3.887,-0.339,0.579,0
3.780,-1.508,0.563,0
3.653,-2.675,0.546,0
3.506,-3.845,0.529,0
3.341,-5.014,0.513,0
3.156,-6.176,0.496,0
2.951,-7.338,0.479,0
2.728,-8.508,0.463,0
2.546,-9.669,0.446,0
2.284,-10.844,0.429,0
2.002,-12.007,0.413,0
1.698,-13.169,0.396,0
1.375,-14.346,0.379,0
1.035,-15.521,0.363,0
0.678,-16.684,0.346,0
0.299,-17.838,0.330,0
0.601,-19.000,0.313,1
0.885,21.831,0.296,0
1.150,20.655,0.279,0
1.391,19.479,0.263,0
1.674,18.317,0.246,0
1.879,17.162,0.229,0
2.062,15.988,0.213,0
2.228,14.831,0.196,0
2.372,13.655,0.180,0
2.500,12.498,0.163,0
2.607,11.317,0.146,0
2.276,10.147,0.128,0
2.381,8.913,0.113,0
2.482,7.865,0.096,0
2.652,6.671,0.062,0
2.658,4.279,0.061,0
2.695,4.178,0.044,0
2.726,3.043,0.028,0
2.725,1.888,0.011,0
2.730,0.724,0.013,0
2.715,-0.437,0.014,0
2.655,-1.628,0.016,0
2.577,-2.796,0.017,0
2.505,-3.944,0.019,0
2.411,-5.105,0.020,0
2.273,-6.288,0.022,0
2.119,-7.457,0.023,0
1.463,-8.607,0.024,0
1.215,-9.807,0.026,0
1.020,-10.989,0.010,0
0.736,-12.113,0.011,0
0.432,-13.282,0.013,0
0.731,-14.450,0.014,1
1.016,21.838,0.016,0
1.278,20.661,1.017,0
1.522,19.493,1.000,0
1.740,18.323,0.984,0
1.947,17.176,0.967,0
2.131,15.998,0.951,0
2.296,14.831,0.934,0
2.441,13.662,0.917,0
2.628,12.500,0.901,0
2.735,11.345,0.884,0
2.824,10.176,0.867,0
2.890,8.993,0.851,0
2.939,7.844,0.834,0
2.968,6.677,0.817,0
2.978,5.500,0.801,0
2.968,4.338,0.784,0
2.938,3.168,0.767,0
2.889,1.993,0.751,0
2.821,0.845,0.734,0
2.733,-0.332,0.717,0
2.688,-1.493,0.701,0
2.561,-2.669,0.684,0
2.415,-3.838,0.667,0
2.251,-5.000,0.651,0
2.065,-6.155,0.634,0
1.987,-7.331,0.617,0
1.887,-8.493,0.601,0
1.772,-9.669,0.584,0
1.633,-10.824,0.567,0
1.477,-12.000,0.551,0
1.301,-13.163,0.534,0
1.103,-14.331,0.517,0
0.828,-15.507,0.501,0
0.595,-16.663,0.484,0
0.340,-17.824,0.467,0
0.064,-18.995,0.451,0
-0.224,-20.171,0.434,0
-0.544,-21.325,0.417,0
-0.869,-22.515,0.401,0
-1.216,-23.662,0.384,0
-1.595,-24.818,0.367,0
-1.182,-26.007,0.351,1
-0.762,21.879,0.334,0
-0.377,20.669,0.317,0
-0.069,19.514,0.301,0
0.279,18.337,0.284,0
0.611,17.176,0.267,0
0.919,16.000,0.251,0
1.211,14.845,0.234,0
1.482,13.669,0.217,0
1.733,12.507,0.201,0
1.967,11.341,0.184,0
2.179,10.168,0.167,0
2.373,9.006,0.151,0
2.972,7.837,0.134,0
3.076,6.668,0.117,0
3.149,5.507,0.101,0
3.214,4.337,0.084,0
3.236,3.190,0.067,0
3.237,2.000,0.051,0
3.245,0.852,0.034,0
3.232,-0.324,0.017,0
3.177,-1.500,0.019,0
3.101,-2.648,0.020,0
3.030,-3.818,0.022,0
2.939,-4.993,0.023,0
2.806,-6.170,0.025,0
2.654,-7.325,0.026,0
2.491,-8.483,0.010,0
2.323,-9.662,0.011,0
2.138,-10.832,0.013,0
2.407,-11.986,0.014,0
2.230,-13.149,0.016,0
2.034,-14.324,0.017,0
1.820,-15.494,0.019,0
1.585,-16.655,0.020,0
1.329,-17.824,0.022,0
1.753,-19.000,1.023,1
2.163,21.844,1.007,0
2.547,20.669,0.990,0
2.854,19.514,0.973,0
3.204,18.345,0.957,0
3.532,17.175,0.940,0
3.845,16.014,0.923,0
4.133,14.837,0.907,0
4.406,13.683,0.890,0
4.656,12.507,0.873,0
4.889,11.350,0.857,0
5.103,10.183,0.840,0
5.297,9.007,0.823,0
5.471,7.838,0.807,0
5.625,6.676,0.790,0
5.698,5.507,0.773,0
5.813,4.345,0.757,0
5.910,3.174,0.740,0
5.987,2.000,0.723,0
6.044,0.852,0.707,0
6.082,-0.331,0.690,0
6.101,-1.493,0.673,0
6.100,-2.655,0.657,0
6.079,-3.824,0.640,0
6.039,-5.000,0.623,0
5.981,-6.162,0.607,0
5.902,-7.324,0.590,0
5.742,-8.486,0.573,0
5.624,-9.649,0.557,0
5.486,-10.820,0.540,0
5.332,-11.993,0.523,0
5.155,-13.148,0.507,0
4.958,-14.318,0.490,0
4.744,-15.494,0.473,0
4.508,-16.656,0.457,0
4.251,-17.831,0.440,0
3.986,-19.008,0.423,0
3.690,-20.148,0.407,0
3.355,-21.324,0.389,0
2.985,-22.559,0.373,0
2.635,-23.655,0.357,0
2.259,-24.818,0.340,0
1.871,-26.001,0.323,0
1.460,-27.163,0.307,0
1.031,-28.334,0.290,0
0.599,-29.501,0.273,0
0.160,-30.000,0.257,0
-0.275,-30.000,0.240,0
-0.710,-30.000,0.223,0
-1.151,-30.000,0.207,0
-0.723,-30.000,0.190,1
-0.382,21.831,0.173,0
0.010,20.676,0.157,0
0.377,19.493,0.140,0
1.143,18.332,0.124,0
1.430,17.202,0.107,0
1.689,16.000,0.090,0
1.904,14.838,0.073,0
2.101,13.676,0.057,0
2.303,12.508,0.040,0
2.486,11.338,0.023,0
2.623,10.169,0.025,0
2.743,9.007,0.026,0
2.853,7.831,0.010,0
2.958,6.669,0.011,0
3.043,5.493,0.013,0
3.083,4.338,0.014,0
3.105,3.176,0.016,0
3.132,2.000,0.017,0
3.139,0.838,0.019,0
3.602,-0.338,0.020,0
3.620,-1.508,0.022,0
3.619,-2.669,0.023,0
3.599,-3.830,0.025,0
3.559,-4.992,0.026,0
3.436,-6.169,0.010,0
3.357,-7.337,0.011,0
3.260,-8.507,1.013,0
3.144,-9.662,0.996,0
3.005,-10.823,0.979,0
2.848,-12.000,0.963,0
2.671,-13.168,0.946,0
2.478,-14.337,0.930,0
2.261,-15.492,0.913,0
2.026,-16.669,0.896,0
1.776,-17.837,0.880,0
1.500,-18.993,0.863,0
1.148,-20.169,0.846,0
0.833,-21.323,0.829,0
0.498,-22.500,0.813,0
0.148,-23.676,0.796,0
-0.223,-24.838,0.779,0
-0.609,-26.007,0.763,0
-1.019,-27.163,0.746,0
-1.445,-28.331,0.730,0
-1.883,-29.493,0.713,0
-2.322,-30.000,0.696,0
-2.760,-30.000,0.679,0
-3.195,-30.000,0.663,0
-2.830,-30.000,0.646,1
-2.426,21.830,0.630,0
-2.034,20.675,0.613,0
-1.669,19.492,0.596,0
-1.317,18.338,0.579,0
-0.989,17.161,0.563,0
-0.675,16.000,0.546,0
-0.387,14.816,0.529,0
-0.117,13.661,0.513,0
0.136,12.499,0.496,0
0.366,11.323,0.480,0
0.580,10.175,0.463,0
0.712,8.997,0.446,0
0.885,7.816,0.429,0
1.039,6.662,0.413,0
1.174,5.499,0.396,0
1.290,4.338,0.379,0
1.386,3.155,0.363,0
1.462,1.985,0.346,0
1.520,0.824,0.329,0
1.557,-0.338,0.313,0
1.576,-1.507,0.296,0
1.575,-2.669,0.279,0
1.554,-3.839,0.263,0
1.452,-5.008,0.246,0
1.393,-6.169,0.230,0
1.314,-7.332,0.213,0
1.214,-8.500,0.196,0
1.096,-9.676,0.179,0
0.961,-10.845,0.163,0
0.803,-12.000,0.146,0
1.050,-13.169,0.129,0
0.804,-14.345,0.113,0
0.540,-15.514,0.096,0
0.232,-16.676,0.079,0
-0.103,-17.838,0.062,0
0.258,-19.025,0.046,1
0.615,21.845,0.029,0
0.950,20.680,0.013,0
1.238,19.524,0.015,0
1.521,18.382,0.016,0
1.799,17.180,0.017,0
2.060,16.018,0.019,0
2.276,14.848,0.020,0
2.472,13.685,0.022,0
2.675,12.517,0.023,0
2.856,11.348,0.025,0
3.496,10.193,0.026,0
3.625,9.010,0.010,0
3.799,7.861,0.011,0
3.955,6.693,0.013,0
4.090,5.511,0.014,0
4.206,4.355,0.016,0
4.303,3.194,0.017,0
4.380,2.024,0.601,0
4.437,0.863,0.584,0
4.475,-0.321,0.567,0
4.494,-1.489,0.551,0
4.494,-2.644,0.534,0
4.473,-3.814,0.517,0
4.371,-4.990,0.501,0
4.312,-6.144,0.484,0
4.234,-7.314,0.467,0
4.137,-8.476,0.451,0
4.019,-9.637,0.434,0
3.880,-10.806,0.417,0
4.301,-11.989,0.401,1
4.713,21.852,0.384,0
5.096,20.668,0.367,0
5.467,19.520,0.351,0
5.815,18.345,0.334,0
6.145,17.182,0.317,0
6.395,16.014,0.301,0
6.685,14.838,0.284,0
6.957,13.675,0.267,0
7.206,12.506,0.251,0
7.441,11.357,0.234,0
7.652,10.169,0.217,0
7.847,9.020,0.201,0
8.022,7.845,0.184,0
8.176,6.669,0.167,0
8.311,5.507,0.151,0
0.677,4.351,0.134,0
0.748,3.183,0.117,0
0.762,2.006,0.101,0
0.794,0.852,0.084,0
0.032,-0.331,0.067,0
0.026,-1.495,0.051,0
0.000,-2.656,0.034,0
-0.045,-3.831,0.017,0
-0.135,-4.994,0.019,0
-0.219,-6.155,0.020,0
-0.323,-7.325,0.022,0
-0.945,-8.495,0.023,0
-1.086,-9.655,0.025,0
-1.252,-10.811,0.026,0
-1.468,-12.002,0.010,0
-1.086,-13.151,0.011,1
-0.708,21.814,0.013,0
-0.342,20.664,0.014,0
-0.003,19.482,0.016,0
0.300,18.333,0.017,0
0.452,17.150,0.019,0
0.709,15.995,0.021,0
0.978,14.840,0.022,0
1.222,13.657,0.023,0
1.450,12.502,0.025,0
1.632,11.327,0.026,0
1.783,10.165,0.010,0
1.951,8.988,0.011,0
2.099,7.819,0.013,0
2.230,6.671,0.014,0
2.314,5.472,0.016,0
2.404,4.332,0.017,0
2.475,3.157,0.019,0
2.527,1.996,0.020,0
2.534,0.818,0.022,0
2.547,-0.336,0.023,0
2.540,-1.512,0.025,0
2.513,-2.674,0.026,0
2.431,-3.850,0.010,0
2.341,-5.004,0.011,0
2.257,-6.166,0.013,0
2.153,-7.329,0.014,0
2.028,-8.498,0.016,0
1.862,-9.681,0.017,0
1.699,-10.835,0.019,0
1.516,-12.004,0.020,0
1.317,-13.181,0.022,0
1.242,-14.336,0.023,0
1.615,-15.519,0.025,1
2.001,21.848,0.026,0
2.321,20.670,0.010,0
2.665,19.522,0.011,0
2.991,18.353,0.013,0
3.272,17.177,0.014,0
3.557,16.008,0.016,0
3.823,14.838,0.017,0
4.543,13.674,0.019,0
4.770,12.515,0.020,0
4.978,11.345,0.022,0
5.142,10.176,0.023,0
5.309,9.000,0.025,0
5.461,7.845,0.026,0
5.547,6.646,0.010,0
5.660,5.562,0.011,0
8.253,4.360,0.014,0
8.256,2.000,0.013,0
8.281,1.895,0.013,0
16.261,0.684,0.015,0
16.297,-0.470,0.017,0
16.311,-1.633,0.018,0
16.308,-2.822,0.020,0
16.285,-3.984,0.021,0
16.243,-5.153,0.023,0
16.183,-6.315,0.188,0
16.100,-7.470,0.171,0
15.999,-8.647,0.154,0
15.816,-9.816,0.138,0
7.925,-10.984,0.121,0
7.741,-12.154,0.104,0
7.538,-13.323,0.088,0
6.542,-14.484,0.071,0
6.298,-15.646,0.054,0
6.041,-16.816,0.038,0
5.756,-17.965,0.021,0
5.429,-19.147,0.023,0
5.113,-20.316,0.024,0
4.775,-21.471,0.026,0
3.912,-22.633,0.027,0
3.494,-23.811,0.010,0
3.095,-24.984,0.012,0
2.682,-26.153,0.014,0
2.216,-27.308,0.015,0
1.765,-28.484,0.017,0
1.302,-29.638,0.018,0
0.836,-30.000,0.019,0
0.356,-30.000,0.021,0
-0.256,-30.000,0.023,0
-0.748,-30.000,0.024,0
-1.211,-30.000,0.026,0
-0.808,-30.000,0.027,1
-0.466,21.831,0.011,0
-0.100,20.670,0.012,0
0.221,19.493,0.013,0
0.538,18.317,0.015,0
0.850,17.177,0.016,0
1.132,15.978,0.018,0
1.372,14.825,0.019,0
1.617,13.661,0.021,0
1.842,12.500,0.023,0
2.050,11.346,0.024,0
2.213,10.176,0.026,0
2.343,9.007,0.009,0
2.493,7.846,0.011,0
2.622,6.676,0.012,0
2.733,5.508,0.013,0
2.799,4.332,0.015,0
2.870,3.163,0.017,0
2.922,2.008,0.018,0
2.954,0.839,0.020,0
2.941,-0.324,0.021,0
2.935,-1.507,0.023,0
2.909,-2.669,0.024,0
2.864,-3.831,0.026,0
2.949,-4.993,0.027,0
2.826,-6.161,0.010,0
2.699,-7.338,0.012,0
2.573,-8.490,0.013,0
2.432,-9.676,0.015,0
2.271,-10.831,0.017,0
2.064,-11.993,0.018,0
1.861,-13.161,0.019,0
1.642,-14.339,0.021,0
2.517,-15.499,0.023,1
2.901,21.837,0.024,0
3.260,20.664,0.026,0
3.567,19.512,0.009,0
3.866,18.343,0.011,0
4.171,17.176,0.012,0
4.460,16.006,0.013,0
4.722,14.823,0.015,0
7.421,13.675,0.016,0
7.644,12.491,0.018,0
7.830,11.349,0.019,0
15.965,10.153,0.021,0
16.160,9.013,0.023,0
16.333,7.828,0.024,0
16.356,6.674,0.026,0
16.360,0.000,0.027,0
16.303,0.000,0.011,0
16.182,0.000,0.012,0
16.062,0.000,0.595,0
15.941,0.000,0.579,0
15.821,0.000,0.562,0
15.700,0.000,0.545,0
15.580,0.000,0.529,0
15.459,0.000,0.512,0
15.377,0.000,0.495,0
15.275,-1.149,0.478,0
15.154,-2.338,0.462,0
15.077,-3.502,0.445,0
14.917,-4.648,0.429,0
14.736,-5.825,0.412,0
14.537,-7.000,0.395,0
14.322,-8.169,0.379,0
14.083,-9.316,0.362,0
13.825,-10.486,0.345,0
13.549,-11.661,0.329,0
13.252,-12.823,0.312,0
12.935,-13.994,0.295,0
12.602,-15.170,0.279,0
12.248,-16.324,0.262,0
11.874,-17.492,0.245,0
11.542,-18.658,0.229,0
11.132,-19.831,0.212,0
10.698,-20.987,0.195,0
10.250,-22.161,0.179,0
9.778,-23.317,0.162,0
9.284,-24.487,0.145,0
-0.427,-25.662,0.129,0
7.874,-26.830,0.112,0
7.371,-27.985,0.095,0
6.885,-29.161,0.079,0
6.393,-30.000,0.062,0
5.880,-30.000,0.045,0
5.382,-30.000,0.029,0
4.871,-30.000,0.012,0
4.385,-30.000,0.014,0
4.385,-30.000,0.014,0
3.899,-30.000,0.015,0
3.385,-30.000,0.017,0
2.880,-30.000,0.018,0
2.389,-30.000,0.020,0
1.903,-30.000,0.021,0
1.386,-30.000,0.023,0
0.872,-30.000,0.024,0
-0.114,-30.000,0.026,0
-0.615,-30.000,0.009,0
-1.173,-30.000,0.011,0
-1.737,-30.000,0.012,0
-2.304,-30.000,0.014,0
-2.868,-30.000,0.015,0
-2.570,-30.000,0.017,1
-2.288,21.845,1.018,0
-2.026,20.676,1.002,0
-1.782,19.512,0.985,0
-1.558,18.339,0.968,0
-1.357,17.169,0.952,0
-1.172,16.015,0.935,0
-0.942,14.846,0.918,0
-0.798,13.670,0.902,0
-0.671,12.515,0.885,0
-0.563,11.339,0.868,0
-0.478,10.168,0.852,0
-0.409,9.015,0.835,0
-0.361,7.839,0.818,0
-0.331,6.683,0.802,0
-0.322,5.501,0.785,0
-0.024,4.332,0.768,1
0.258,21.845,0.752,0
0.521,20.676,0.735,0
0.825,19.507,0.718,0
1.048,18.345,0.702,0
1.254,17.183,0.685,0
1.440,16.007,0.668,0
1.604,14.831,0.652,0
1.750,13.669,0.635,0
1.877,12.500,0.618,0
1.984,11.331,0.601,0
2.070,10.161,0.585,0
2.137,9.000,0.568,0
2.185,7.838,0.552,0
2.215,6.675,0.535,0
2.287,5.500,0.518,0
2.276,4.338,0.502,0
2.247,3.182,0.485,0
2.198,2.000,0.468,0
2.130,0.845,0.452,0
2.042,-0.331,0.435,0
1.935,-1.493,0.418,0
1.809,-2.668,0.402,0
1.663,-3.817,0.385,0
1.497,-4.993,0.368,0
1.313,-6.161,0.352,0
1.109,-7.317,0.335,0
0.882,-8.485,0.318,0
0.705,-9.669,0.302,0
0.442,-10.817,0.285,0
0.159,-11.986,0.268,0
-0.144,-13.155,0.252,0
0.158,-14.331,0.235,1
0.436,21.830,0.218,0
0.701,20.676,0.202,0
0.942,19.500,0.185,0
1.166,18.337,0.168,0
1.370,17.169,0.152,0
1.127,16.000,0.135,0
1.345,14.845,0.118,0
1.551,13.662,0.102,0
1.727,12.514,0.085,0
1.910,11.345,0.068,0
2.072,10.167,0.052,0
2.189,9.007,0.035,0
2.288,7.851,0.018,0
2.393,6.679,0.020,0
2.476,5.496,0.021,0
2.517,4.344,0.023,0
2.537,3.166,0.024,0
2.563,1.992,0.026,0
2.558,0.831,0.009,0
2.545,-0.331,0.011,0
2.487,-1.500,0.012,0
2.410,-2.669,0.014,0
1.840,-3.838,0.015,0
1.674,-4.993,0.017,0
1.488,-6.162,0.018,0
1.285,-7.338,0.020,0
1.061,-8.493,0.021,0
0.815,-9.662,0.023,0
0.554,-10.845,1.024,0
0.850,-12.001,1.008,1
1.199,21.850,0.991,0
1.460,20.670,0.974,0
1.701,19.508,0.958,0
1.926,18.346,0.941,0
2.131,17.175,0.924,0
2.315,16.001,0.908,0
2.481,14.839,0.891,0
2.624,13.663,0.874,0
2.752,12.514,0.858,0
2.858,11.332,0.841,0
2.944,10.170,0.825,0
3.014,9.021,0.808,0
3.062,7.832,0.791,0
3.153,6.662,0.774,0
3.163,5.508,0.758,0
3.152,4.339,0.741,0
3.123,3.177,0.724,0
3.074,2.001,0.708,0
3.006,0.831,0.691,0
2.918,-0.332,0.674,0
2.811,-1.493,0.658,0
2.684,-2.662,0.641,0
2.538,-3.830,0.624,0
2.372,-5.000,0.608,0
2.250,-6.168,0.591,0
2.046,-7.330,0.574,0
1.821,-8.494,0.558,0
1.579,-9.668,0.541,0
1.315,-10.830,0.524,0
1.034,-11.999,0.508,0
0.732,-13.161,0.491,0
0.413,-14.330,0.474,0
0.069,-15.485,0.458,0
0.375,-16.668,0.441,1
0.649,21.816,0.424,0
0.910,20.676,0.408,0
1.215,19.514,0.391,0
1.442,18.351,0.374,0
1.643,17.169,0.358,0
1.829,16.014,0.341,0
1.995,14.844,0.324,0
2.141,13.668,0.308,0
2.266,12.500,0.291,0
2.120,11.338,0.241,0
1.971,2.580,0.191,0
1.879,2.320,0.141,0
1.396,2.066,0.091,0
1.433,1.807,0.041,0
1.467,1.551,0.027,0
1.458,1.293,0.014,0
1.483,1.037,0.018,0
0.928,0.779,0.022,0
0.806,0.523,0.010,0
0.618,0.270,1.014,0
0.425,0.012,0.963,0
0.340,-0.247,0.947,0
0.233,-1.395,0.930,0
0.109,-2.578,0.914,0
-0.036,-3.733,0.897,0
-0.201,-4.902,0.880,0
-0.383,-6.079,0.864,0
-0.019,-7.233,0.847,1
0.262,21.832,0.830,0
0.528,20.669,0.813,0
0.766,19.486,0.797,0
0.992,18.338,0.780,0
1.212,17.162,0.762,0
1.382,15.914,0.747,0
1.549,14.816,0.730,0
1.696,13.635,0.713,0
1.951,12.458,0.682,0
1.959,10.290,0.675,0
2.038,9.784,0.658,0
2.100,8.636,0.642,0
2.143,7.468,0.625,0
2.165,6.290,0.608,0
2.231,5.129,0.592,0
2.215,3.974,0.575,0
2.179,2.798,0.558,0
2.124,1.614,0.542,0
2.050,0.460,0.525,0
1.956,-0.695,0.509,0
1.842,-1.857,0.492,0
1.709,-3.040,0.475,0
1.558,-4.202,0.459,0
1.386,-5.357,0.442,0
1.195,-6.526,0.425,0
0.983,-7.695,0.408,0
0.816,-8.871,0.392,0
0.564,-10.033,0.375,0
0.300,-11.217,0.359,0
0.008,-12.356,0.342,0
-0.301,-13.540,0.325,0
0.001,-14.708,0.308,1
0.278,21.831,0.292,0
0.544,20.682,0.275,0
0.782,19.500,0.259,0
1.005,18.352,0.242,0
1.211,17.189,0.225,0
1.396,16.014,0.208,0
1.625,14.845,0.192,0
1.769,13.673,0.175,0
1.895,12.514,0.159,0
2.002,11.352,0.142,0
1.666,10.183,0.125,0
1.782,9.007,0.109,0
1.882,7.851,0.092,0
1.986,6.675,0.075,0
2.070,5.499,0.058,0
2.110,4.344,0.042,0
2.131,3.182,0.025,0
2.157,2.014,0.027,0
2.152,0.852,0.010,0
2.139,-0.324,0.011,0
2.081,-1.495,0.013,0
2.006,-2.670,0.015,0
1.934,-3.811,0.016,0
1.844,-4.987,0.018,0
1.709,-6.149,0.019,0
1.554,-7.318,0.020,0
0.907,-8.494,0.022,0
0.662,-9.648,0.024,0
0.968,-10.824,0.025,1
1.246,21.818,0.026,0
1.572,20.662,0.010,0
1.811,19.493,0.011,0
2.037,18.338,0.013,0
2.238,17.163,1.015,0
2.424,16.007,0.998,0
2.587,14.831,0.981,0
2.734,13.676,0.964,0
2.861,12.500,0.948,0
2.966,11.331,0.931,0
3.055,10.176,0.914,0
3.123,8.992,0.898,0
3.170,7.824,0.881,0
3.262,6.662,0.864,0
3.271,5.500,0.848,0
3.261,4.331,0.831,0
3.231,3.169,0.814,0
3.182,2.000,0.798,0
3.114,0.824,0.781,0
3.026,-0.324,0.764,0
2.918,-1.507,0.748,0
2.792,-2.676,0.731,0
2.646,-3.839,0.714,0
2.481,-5.001,0.698,0
2.296,-6.156,0.681,0
2.155,-7.331,0.665,0
1.929,-8.493,0.648,0
1.685,-9.669,0.631,0
1.422,-10.838,0.614,0
1.141,-12.007,0.598,0
0.840,-13.169,0.581,0
0.520,-14.332,0.565,0
0.178,-15.493,0.548,0
-0.180,-16.663,0.531,0
0.122,-17.824,0.515,1
0.408,21.831,0.498,0
0.666,20.647,0.481,0
0.973,19.493,0.464,0
1.198,18.324,0.448,0
1.397,17.148,0.431,0
1.585,16.000,0.414,0
1.750,14.818,0.398,0
1.894,13.649,0.381,0
2.020,12.486,0.364,0
2.127,11.317,0.348,0
2.213,10.147,0.331,0
2.281,8.986,0.314,0
2.328,7.817,0.298,0
2.357,6.662,0.281,0
2.430,5.486,0.264,0
2.419,4.317,0.248,0
2.389,3.155,0.231,0
2.340,1.985,0.215,0
2.272,0.831,0.198,0
2.183,-0.338,0.181,0
2.076,-1.513,0.165,0
1.949,-2.669,0.148,0
1.377,-3.839,0.131,0
1.263,-5.015,0.115,0
1.127,-6.170,0.098,0
0.998,-7.345,0.081,0
0.835,-8.500,0.064,0
0.666,-9.683,0.048,0
0.455,-10.853,0.031,0
0.219,-12.008,0.014,0
-0.004,-13.190,0.016,0
0.375,-14.338,0.017,1
0.705,21.824,0.019,0
1.016,20.662,0.021,0
1.334,19.500,0.022,0
1.634,18.331,0.023,0
1.886,17.156,0.025,0
2.120,16.000,0.027,0
2.347,14.831,0.010,0
2.070,13.669,0.011,0
2.197,12.486,0.013,0
2.300,11.316,0.015,0
2.389,10.169,0.016,0
2.455,8.993,0.018,0
2.504,7.838,0.019,0
2.534,6.662,1.020,0
2.542,5.486,1.004,0
2.532,4.338,0.987,0
2.503,3.168,0.970,0
2.453,1.992,0.954,0
2.448,0.824,0.937,0
2.360,-0.345,0.920,0
2.253,-1.514,0.904,0
2.126,-2.669,0.887,0
1.978,-3.831,0.870,0
1.814,-5.016,0.854,0
1.629,-6.170,0.837,0
1.423,-7.338,0.820,0
1.201,-8.514,0.804,0
0.955,-9.662,0.787,0
0.694,-10.845,0.771,0
0.410,-12.000,0.754,0
0.172,-13.177,0.737,0
-0.150,-14.338,0.720,0
-0.489,-15.508,0.704,0
-0.852,-16.670,0.687,0
-1.232,-17.846,0.670,0
-1.626,-19.014,0.654,0
-2.045,-20.162,0.637,0
-2.358,-21.331,0.621,0
-2.688,-22.501,0.604,0
-3.045,-23.662,0.587,0
-3.411,-24.846,0.571,0
-2.981,-26.000,0.554,1
-2.640,21.824,0.537,0
-2.248,20.669,0.520,0
-1.885,19.486,0.504,0
-1.535,18.338,0.487,0
-1.206,17.169,0.471,0
-0.894,16.006,0.454,0
-0.604,14.831,0.437,0
-0.333,13.662,0.421,0
-0.081,12.500,0.404,0
0.151,11.331,0.387,0
0.366,10.169,0.370,0
0.557,8.978,0.354,0
0.669,7.831,0.337,0
0.824,6.662,0.320,0
0.959,5.477,0.304,0
1.074,4.308,0.287,0
1.170,3.161,0.271,0
1.246,2.006,0.254,0
1.304,0.824,0.237,0
1.341,-0.331,0.220,0
1.360,-1.507,0.204,0
1.358,-2.669,0.187,0
1.339,-3.845,0.171,0
1.298,-5.000,0.154,0
1.175,-6.176,0.137,0
1.522,-7.345,0.120,0
1.374,-8.507,0.104,0
1.206,-9.669,0.087,0
0.993,-10.838,0.070,0
0.761,-12.006,0.054,0
0.537,-13.176,0.037,0
0.915,-14.331,0.021,1
1.250,21.831,0.022,0
1.563,20.655,0.023,0
1.880,19.486,0.025,0
2.180,18.324,0.026,0
2.444,17.154,0.010,0
2.682,15.998,0.011,0
2.896,14.817,0.013,0
3.116,13.655,0.014,0
3.319,12.493,0.016,0
3.976,11.317,0.017,0
4.187,10.155,0.019,0
4.381,9.000,0.020,0
4.554,7.824,0.022,0
4.710,6.669,0.023,0
4.845,5.486,0.025,0
4.960,4.317,1.027,0
4.993,3.170,1.010,0
5.070,2.000,0.993,0
5.127,0.831,0.977,0
5.165,-0.331,0.960,0
5.183,-1.506,0.943,0
5.182,-2.676,0.926,0
5.162,-3.846,0.910,0
5.122,-5.001,0.893,0
5.062,-6.169,0.877,0
4.982,-7.338,0.860,0
4.885,-8.514,0.843,0
4.767,-9.670,0.827,0
4.565,-10.838,0.810,0
4.412,-12.015,0.793,0
4.236,-13.164,0.777,0
4.040,-14.331,0.760,0
3.821,-15.501,0.743,0
3.585,-16.684,0.726,0
3.338,-17.853,0.710,0
3.064,-18.995,0.693,0
2.764,-20.163,0.676,0
2.458,-21.354,0.660,0
2.124,-22.501,0.643,0
1.772,-23.676,0.626,0
1.337,-24.845,0.610,0
0.951,-26.015,0.593,0
0.539,-27.170,0.576,0
0.117,-28.345,0.560,0
-0.330,-29.495,0.543,0
-0.769,-30.000,0.526,0
-1.198,-30.000,0.510,0
-0.772,-30.000,0.493,1
-0.365,21.838,0.477,0
0.026,20.672,0.460,0
0.393,19.492,0.443,0
0.741,18.333,0.427,0
1.008,17.167,0.410,0
1.321,16.002,0.393,0
1.611,14.819,0.376,0
1.881,13.657,0.360,0
2.134,12.495,0.343,0
2.365,11.319,0.326,0
2.577,10.157,0.310,0
2.772,9.003,0.293,0
2.945,7.819,0.276,0
3.100,6.657,0.260,0
3.234,5.488,0.243,0
3.350,4.334,0.227,0
3.383,3.164,0.210,0
3.460,1.988,0.193,0
3.517,0.818,0.177,0
3.554,-0.329,0.160,0
3.573,-1.512,0.143,0
3.997,-2.667,0.127,0
3.926,-3.836,0.110,0
3.836,-5.012,0.093,0
3.702,-6.174,0.077,0
3.549,-7.336,0.060,0
3.400,-8.498,0.043,0
3.231,-9.670,0.026,0
3.033,-10.843,0.010,0
2.800,-11.998,0.011,0
2.550,-13.174,0.013,0
2.305,-14.335,0.015,0
2.705,-15.498,0.015,1
3.015,21.755,0.017,0
3.333,20.661,0.019,0
3.647,19.478,0.020,0
3.944,18.324,0.022,0
4.703,17.169,0.023,0
5.012,15.978,0.025,0
5.300,14.816,0.027,0
5.509,13.661,0.010,0
5.761,12.493,0.011,0
5.991,11.324,0.013,0
5.991,10.169,0.013,0
6.204,10.169,0.015,0
6.513,9.005,0.136,0
6.583,7.229,0.136,0
6.734,6.473,0.136,0
6.866,5.319,0.136,0
6.978,4.143,0.136,0
7.072,2.996,0.136,0
7.145,1.812,0.136,0
7.200,0.665,0.136,0
7.234,-0.504,0.136,0
7.250,-1.680,0.136,0
7.183,-2.843,0.136,0
7.159,-4.011,0.136,0
7.053,-5.187,0.136,0
6.925,-6.350,0.136,0
6.780,-7.539,0.136,0
6.618,-8.708,0.136,0
6.435,-9.857,0.136,0
6.234,-11.019,0.136,0
6.010,-12.173,0.136,0
5.769,-13.350,0.136,0
5.509,-14.511,0.136,0
0.544,0.000,0.671,0
0.923,-1.400,0.651,1
1.227,21.600,0.633,0
1.407,20.373,0.621,0
1.664,19.539,0.605,0
1.893,18.358,0.588,0
2.110,17.210,0.571,0
2.356,16.027,0.555,0
2.529,14.871,0.538,0
2.687,13.717,0.521,0
2.823,12.534,0.505,0
2.938,11.365,0.488,0
3.037,10.209,0.471,0
3.114,9.027,0.455,0
3.171,7.863,0.438,0
3.208,6.696,0.422,0
3.227,5.554,0.405,0
3.227,4.379,0.388,0
3.207,3.203,0.371,0
3.221,2.041,0.355,0
3.162,0.879,0.338,0
3.083,-0.297,0.321,0
2.985,-1.466,0.305,0
2.866,-2.621,0.288,0
2.729,-3.804,0.271,0
2.574,-4.972,0.255,0
2.886,-6.120,0.238,1
3.178,21.823,0.221,0
3.449,20.647,0.205,0
3.695,19.478,0.188,0
3.928,18.330,0.171,0
4.192,17.154,0.155,0
4.386,16.000,0.138,0
4.184,14.824,0.121,0
4.388,13.655,0.105,0
4.571,12.486,0.088,0
4.735,11.324,0.071,0
4.880,10.161,0.055,0
5.005,8.993,0.038,0
5.112,7.824,0.021,0
5.222,6.648,0.023,0
5.315,5.498,0.024,0
5.363,4.324,0.026,0
5.363,3.162,0.026,0
5.396,3.162,0.009,0
5.405,1.986,0.011,0
5.394,0.824,0.012,0
5.364,-0.345,0.014,0
5.315,-1.507,0.016,0
5.246,-2.662,0.017,0
4.732,-3.831,0.018,0
4.575,-5.015,0.020,0
4.398,-6.169,0.021,0
4.203,-7.339,0.023,0
3.986,-8.494,0.025,0
3.751,-9.669,0.026,0
3.549,-10.831,0.009,0
3.276,-12.009,1.011,0
2.982,-13.170,0.994,0
2.669,-14.339,0.978,0
2.337,-15.506,0.961,0
1.983,-16.669,0.944,0
1.615,-17.846,0.928,0
1.221,-18.999,0.911,0
0.815,-20.177,0.894,0
0.385,-21.331,0.878,0
0.700,-22.500,0.861,1
0.989,21.816,0.844,0
1.312,20.655,0.828,0
1.565,19.493,0.811,0
1.797,18.324,0.794,0
2.007,17.155,0.778,0
2.205,16.000,0.761,0
2.375,14.814,0.744,0
2.533,13.669,0.727,0
2.666,12.478,0.711,0
2.781,11.331,0.694,0
2.878,10.168,0.678,0
2.956,9.000,0.661,0
3.014,7.831,0.644,0
3.106,6.669,0.628,0
3.125,5.499,0.611,0
3.125,4.323,0.594,0
3.106,3.162,0.578,0
3.067,2.005,0.561,0
3.009,0.830,0.544,0
2.931,-0.352,0.527,0
2.835,-1.515,0.511,0
2.719,-2.669,0.494,0
2.583,-3.839,0.477,0
2.430,-5.014,0.461,0
2.257,-6.170,0.444,0
2.113,-7.331,0.427,0
1.903,-8.514,0.411,0
1.670,-9.663,0.394,0
1.419,-10.838,0.378,0
1.147,-12.000,0.361,0
0.858,-13.176,0.344,0
0.551,-14.338,0.328,0
0.222,-15.500,0.311,0
-0.123,-16.670,0.294,0
0.196,-17.825,0.278,1
0.487,21.818,0.261,0
0.764,20.663,0.244,0
1.070,19.488,0.228,0
1.307,18.318,0.211,0
1.523,17.149,0.194,0
1.722,15.987,0.178,0
1.900,14.817,0.161,0
2.054,13.656,0.145,0
1.877,12.522,0.127,0
2.144,11.307,0.099,0
2.189,9.328,0.094,0
2.319,8.980,0.078,0
2.433,7.830,0.061,0
2.528,6.657,0.044,0
2.600,5.481,0.028,0
2.655,4.317,0.011,0
2.666,3.163,0.012,0
2.658,1.986,0.014,0
2.655,0.811,0.015,0
2.634,-0.351,0.017,0
2.593,-1.520,0.018,0
2.534,-2.682,0.020,0
2.454,-3.844,0.021,0
2.354,-5.014,0.023,0
1.865,-6.197,0.025,0
1.678,-7.337,0.026,0
1.514,-8.506,0.009,0
1.290,-9.689,0.011,0
1.045,-10.844,0.012,0
0.784,-12.014,0.014,0
0.498,-13.168,0.015,0
0.196,-14.351,1.017,0
0.516,-15.513,1.000,1
0.818,21.838,0.984,0
1.101,20.668,0.967,0
1.365,19.500,0.950,0
1.607,18.330,0.934,0
1.832,17.170,0.917,0
2.082,16.001,0.900,0
2.267,14.823,0.884,0
2.433,13.661,0.867,0
2.581,12.501,0.850,0
2.710,11.331,0.834,0
2.818,10.163,0.817,0
2.909,9.001,0.800,0
2.980,7.831,0.784,0
3.033,6.662,0.767,0
3.065,5.493,0.750,0
3.079,4.337,0.733,0
3.073,3.155,0.717,0
3.087,2.005,0.700,0
3.043,0.845,0.684,0
2.980,-0.330,0.667,0
2.897,-1.507,0.650,0
2.796,-2.675,0.633,0
2.675,-3.844,0.617,0
2.536,-5.015,0.600,0
2.378,-6.169,0.584,0
2.201,-7.330,0.567,0
2.001,-8.493,0.550,0
1.786,-9.676,0.534,0
1.553,-10.839,0.517,0
1.329,-11.992,0.500,0
1.057,-13.183,0.484,0
0.767,-14.337,0.467,0
0.453,-15.492,0.450,0
0.121,-16.668,0.434,0
-0.232,-17.837,0.417,0
-0.594,-19.015,0.400,0
-0.987,-20.155,0.384,0
-0.653,-21.338,0.367,1
-0.340,21.823,0.350,0
-0.048,20.655,0.333,0
0.226,19.493,0.317,0
0.509,18.324,0.300,0
0.747,17.170,0.283,0
0.961,15.993,0.267,0
1.160,14.839,0.250,0
1.340,13.662,0.233,0
1.496,12.486,0.217,0
1.636,11.339,0.200,0
1.758,10.176,0.184,0
1.861,9.001,0.167,0
1.943,7.832,0.150,0
1.832,6.668,0.134,0
1.877,5.503,0.117,0
1.930,4.331,0.100,0
1.986,3.162,0.084,0
1.973,2.006,0.067,0
1.991,0.838,0.050,0
1.965,-0.332,0.033,0
1.921,-1.510,0.017,0
1.856,-2.662,0.018,0
1.775,-3.838,0.020,0
1.671,-4.986,0.021,0
1.550,-6.169,0.023,0
1.384,-7.331,0.024,0
1.251,-8.506,0.026,0
1.069,-9.662,0.009,0
0.847,-10.838,0.011,0
0.656,-12.000,0.012,0
0.218,-13.161,0.014,0
-0.061,-14.338,0.015,0
-0.360,-15.499,0.017,0
-0.018,-16.668,0.018,1
0.309,21.837,0.020,0
0.610,20.660,0.022,0
0.900,19.507,1.023,0
1.168,18.323,1.006,0
1.413,17.154,0.990,0
1.656,15.999,0.973,0
1.869,14.852,0.956,0
2.058,13.668,0.940,0
2.231,12.506,0.923,0
2.381,11.329,0.906,0
2.516,10.181,0.890,0
2.629,9.000,0.873,0
2.724,7.851,0.856,0
2.802,6.682,0.839,0
2.859,5.492,0.823,0
2.896,4.338,0.806,0
2.916,3.178,0.790,0
2.930,2.007,0.773,0
2.911,0.851,0.756,0
2.872,-0.318,0.740,0
2.815,-1.500,0.723,0
2.737,-2.655,0.706,0
2.642,-3.838,0.690,0
2.530,-5.000,0.673,0
2.395,-6.149,0.656,0
2.242,-7.325,0.640,0
2.070,-8.493,0.623,0
1.882,-9.669,0.606,0
1.671,-10.818,0.590,0
1.454,-11.993,0.573,0
1.204,-13.148,0.556,0
0.935,-14.324,0.540,0
0.652,-15.501,0.523,0
0.344,-16.655,0.506,0
0.019,-17.831,0.490,0
-0.320,-19.001,0.473,0
-0.683,-20.155,0.456,0
-1.065,-21.324,0.440,0
-1.466,-22.493,0.423,0
-1.111,-23.662,0.406,1
-0.769,21.845,0.390,0
-0.441,20.669,0.373,0
-0.138,19.493,0.356,0
0.143,18.315,0.339,0
0.401,17.154,0.323,0
0.649,16.007,0.306,0
0.873,14.824,0.290,0
1.076,13.662,0.273,0
1.265,12.514,0.256,0
1.433,11.331,0.240,0
1.583,10.168,0.223,0
1.711,8.991,0.206,0
1.822,7.837,0.190,0
1.913,6.676,0.173,0
1.987,5.514,0.156,0
2.040,4.331,0.140,0
2.099,3.169,0.123,0
2.115,2.006,0.106,0
2.111,0.831,0.090,0
2.088,-0.331,0.073,0
2.047,-1.508,0.056,0
1.987,-2.669,0.040,0
1.908,-3.825,0.023,0
1.783,-4.986,0.024,0
1.640,-6.169,0.026,0
1.500,-7.331,0.009,0
1.342,-8.493,0.011,0
1.166,-9.669,0.012,0
0.973,-10.838,0.014,0
0.758,-12.000,0.015,0
0.527,-13.176,0.017,0
0.894,-14.337,0.019,1
1.271,21.844,0.020,0
1.605,20.682,0.022,0
1.921,19.511,0.023,0
2.215,18.337,0.025,0
2.493,17.174,0.026,0
2.737,15.999,0.010,0
2.978,14.849,0.011,0
3.196,13.660,1.012,0
3.394,12.499,0.996,0
3.576,11.337,0.979,0
3.737,10.160,0.962,0
3.879,9.000,0.946,0
4.002,7.836,0.929,0
4.106,6.676,0.912,0
4.192,5.507,0.896,0
4.258,4.338,0.879,0
4.305,3.167,0.862,0
4.319,1.999,0.846,0
4.328,0.838,0.829,0
4.318,-0.325,0.812,0
4.289,-1.501,0.796,0
4.240,-2.663,0.779,0
4.173,-3.840,0.762,0
4.087,-4.994,0.746,0
3.982,-6.156,0.729,0
3.858,-7.325,0.713,0
3.712,-8.487,0.696,0
3.552,-9.670,0.679,0
3.371,-10.825,0.663,0
3.150,-11.986,0.646,0
2.929,-13.162,0.629,0
2.692,-14.332,0.612,0
2.434,-15.494,0.596,0
2.151,-16.660,0.579,0
1.856,-17.847,0.562,0
1.543,-19.009,0.546,0
1.207,-20.169,0.529,0
0.853,-21.339,0.512,0
0.484,-22.508,0.496,0
0.092,-23.663,0.479,0
-0.314,-24.832,0.463,0
-0.770,-25.987,0.446,0
-1.223,-27.162,0.429,0
-1.686,-28.340,0.412,0
-2.160,-29.493,0.396,0
-2.634,-30.000,0.379,0
-3.113,-30.000,0.362,0
-3.589,-30.000,0.346,0
-4.067,-30.000,0.329,0
-4.539,-30.000,0.312,0
-5.014,-30.000,0.296,0
-5.488,-30.000,0.279,0
-5.959,-30.000,0.262,0
-6.463,-30.000,0.246,0
-6.928,-30.000,0.229,0
-7.404,-30.000,0.212,0
-7.871,-30.000,0.196,0
-8.343,-30.000,0.179,0
-8.818,-30.000,0.162,0
-9.287,-30.000,0.146,0
1.091,-30.000,0.129,0
-10.052,-30.000,0.112,0
-10.522,-30.000,0.096,0
-11.045,-30.000,0.079,0
-11.563,-30.000,0.062,0
-11.840,0.000,0.046,0
-11.451,0.000,0.029,1
-11.119,21.855,0.012,0
-10.786,20.668,0.014,0
-10.473,19.500,0.015,0
-10.205,18.331,0.017,0
-9.931,17.169,0.018,0
-9.674,16.007,0.020,0
-9.461,14.837,0.021,0
-9.091,13.662,0.023,1
2.117,21.843,0.024,0
-8.149,20.662,0.026,0
-7.843,19.499,0.009,0
-7.521,18.330,0.011,0
-7.225,17.162,0.013,0
-6.939,16.021,0.014,0
-6.675,14.844,0.015,0
-6.278,13.675,0.017,1
-5.895,21.846,1.019,0
-5.529,20.676,1.002,0
-5.187,19.493,0.985,0
-4.863,18.332,0.968,0
-4.559,17.163,0.952,0
-4.274,16.001,0.935,0
-4.047,14.838,0.919,0
-3.800,13.675,0.902,0
-3.569,12.507,0.885,0
-3.361,11.324,0.868,0
-2.957,10.163,0.852,1
-2.574,21.832,0.835,0
-2.206,20.670,0.818,0
-1.862,19.493,0.802,0
-1.539,18.332,0.785,0
-1.224,17.183,0.768,0
-0.941,15.986,0.752,0
-0.670,14.845,0.735,0
-0.463,13.670,0.719,0
-0.230,12.514,0.702,0
-0.020,11.331,0.685,0
0.174,10.177,0.668,0
0.346,9.001,0.652,0
0.501,7.845,0.635,0
0.636,6.677,0.618,0
0.752,5.501,0.602,0
0.849,4.346,0.585,0
0.926,3.169,0.568,0
0.985,2.001,0.552,0
1.024,0.846,0.535,0
0.998,-0.329,0.518,0
1.000,-1.506,0.502,0
0.980,-2.654,0.485,0
0.941,-3.837,0.468,0
0.885,-5.015,0.452,0
0.809,-6.162,0.435,0
0.712,-7.330,0.418,0
0.599,-8.506,0.402,0
0.466,-9.662,0.385,0
0.310,-10.823,0.368,0
0.131,-12.005,0.351,0
0.543,-13.204,0.334,1
1.046,21.830,0.312,0
1.245,20.254,0.302,0
1.598,19.541,0.285,0
1.935,18.381,0.268,0
2.248,17.205,0.252,0
2.544,16.048,0.235,0
2.824,14.881,0.218,0
3.079,13.698,0.202,0
3.319,12.550,0.185,0
3.539,11.373,0.168,0
3.737,10.196,0.152,0
4.267,9.049,0.135,0
4.381,7.886,0.118,0
4.472,6.688,0.102,0
4.545,5.549,0.085,0
4.598,4.373,0.069,0
4.633,3.218,0.052,0
4.648,2.028,0.035,0
4.643,0.865,0.018,0
4.619,-0.288,0.020,0
4.577,-1.470,0.021,0
4.516,-2.628,0.023,0
4.408,-3.776,0.024,0
4.304,-4.965,0.026,0
4.187,-6.156,0.009,0
4.042,-7.282,0.010,0
3.889,-8.494,0.012,0
3.710,-9.614,0.014,0
3.939,-10.791,0.015,0
3.772,-11.951,0.017,0
3.587,-13.119,0.019,0
3.378,-14.282,0.020,0
3.152,-15.465,0.021,0
2.912,-16.634,0.023,0
2.646,-17.788,1.024,0
2.367,-18.965,1.008,0
2.010,-20.120,0.991,0
1.689,-21.293,0.974,0
1.352,-22.458,0.958,0
0.992,-23.613,0.941,0
1.404,-24.781,0.925,1
1.809,21.852,0.908,0
2.187,20.661,0.891,0
2.551,19.493,0.874,0
2.889,18.310,0.858,0
3.210,17.147,0.841,0
3.507,15.979,0.825,0
3.790,14.828,0.808,0
3.999,13.655,0.791,0
4.242,12.485,0.774,0
4.464,11.316,0.758,0
4.668,10.153,0.741,0
4.852,8.993,0.725,0
5.018,7.830,0.708,0
5.165,6.662,0.691,0
5.290,5.471,0.674,0
5.398,4.324,0.658,0
5.485,3.147,0.641,0
5.554,1.999,0.625,0
5.602,0.830,0.608,0
5.577,-0.346,0.591,0
5.588,-1.515,0.575,0
5.579,-2.669,0.558,0
5.549,-3.838,0.541,0
5.501,-5.015,0.524,0
5.434,-6.184,0.508,0
5.348,-7.340,0.491,0
5.241,-8.501,0.474,0
5.114,-9.676,0.458,0
4.970,-10.845,0.441,0
4.806,-12.008,0.425,0
4.620,-13.169,0.408,0
4.361,-14.344,0.391,0
4.136,-15.514,0.374,0
3.900,-16.691,0.358,0
3.632,-17.832,0.341,0
3.349,-19.021,0.324,0
3.052,-20.192,0.308,0
2.729,-21.346,0.291,0
2.393,-22.521,0.274,0
2.033,-23.678,0.258,0
1.659,-24.846,0.241,0
1.260,-26.001,0.225,0
0.838,-27.170,0.208,0
0.351,-28.346,0.191,0
-0.100,-29.503,0.174,0
-0.541,-30.000,0.158,0
-0.989,-30.000,0.141,0
-0.199,-30.000,0.125,1
0.153,21.844,0.108,0
0.483,20.668,0.091,0
0.796,19.500,0.074,0
1.083,18.323,0.058,0
1.355,17.170,0.041,0
1.608,16.001,0.024,0
1.813,14.823,0.026,0
2.022,13.668,0.009,0
2.190,12.499,0.011,0
2.365,11.331,0.012,0
2.517,10.153,0.014,0
2.651,9.007,0.015,0
2.767,7.844,0.017,0
2.863,6.669,0.018,0
2.939,5.507,0.020,0
3.420,4.329,0.022,0
3.508,3.176,0.023,0
3.575,1.993,0.024,0
3.623,0.831,0.026,0
3.650,-0.331,0.027,0
3.606,-1.516,0.011,0
3.596,-2.669,0.012,0
3.565,-3.838,1.014,0
3.516,-5.007,0.997,0
3.447,-6.163,0.981,0
3.359,-7.325,0.964,0
3.250,-8.486,0.947,0
3.119,-9.662,0.930,0
2.972,-10.845,0.914,0
2.806,-12.007,0.897,0
2.618,-13.169,0.880,0
2.361,-14.338,0.864,0
2.136,-15.500,0.847,0
1.894,-16.662,0.831,0
1.622,-17.818,0.814,0
1.344,-19.008,0.797,0
1.039,-20.155,0.781,0
0.712,-21.324,0.764,0
0.373,-22.501,0.747,0
0.006,-23.655,0.730,0
-0.372,-24.832,0.714,0
-0.777,-25.987,0.697,0
-1.203,-27.162,0.680,0
-1.693,-28.338,0.664,0
-2.138,-29.500,0.647,0
-1.723,-30.000,0.631,1
-1.324,21.831,0.614,0
-0.949,20.648,0.597,0
-0.596,19.479,0.580,0
-0.263,18.317,0.564,0
0.053,17.162,0.547,0
0.351,15.993,0.530,0
0.626,14.817,0.514,0
0.882,13.655,0.497,0
1.117,12.493,0.481,0
1.289,11.338,0.464,0
1.486,10.154,0.447,0
1.663,8.992,0.431,0
1.824,7.837,0.414,0
1.963,6.655,0.397,0
2.082,5.486,0.381,0
2.181,4.324,0.364,0
2.261,3.154,0.347,0
2.321,1.992,0.331,0
2.362,0.836,0.314,0
2.383,-0.331,0.297,0
2.384,-1.500,0.280,0
2.321,-2.677,0.264,0
2.282,-3.831,0.247,0
2.224,-5.008,0.230,0
2.148,-6.183,0.214,0
2.052,-7.340,0.197,0
1.932,-8.501,0.180,0
1.796,-9.684,0.164,0
1.642,-10.852,0.147,0
1.767,-12.007,0.131,0
1.546,-13.169,0.114,0
1.280,-14.338,0.097,0
0.993,-15.507,0.080,0
0.695,-16.686,0.064,0
0.374,-17.852,0.047,0
0.731,-19.007,0.030,1
1.068,21.831,0.014,0
1.409,20.663,0.015,0
1.732,19.500,0.017,0
2.010,18.332,0.018,0
2.267,17.163,0.020,0
2.502,15.999,0.022,0
2.724,14.845,0.023,0
2.971,13.663,0.024,0
3.150,12.501,0.026,0
3.319,11.338,0.009,0
3.785,10.169,0.011,0
3.955,8.993,0.012,0
4.105,7.825,0.014,0
4.235,6.662,0.015,0
4.345,5.494,0.017,0
4.437,4.338,0.018,0
4.507,3.153,1.020,0
4.559,2.000,1.003,0
4.590,0.832,0.987,0
4.602,-0.337,0.970,0
4.594,-1.499,0.953,0
4.531,-2.677,0.937,0
4.483,-3.824,0.920,0
4.416,-5.006,0.903,0
4.328,-6.168,0.886,0
4.224,-7.346,0.870,0
4.096,-8.493,0.853,0
3.950,-9.670,0.837,0
3.785,-10.837,0.820,0
3.599,-12.000,0.803,0
3.395,-13.169,0.787,0
3.169,-14.331,0.770,0
2.920,-15.499,0.753,0
2.625,-16.684,0.737,0
2.341,-17.839,0.720,0
2.042,-19.007,0.703,0
1.714,-20.155,0.687,0
1.366,-21.337,0.670,0
1.005,-22.517,0.653,0
0.623,-23.676,0.637,0
0.219,-24.839,0.620,0
-0.196,-26.008,0.603,0
-0.645,-27.156,0.587,0
-1.106,-28.338,0.570,0
-1.578,-29.500,0.553,0
-2.076,-30.000,0.537,0
-2.549,-30.000,0.520,0
-2.158,-30.000,0.503,1
-1.783,21.838,0.487,0
-1.428,20.662,0.470,0
-1.101,19.487,0.453,0
-0.784,18.339,0.436,0
-0.494,17.156,0.420,0
-0.218,16.001,0.403,0
0.032,14.822,0.387,0
0.265,13.670,0.370,0
0.480,12.508,0.353,0
0.650,11.331,0.337,0
0.822,10.163,0.320,0
0.978,9.013,0.303,0
1.113,7.839,0.287,0
1.228,6.669,0.270,0
1.323,5.501,0.253,0
1.399,4.332,0.236,0
1.454,3.155,0.220,0
1.489,1.999,0.203,0
1.505,0.832,0.187,0
1.501,-0.337,0.170,0
1.477,-1.506,0.153,0
1.412,-2.668,0.136,0
1.475,-3.844,0.120,0
1.391,-4.999,0.103,0
1.238,-6.175,0.087,0
1.116,-7.337,0.070,0
0.972,-8.500,0.053,0
0.759,-9.676,0.036,0
1.141,-10.843,0.020,1
1.473,21.830,0.022,0
1.790,20.682,0.023,0
2.113,19.512,0.024,0
2.392,18.344,0.026,0
2.656,17.168,0.009,0
2.895,16.013,0.011,0
3.139,14.844,0.012,0
3.361,13.673,0.014,0
3.515,12.513,0.015,0
3.824,11.344,0.017,0
3.988,10.174,0.018,0
4.130,8.999,0.020,0
4.254,7.851,0.022,0
4.359,6.682,0.023,0
4.442,5.500,0.025,0
4.507,4.351,1.026,0
4.540,3.175,1.009,0
4.566,2.013,0.993,0
4.571,0.844,0.976,0
4.555,-0.318,0.959,0
4.521,-1.501,0.943,0
4.467,-2.655,0.926,0
4.392,-3.825,0.909,0
4.299,-4.994,0.893,0
4.183,-6.149,0.876,0
4.049,-7.331,0.859,0
3.898,-8.502,0.843,0
3.725,-9.649,0.826,0
3.520,-10.812,0.809,0
3.307,-12.002,0.792,0
3.078,-13.171,0.776,0
2.823,-14.319,0.759,0
2.548,-15.496,0.742,0
2.260,-16.670,0.726,0
1.949,-17.819,0.709,0
1.614,-18.980,0.693,0
1.259,-20.156,0.676,0
0.886,-21.332,0.659,0
0.498,-22.501,0.643,0
0.082,-23.656,0.626,0
-0.351,-24.834,0.609,0
-0.798,-26.001,0.593,0
-1.276,-27.157,0.576,0
-1.759,-28.341,0.559,0
-2.260,-29.489,0.543,0
-1.899,-30.000,0.526,1
-1.549,21.845,0.509,0
-1.228,20.655,0.493,0
-0.924,19.500,0.476,0
-0.640,18.332,0.459,0
-0.377,17.169,0.443,0
-0.131,16.007,0.426,0
0.098,14.831,0.409,0
0.303,13.656,0.393,0
0.486,12.493,0.376,0
0.653,11.339,0.359,0
0.797,10.162,0.343,0
0.923,9.007,0.326,0
1.030,7.836,0.309,0
1.114,6.655,0.293,0
1.181,5.508,0.276,0
1.227,4.325,0.259,0
1.253,3.162,0.243,0
1.260,1.993,0.226,0
1.254,0.845,0.209,0
1.220,-0.344,0.192,0
1.168,-1.514,0.176,0
1.096,-2.669,0.159,0
1.003,-3.824,0.143,0
0.816,-5.000,0.126,0
0.682,-6.162,0.109,0
0.530,-7.344,0.093,0
0.384,-8.507,0.076,0
0.762,-9.669,0.059,1
1.096,21.832,0.042,0
1.413,20.657,0.026,0
1.709,19.477,0.009,0
2.010,18.345,0.011,0
2.289,17.168,0.012,0
2.523,16.000,0.014,0
2.736,14.831,0.015,0
2.983,13.669,0.017,0
3.156,12.485,0.018,0
3.309,11.325,0.020,0
3.470,10.169,0.021,0
3.482,8.993,0.023,0
3.577,7.845,0.025,0
3.653,6.678,0.026,0
3.726,5.501,0.009,0
3.761,4.324,0.011,0
3.777,3.155,0.012,0
3.772,1.993,0.014,0
3.748,0.823,1.015,0
3.704,-0.332,0.999,0
3.640,-1.507,0.982,0
3.557,-2.675,0.965,0
3.453,-3.837,0.949,0
3.331,-5.007,0.932,0
3.189,-6.163,0.915,0
3.026,-7.324,0.899,0
2.864,-8.493,0.882,0
2.662,-9.663,0.865,0
2.441,-10.831,0.849,0
2.188,-11.994,0.831,0
1.914,-13.211,0.814,0
1.654,-14.431,0.799,0
1.353,-15.500,0.782,0
1.033,-16.668,0.765,0
0.689,-17.830,0.749,0
0.331,-19.006,0.732,0
-0.050,-20.162,0.715,0
-0.449,-21.331,0.699,0
-0.842,-22.492,0.682,0
-0.497,-23.656,0.665,1
-0.183,21.810,0.649,0
0.114,20.656,0.632,0
0.393,19.494,0.615,0
0.652,18.325,0.599,0
0.891,17.156,0.582,0
1.112,15.987,0.565,0
1.307,14.811,0.549,0
1.487,13.664,0.532,0
1.649,12.495,0.515,0
1.787,11.310,0.499,0
1.936,10.157,0.482,0
2.037,8.995,0.465,0
2.117,7.826,0.449,0
2.178,6.657,0.432,0
2.219,5.501,0.415,0
2.241,4.319,0.399,0
2.242,3.149,0.382,0
2.223,1.987,0.365,0
2.185,0.832,0.349,0
2.126,-0.336,0.332,0
2.050,-1.527,0.315,0
1.951,-2.667,0.299,0
1.869,-3.851,0.282,0
1.732,-5.005,0.265,0
1.576,-6.174,0.249,0
1.399,-7.337,0.232,0
1.202,-8.505,0.215,0
0.987,-9.681,0.199,0
0.752,-10.843,0.182,0
0.494,-12.005,0.165,0
0.221,-13.181,0.149,0
0.278,-14.338,0.132,1
0.632,21.817,0.115,0
0.972,20.663,0.099,0
1.275,19.488,0.082,0
1.527,18.332,0.065,0
1.805,17.149,0.049,0
2.060,15.987,0.032,0
2.300,14.838,0.015,0
2.498,13.671,0.017,0
2.673,12.480,0.018,0
2.850,11.311,0.020,0
3.012,10.170,0.021,0
3.152,8.988,0.023,0
3.247,7.819,0.024,0
3.323,6.664,0.026,0
3.395,5.502,0.009,0
3.458,4.333,0.011,0
3.175,3.156,0.012,0
3.147,2.000,0.014,0
3.099,0.825,0.015,0
3.033,-0.351,0.017,0
2.946,-1.507,0.018,0
2.840,-2.675,0.020,0
2.714,-3.837,1.022,0
2.566,-4.992,1.005,0
2.403,-6.189,0.988,0
2.216,-7.329,0.971,0
2.055,-8.511,0.955,0
1.831,-9.674,0.938,0
1.585,-10.838,0.921,0
1.321,-12.013,0.905,0
1.037,-13.181,0.888,0
0.734,-14.346,0.871,0
0.415,-15.513,0.855,0
0.734,-16.662,0.838,1
1.038,21.832,0.821,0
1.314,20.650,0.805,0
1.573,19.494,0.788,0
1.817,18.326,0.771,0
2.080,17.141,0.755,0
2.279,15.988,0.738,0
2.461,14.832,0.721,0
2.625,13.657,0.704,0
2.765,12.473,0.688,0
2.886,11.320,0.671,0
2.988,10.157,0.655,0
3.070,8.995,0.638,0
3.134,7.833,0.621,0
3.178,6.648,0.604,0
3.200,5.472,0.588,0
3.204,4.325,0.571,0
3.238,3.156,0.555,0
3.202,1.979,0.538,0
3.147,0.809,0.521,0
3.073,-0.344,0.505,0
2.978,-1.512,0.488,0
2.865,-2.689,0.471,0
2.732,-3.851,0.455,0
2.580,-5.013,0.438,0
2.406,-6.170,0.421,0
2.213,-7.344,0.405,0
2.000,-8.520,0.388,0
1.770,-9.689,0.371,0
1.572,-10.851,0.355,0
1.299,-12.006,0.338,0
1.012,-13.181,0.322,0
0.698,-14.337,0.305,0
1.007,-15.521,0.288,1
1.302,21.846,0.271,0
1.573,20.671,0.255,0
1.827,19.515,0.238,0
2.060,18.346,0.222,0
2.277,17.185,0.205,0
2.472,16.008,0.188,0
2.645,14.847,0.172,0
2.858,13.690,0.155,0
2.993,12.502,0.138,0
2.736,11.340,0.121,0
2.882,10.170,0.105,0
3.011,9.013,0.088,0
3.119,7.832,0.071,0
3.207,6.669,0.055,0
3.276,5.515,0.038,0
3.326,4.346,0.021,0
3.381,3.176,0.023,0
3.417,2.014,0.024,0
3.408,0.846,0.026,0
3.382,-0.322,0.009,0
3.335,-1.500,0.011,0
3.268,-2.661,0.012,0
3.179,-3.816,0.014,0
3.073,-4.999,0.015,0
2.948,-6.161,0.017,0
2.376,-7.316,0.018,0
2.163,-8.498,0.020,0
1.926,-9.646,0.021,0
2.236,-10.830,0.023,1
2.521,21.831,0.025,0
2.794,20.684,0.026,0
3.050,19.508,1.027,0
3.331,18.324,1.011,0
3.541,17.177,0.994,0
3.738,16.021,0.977,0
3.911,14.833,0.961,0
4.064,13.668,0.944,0
4.196,12.507,0.928,0
4.313,11.352,0.911,0
4.409,10.169,0.894,0
4.484,9.001,0.877,0
4.540,7.832,0.861,0
4.577,6.670,0.844,0
4.649,5.507,0.827,0
4.647,4.338,0.811,0
4.626,3.170,0.794,0
4.585,2.016,0.777,0
4.524,0.839,0.761,0
4.445,-0.323,0.744,0
4.345,-1.485,0.727,0
4.226,-2.668,0.711,0
4.089,-3.830,0.694,0
3.930,-4.988,0.677,0
3.752,-6.161,0.661,0
3.556,-7.338,0.644,0
3.395,-8.499,0.627,0
3.162,-9.668,0.611,0
2.907,-10.817,0.594,0
2.633,-11.985,0.578,0
2.337,-13.154,0.561,0
2.027,-14.330,0.544,0
1.690,-15.485,0.527,0
1.340,-16.668,0.511,0
0.970,-17.831,0.494,0
1.280,-18.992,0.477,1
1.566,21.830,0.461,0
1.839,20.675,0.444,0
2.144,19.499,0.428,0
2.378,18.338,0.411,0
2.587,17.162,0.394,0
2.781,16.006,0.378,0
2.953,14.838,0.361,0
3.107,13.675,0.344,0
3.243,12.513,0.328,0
3.360,11.337,0.311,0
3.454,10.161,0.294,0
3.531,9.007,0.278,0
3.589,7.837,0.261,0
3.627,6.661,0.244,0
3.699,5.492,0.227,0
3.698,4.330,0.211,0
3.678,3.168,0.194,0
3.638,1.999,0.178,0
3.579,0.844,0.161,0
3.501,-0.340,0.144,0
3.029,-1.501,0.128,0
2.961,-2.656,0.111,0
2.875,-3.832,0.094,0
2.769,-4.994,0.077,0
2.645,-6.165,0.061,0
2.501,-7.326,0.044,0
2.339,-8.494,0.028,0
2.156,-9.662,0.011,0
1.980,-10.832,0.012,0
1.782,-11.994,0.014,0
1.539,-13.164,0.015,0
1.282,-14.340,0.017,0
1.644,-15.494,0.018,1
1.987,21.834,0.020,0
2.313,20.668,0.021,0
2.617,19.492,0.023,0
2.474,18.323,0.025,0
2.691,17.168,0.026,0
2.937,15.998,0.009,0
3.117,14.838,0.011,0
3.271,13.653,0.013,0
3.412,12.507,0.014,0
3.531,11.323,0.015,0
3.629,10.155,1.017,0
3.710,9.000,1.000,0
3.771,7.831,0.984,0
3.814,6.662,0.967,0
3.836,5.487,0.950,0
3.840,4.330,0.933,0
3.824,3.147,0.917,0
3.837,1.999,0.900,0
3.783,0.836,0.883,0
3.709,-0.344,0.867,0
3.615,-1.514,0.850,0
3.503,-2.683,0.833,0
3.372,-3.845,0.817,0
3.220,-5.008,0.800,0
3.052,-6.183,0.784,0
2.863,-7.332,0.767,0
2.652,-8.500,0.750,0
2.426,-9.683,0.734,0
2.181,-10.838,0.717,0
1.961,-11.999,0.700,0
1.676,-13.169,0.684,0
1.371,-14.331,0.667,0
1.045,-15.501,0.650,0
0.702,-16.676,0.634,0
0.340,-17.839,0.617,0
0.657,-19.007,0.600,1
0.955,21.837,0.584,0
1.236,20.676,0.567,0
1.499,19.507,0.550,0
1.738,18.332,0.534,0
1.962,17.177,0.517,0
2.212,16.007,0.500,0
2.395,14.824,0.483,0
2.560,13.661,0.467,0
2.704,12.494,0.450,0
2.833,11.338,0.433,0
2.937,10.155,0.417,0
3.025,9.013,0.400,0
3.096,7.844,0.383,0
3.145,6.654,0.367,0
3.176,5.498,0.350,0
3.187,4.330,0.333,0
3.179,3.162,0.317,0
3.193,2.000,0.300,0
3.147,0.832,0.284,0
3.081,-0.324,0.267,0
2.996,-1.508,0.250,0
2.893,-2.671,0.234,0
2.769,-3.824,0.217,0
2.627,-5.007,0.200,0
2.466,-6.177,0.183,0
2.286,-7.340,0.167,0
2.087,-8.500,0.150,0
1.592,-9.662,0.133,0
1.406,-10.838,0.117,0
1.186,-11.993,0.100,0
0.961,-13.162,0.084,0
1.339,-14.324,0.067,1
1.645,21.831,0.050,0
1.986,20.669,0.034,0
2.304,19.493,0.017,0
2.578,18.331,0.019,0
2.836,17.169,0.020,0
3.100,15.993,0.021,0
3.343,14.816,0.023,0
3.516,13.648,0.024,0
3.719,12.486,0.026,0
3.889,11.330,0.009,0
4.054,10.154,0.011,0
4.151,9.000,0.012,0
4.005,7.832,0.014,0
4.062,6.655,0.015,0
4.102,5.500,0.017,0
4.123,4.331,0.018,0
4.124,3.163,0.020,0
4.107,1.998,0.021,0
4.070,0.817,1.023,0
4.014,-0.338,1.006,0
3.940,-1.513,0.990,0
3.875,-2.669,0.973,0
3.761,-3.838,0.956,0
3.628,-5.015,0.939,0
3.477,-6.184,0.923,0
3.307,-7.346,0.906,0
3.118,-8.507,0.890,0
2.910,-9.669,0.873,0
2.679,-10.833,0.856,0
2.430,-12.015,0.839,0
2.169,-13.191,0.823,0
1.882,-14.331,0.806,0
1.579,-15.507,0.790,0
1.278,-16.671,0.773,0
0.934,-17.852,0.756,0
0.575,-19.022,0.740,0
0.192,-20.177,0.723,0
0.527,-21.352,0.706,1
0.845,21.846,0.690,0
1.152,20.689,0.673,0
1.434,19.500,0.656,0
1.691,18.330,0.640,0
1.936,17.190,0.623,0
2.162,16.021,0.606,0
2.370,14.852,0.589,0
2.576,13.670,0.573,0
2.747,12.521,0.556,0
2.893,11.331,0.540,0
3.025,10.182,0.523,0
3.134,8.993,0.506,0
3.225,7.838,0.489,0
3.296,6.669,0.473,0
3.350,5.521,0.456,0
3.383,4.339,0.440,0
3.399,3.190,0.423,0
3.395,2.014,0.406,0
3.372,0.845,0.389,0
3.347,-0.332,0.373,0
3.285,-1.489,0.356,0
3.207,-2.661,0.340,0
3.105,-3.804,0.323,0
2.987,-4.999,0.306,0
2.849,-6.161,0.290,0
2.694,-7.324,0.273,0
2.515,-8.479,0.256,0
2.320,-9.671,0.239,0
2.108,-10.839,0.223,0
1.876,-11.993,0.206,0
1.626,-13.155,0.190,0
1.367,-14.317,0.173,0
1.078,-15.487,0.156,0
0.766,-16.647,0.140,0
0.363,-17.825,0.123,0
0.015,-18.992,0.106,0
-0.323,-20.161,0.090,0
0.058,-21.317,0.073,1
0.393,21.824,0.056,0
0.701,20.655,0.040,0
1.005,19.514,0.023,0
1.561,18.317,0.026,0
1.586,16.031,0.025,0
1.823,15.922,0.027,0
2.051,14.762,0.010,0
2.249,13.586,0.011,0
2.431,12.428,0.013,0
2.593,11.253,0.014,0
2.734,10.084,0.016,0
2.884,8.923,0.017,0
2.938,7.745,0.019,0
3.023,6.578,0.020,0
3.089,5.422,0.022,0
3.137,4.260,0.023,0
3.165,3.083,0.025,0
3.174,1.916,0.026,0
3.167,0.760,0.010,0
3.138,-0.414,0.136,0
3.090,-1.574,0.136,0
3.023,-2.755,0.136,0
2.937,-3.916,0.136,0
2.830,-5.073,0.136,0
2.705,-6.260,0.136,0
2.565,-7.428,0.136,0
2.402,-8.575,0.136,0
2.220,-9.745,0.136,0
2.021,-10.917,0.136,0
1.801,-12.075,0.136,0
1.562,-13.248,0.136,0
1.925,-14.410,0.136,1
2.270,21.834,0.136,0
2.596,20.665,0.136,0
2.904,19.497,0.136,0
3.187,18.319,0.136,0
3.453,17.163,0.136,0
3.702,16.002,0.136,0
3.929,14.826,0.136,0
4.138,13.663,0.136,0
-4.021,14.856,0.011,0
-3.799,14.856,0.012,0
-3.594,13.700,0.014,0
-3.411,12.525,0.015,0
-3.246,11.365,0.017,0
-3.100,10.199,0.018,0
6.201,9.028,0.020,0
-3.041,7.864,0.022,1
-2.751,21.836,0.023,0
-2.480,20.669,0.025,0
-2.225,19.499,0.026,0
-1.943,18.317,0.009,0
-1.731,17.167,0.011,0
-1.538,16.000,0.012,0
-1.366,14.831,1.014,0
-1.213,13.668,0.997,0
-0.903,12.505,0.981,1
-0.614,21.831,0.964,0
-0.339,20.667,0.947,0
-0.090,19.483,0.931,0
0.143,18.326,0.914,0
0.355,17.154,0.897,0
0.550,15.988,0.880,0
0.774,14.812,0.864,0
0.930,13.662,0.847,0
1.063,12.485,0.831,0
1.372,11.325,0.814,1
1.664,21.838,0.797,0
1.937,20.665,0.780,0
2.186,19.493,0.764,0
2.420,18.337,0.747,0
2.637,17.162,0.730,0
2.828,15.979,0.714,0
3.002,14.824,0.697,0
3.155,13.661,0.681,0
3.344,12.505,0.664,0
3.463,11.340,0.647,0
3.558,10.156,0.631,0
3.635,9.003,0.614,0
3.694,7.844,0.597,0
3.733,6.673,0.581,0
3.753,5.508,0.564,0
3.754,4.331,0.547,0
3.735,3.166,0.531,0
3.697,2.004,0.514,0
3.639,0.838,0.497,0
3.562,-0.334,0.481,0
3.518,-1.494,0.464,0
3.402,-2.662,0.447,0
3.266,-3.837,0.430,0
3.114,-5.013,0.414,0
2.941,-6.159,0.397,0
2.747,-7.324,0.381,0
2.536,-8.500,0.364,0
2.303,-9.660,0.347,0
2.055,-10.838,0.331,0
1.785,-11.990,0.314,0
1.493,-13.160,0.297,0
1.803,-14.339,0.281,1
2.148,21.848,0.264,0
2.424,20.678,0.247,0
2.679,19.511,0.231,0
2.918,18.346,0.214,0
3.138,17.170,0.197,0
3.338,15.994,0.180,0
3.514,14.818,0.164,0
3.671,13.664,0.147,0
3.486,12.511,0.131,0
3.658,11.349,0.114,0
3.812,10.179,0.097,0
3.943,8.999,0.081,0
4.055,7.849,0.064,0
4.149,6.678,0.047,0
4.225,5.502,0.030,0
4.280,4.326,0.014,0
4.291,3.175,0.015,0
4.283,2.000,0.017,0
4.281,0.822,0.018,0
4.260,-0.329,0.020,0
4.220,-1.502,0.022,0
4.160,-2.657,0.023,0
4.081,-3.824,0.024,0
3.983,-5.000,0.026,0
3.860,-6.167,0.009,0
3.350,-7.333,0.011,0
3.144,-8.488,0.012,0
2.919,-9.660,0.014,0
2.676,-10.822,0.016,0
2.410,-11.986,0.017,0
2.129,-13.167,0.019,0
1.828,-14.322,1.020,0
1.500,-15.489,1.003,0
1.165,-16.682,0.987,0
0.807,-17.829,0.970,0
1.127,-18.991,0.953,1
1.472,21.836,0.937,0
1.756,20.668,0.920,0
2.020,19.496,0.903,0
2.265,18.329,0.887,0
2.491,17.159,0.870,0
2.694,15.990,0.853,0
2.881,14.839,0.837,0
3.051,13.670,0.820,0
3.197,12.491,0.803,0
3.327,11.339,0.787,0
3.438,10.169,0.770,0
3.529,8.997,0.753,0
3.641,7.836,0.737,0
3.693,6.662,0.720,0
3.727,5.508,0.703,0
3.741,4.328,0.687,0
3.736,3.172,0.670,0
3.712,1.993,0.653,0
3.669,0.837,0.637,0
3.607,-0.335,0.620,0
3.526,-1.495,0.603,0
3.426,-2.661,0.587,0
3.305,-3.831,0.570,0
3.167,-5.010,0.553,0
3.046,-6.169,0.537,0
2.867,-7.328,0.520,0
2.669,-8.509,0.503,0
2.455,-9.683,0.487,0
2.221,-10.840,0.470,0
1.967,-12.001,0.453,0
1.691,-13.172,0.436,0
1.403,-14.352,0.420,0
1.094,-15.501,0.403,0
0.761,-16.660,0.387,0
0.409,-17.839,0.370,0
0.738,-19.013,0.353,1
1.080,21.842,0.337,0
1.377,20.687,0.320,0
1.649,19.506,0.303,0
1.914,18.349,0.286,0
2.142,17.140,0.270,0
2.361,16.006,0.253,0
2.555,14.831,0.237,0
2.735,13.686,0.220,0
2.894,12.514,0.203,0
3.036,11.350,0.187,0
3.158,10.174,0.170,0
3.261,9.005,0.153,0
3.371,7.831,0.137,0
3.260,6.684,0.120,0
3.306,5.519,0.103,0
3.381,4.337,0.087,0
3.388,3.182,0.070,0
3.426,2.013,0.053,0
3.419,0.851,0.037,0
3.394,-0.324,0.020,0
3.349,-1.487,0.021,0
3.287,-2.659,0.023,0
3.204,-3.816,0.025,0
3.102,-4.987,0.026,0
2.981,-6.157,0.010,0
2.816,-7.311,0.011,0
2.680,-8.482,0.012,0
2.477,-9.664,0.014,0
2.305,-10.824,0.015,0
1.891,-11.991,0.017,0
1.627,-13.149,0.018,0
1.349,-14.331,0.020,0
1.053,-15.490,0.022,0
0.734,-16.648,0.023,0
1.079,-17.821,0.024,1
1.403,21.827,1.026,0
1.726,20.664,1.009,0
2.015,19.504,0.993,0
2.280,18.327,0.976,0
2.528,17.172,0.959,0
2.759,16.004,0.943,0
2.968,14.832,0.926,0
3.162,13.673,0.909,0
3.333,12.489,0.893,0
3.485,11.327,0.876,0
3.620,10.171,0.859,0
3.735,8.995,0.843,0
3.830,7.828,0.826,0
3.922,6.672,0.809,0
3.979,5.496,0.793,0
4.018,4.341,0.776,0
4.037,3.160,0.759,0
4.038,1.994,0.743,0
4.019,0.834,0.726,0
3.982,-0.331,0.709,0
3.925,-1.496,0.693,0
3.849,-2.668,0.676,0
3.754,-3.828,0.659,0
3.641,-4.999,0.643,0
3.508,-6.161,0.626,0
3.366,-7.329,0.609,0
3.193,-8.505,0.593,0
3.004,-9.679,0.576,0
2.795,-10.837,0.559,0
2.568,-12.004,0.543,0
2.321,-13.163,0.526,0
2.054,-14.327,0.509,0
1.769,-15.497,0.493,0
1.465,-16.666,0.476,0
1.142,-17.830,0.459,0
0.797,-18.994,0.443,0
0.437,-20.173,0.426,0
0.061,-21.335,0.409,0
-0.342,-22.504,0.393,0
0.015,-23.679,0.376,1
0.352,21.841,0.359,0
0.673,20.684,0.343,0
0.978,19.518,0.326,0
1.258,18.341,0.310,0
1.526,17.185,0.293,0
1.768,16.000,0.276,0
1.994,14.851,0.259,0
2.201,13.682,0.243,0
2.392,12.519,0.226,0
2.660,11.330,0.197,0
2.698,9.314,0.193,0
2.829,9.016,0.176,0
2.942,7.852,0.159,0
3.034,6.662,0.143,0
3.131,5.499,0.126,0
3.186,4.355,0.109,0
3.222,3.185,0.093,0
3.238,1.999,0.076,0
3.236,0.823,0.059,0
3.213,-0.317,0.042,0
3.173,-1.509,0.026,0
3.109,-2.664,0.009,0
3.004,-3.825,0.011,0
2.884,-5.009,0.013,0
2.766,-6.145,0.014,0
2.630,-7.315,0.016,0
2.475,-8.482,0.017,0
2.301,-9.649,0.019,0
2.105,-10.814,0.020,0
1.893,-12.001,0.021,0
1.689,-13.165,0.023,0
1.440,-14.318,0.025,0
1.167,-15.483,0.026,0
0.875,-16.663,0.010,0
1.255,-17.811,0.011,1
1.603,21.810,0.013,0
1.937,20.662,0.014,0
2.258,19.498,1.015,0
2.550,18.310,0.999,0
2.828,17.162,0.982,0
3.089,15.992,0.965,0
3.326,14.810,0.949,0
3.546,13.655,0.932,0
3.747,12.492,0.916,0
3.930,11.330,0.899,0
4.079,10.154,0.882,0
4.224,8.997,0.865,0
4.350,7.822,0.849,0
4.455,6.641,0.832,0
4.541,5.483,0.815,0
4.609,4.324,0.799,0
4.658,3.153,0.782,0
4.687,1.995,0.766,0
4.698,0.832,0.749,0
4.689,-0.359,0.732,0
4.662,-1.520,0.715,0
4.616,-2.677,0.699,0
4.533,-3.833,0.682,0
4.448,-5.003,0.666,0
4.344,-6.169,0.649,0
4.220,-7.336,0.632,0
4.079,-8.515,0.616,0
3.919,-9.669,0.599,0
3.739,-10.833,0.582,0
3.535,-12.000,0.565,0
3.324,-13.190,0.549,0
3.083,-14.325,0.532,0
2.826,-15.507,0.515,0
2.548,-16.677,0.499,0
2.236,-17.852,0.482,0
1.916,-19.003,0.465,0
1.582,-20.189,0.449,0
1.237,-21.358,0.432,0
0.859,-22.503,0.415,0
0.472,-23.690,0.399,0
0.067,-24.848,0.382,0
-0.361,-26.005,0.366,0
-0.812,-27.170,0.349,0
-0.424,-28.347,0.332,1
-0.055,21.837,0.316,0
0.300,20.676,0.299,0
0.602,19.495,0.282,0
0.915,18.344,0.266,0
1.209,17.176,0.249,0
1.487,16.009,0.232,0
1.741,14.828,0.215,0
1.976,13.670,0.199,0
2.195,12.508,0.182,0
2.395,11.333,0.165,0
2.573,10.159,0.149,0
2.957,9.001,0.132,0
3.048,7.839,0.116,0
3.171,6.678,0.099,0
3.243,5.502,0.082,0
3.277,4.343,0.065,0
3.291,3.170,0.049,0
3.337,2.003,0.032,0
3.313,0.842,0.016,0
3.295,-0.323,0.017,0
3.258,-1.507,0.019,0
3.177,-2.659,0.020,0
3.102,-3.829,0.022,0
3.008,-4.998,0.023,0
2.867,-6.158,0.024,0
2.736,-7.350,0.026,0
2.577,-8.505,0.009,0
2.407,-9.660,0.011,0
2.465,-10.821,0.012,0
2.282,-11.997,0.014,0
2.078,-13.158,0.015,0
1.854,-14.328,0.017,0
1.615,-15.501,0.019,0
1.352,-16.659,0.020,0
1.071,-17.835,1.021,0
1.468,-19.005,1.005,1
1.849,21.845,0.988,0
2.215,20.683,0.971,0
2.519,19.506,0.955,0
2.843,18.346,0.938,0
3.150,17.181,0.921,0
3.435,16.005,0.905,0
3.705,14.846,0.888,0
3.950,13.666,0.872,0
4.178,12.514,0.855,0
4.390,11.349,0.838,0
4.580,10.169,0.821,0
4.750,9.000,0.805,0
4.902,7.845,0.788,0
5.035,6.679,0.771,0
5.108,5.506,0.755,0
5.202,4.345,0.738,0
5.277,3.177,0.721,0
5.333,2.005,0.705,0
5.370,0.823,0.688,0
5.388,-0.319,0.672,0
5.386,-1.485,0.655,0
5.365,-2.664,0.638,0
5.325,-3.832,0.621,0
5.266,-4.994,0.605,0
5.187,-6.164,0.588,0
5.090,-7.337,0.572,0
4.929,-8.493,0.555,0
4.791,-9.663,0.538,0
4.635,-10.837,0.521,0
4.462,-12.007,0.505,0
4.267,-13.168,0.488,0
4.059,-14.338,0.472,0
3.828,-15.487,0.455,0
3.571,-16.649,0.438,0
3.305,-17.838,0.422,0
3.015,-18.986,0.405,0
2.703,-20.155,0.388,0
2.376,-21.332,0.371,0
1.977,-22.494,0.355,0
1.614,-23.673,0.338,0
1.229,-24.831,0.321,0
0.828,-25.994,0.305,0
0.404,-27.150,0.288,0
-0.044,-28.317,0.272,0
-0.492,-29.493,0.255,0
-0.074,-30.000,0.238,1
0.316,21.814,0.221,0
0.689,20.655,0.205,0
1.043,19.489,0.188,0
1.377,18.326,0.172,0
1.646,17.164,0.155,0
1.940,15.987,0.138,0
2.568,14.832,0.121,0
2.774,13.657,0.105,0
2.963,12.501,0.088,0
3.134,11.335,0.071,0
3.284,10.157,0.055,0
3.416,8.994,0.038,0
3.526,7.812,0.022,0
3.619,6.666,0.023,0
3.691,5.488,0.025,0
3.745,4.335,0.026,0
3.778,3.168,0.010,0
3.768,2.002,0.011,0
3.764,0.826,0.013,0
3.741,-0.333,0.014,0
3.698,-1.497,0.016,0
3.635,-2.667,0.017,0
3.979,-3.845,0.019,0
3.928,-5.000,0.020,0
3.857,-6.169,0.021,0
3.769,-7.344,0.023,0
3.661,-8.504,0.025,0
3.531,-9.666,0.026,0
3.332,-10.843,0.009,0
3.162,-12.005,1.011,0
2.980,-13.187,0.994,0
2.775,-14.334,0.978,0
2.549,-15.499,0.961,0
2.304,-16.670,0.944,0
2.041,-17.839,0.928,0
1.759,-19.006,0.911,0
1.458,-20.169,0.894,0
1.132,-21.332,0.878,0
0.792,-22.512,0.861,0
1.208,-23.676,0.844,1
1.552,21.841,0.828,0
1.938,20.675,0.811,0
2.293,19.482,0.794,0
2.630,18.332,0.778,0
2.956,17.178,0.761,0
3.253,15.989,0.744,0
3.535,14.846,0.728,0
3.801,13.679,0.711,0
4.043,12.492,0.694,0
4.267,11.332,0.678,0
4.471,10.171,0.661,0
4.657,9.009,0.644,0
4.767,7.830,0.628,0
4.913,6.673,0.611,0
5.042,5.512,0.594,0
5.149,4.320,0.577,0
5.237,3.143,0.561,0
5.305,2.010,0.544,0
5.355,0.839,0.528,0
5.384,-0.328,0.511,0
5.395,-1.518,0.494,0
5.385,-2.656,0.477,0
5.357,-3.842,0.461,0
5.309,-5.011,0.444,0
5.186,-6.169,0.427,0
5.100,-7.341,0.411,0
4.995,-8.504,0.394,0
4.871,-9.661,0.378,0
4.725,-10.823,0.361,0
4.561,-11.993,0.344,0
4.372,-13.159,0.327,0
4.174,-14.350,0.311,0
3.949,-15.491,0.294,0
3.709,-16.667,0.278,0
3.448,-17.827,0.261,0
3.163,-18.992,0.244,0
2.811,-20.169,0.228,0
2.491,-21.325,0.211,0
2.149,-22.492,0.194,0
1.789,-23.666,0.178,0
1.410,-24.836,0.161,0
1.825,-26.004,0.144,1
2.604,21.847,0.127,0
2.934,20.661,0.111,0
3.239,19.493,0.094,0
3.530,18.349,0.078,0
3.806,17.180,0.061,0
4.053,15.992,0.044,0
4.285,14.848,0.027,0
4.498,13.662,0.011,0
4.664,12.493,0.012,0
4.812,11.338,0.014,0
4.968,10.179,0.015,0
5.103,8.993,0.017,0
5.218,7.831,0.018,0
5.218,6.662,0.018,0
5.314,6.662,0.020,0
5.389,5.485,0.021,0
5.446,4.328,0.023,0
5.908,3.164,0.024,0
5.975,1.985,0.026,0
5.970,0.822,0.009,0
5.998,-0.346,0.011,0
6.007,-1.506,0.012,0
5.996,-2.676,0.014,0
5.965,-3.838,0.015,0
5.916,-5.022,1.017,0
5.847,-6.176,1.000,0
5.756,-7.339,0.983,0
5.647,-8.517,0.967,0
5.515,-9.691,0.950,0
5.372,-10.876,0.933,0
5.205,-12.015,0.917,0
4.968,-13.180,0.900,0
4.758,-14.340,0.883,0
4.529,-15.521,0.866,0
4.289,-16.699,0.850,0
4.024,-17.842,0.833,0
3.735,-19.010,0.817,0
3.430,-20.191,0.800,0
3.105,-21.360,0.783,0
2.763,-22.529,0.767,0
2.404,-23.692,0.750,0
2.025,-24.847,0.734,0
1.623,-26.003,0.717,0
1.195,-27.170,0.700,0
1.553,-28.352,0.684,1
1.957,21.851,0.666,0
2.328,20.654,0.650,0
2.683,19.500,0.633,0
3.020,18.337,0.617,0
3.336,17.168,0.600,0
3.632,16.000,0.583,0
3.912,14.839,0.566,0
4.167,13.654,0.550,0
4.405,12.502,0.533,0
4.623,11.332,0.517,0
4.822,10.173,0.500,0
4.952,9.000,0.483,0
5.113,7.837,0.466,0
5.251,6.654,0.450,0
5.371,5.507,0.433,0
5.472,4.335,0.417,0
5.553,3.161,0.400,0
5.613,1.976,0.382,0
5.655,0.738,0.367,0
5.677,-0.319,0.350,0
5.679,-1.487,0.333,0
5.661,-2.662,0.316,0
5.578,-3.846,0.300,0
5.520,-4.996,0.283,0
5.447,-6.177,0.267,0
5.351,-7.317,0.250,0
5.233,-8.486,0.233,0
5.100,-9.664,0.217,0
4.943,-10.818,0.200,0
4.766,-11.999,0.183,0
4.577,-13.177,0.167,0
4.363,-14.318,0.150,0
4.426,-15.484,0.133,0
4.145,-16.664,0.117,0
3.831,-17.838,0.100,0
3.484,-18.995,0.083,0
3.123,-20.177,0.067,0
2.746,-21.339,0.050,0
2.340,-22.488,0.033,0
1.917,-23.668,0.017,0
1.505,-24.837,0.018,0
1.072,-25.994,0.020,0
1.431,-27.152,0.021,1
1.767,21.821,0.023,0
2.080,20.652,0.024,0
2.377,19.495,0.026,0
2.661,18.322,0.009,0
2.969,17.164,0.011,0
3.204,15.995,0.012,0
3.750,14.835,0.014,0
3.997,13.652,0.015,0
4.222,12.483,0.017,0
4.431,11.335,0.018,0
4.620,10.166,0.020,0
4.788,8.997,0.021,0
4.937,7.829,1.023,0
5.067,6.660,1.006,0
5.176,5.476,0.989,0
5.228,4.314,0.973,0
5.298,3.157,0.956,0
5.349,1.983,0.940,0
5.379,0.835,0.923,0
5.390,-0.355,0.906,0
5.381,-1.512,0.890,0
5.351,-2.665,0.873,0
5.304,-3.849,0.856,0
5.236,-5.003,0.840,0
5.146,-6.168,0.823,0
5.040,-7.349,0.806,0
4.911,-8.498,0.789,0
4.730,-9.674,0.773,0
4.564,-10.845,0.756,0
4.379,-12.004,0.740,0
4.166,-13.164,0.722,0
3.946,-14.363,0.706,0
3.700,-15.498,0.690,0
3.428,-16.665,0.673,0
3.145,-17.856,0.656,0
2.840,-19.012,0.639,0
2.518,-20.179,0.623,0
2.169,-21.333,0.606,0
1.809,-22.511,0.590,0
1.391,-23.665,0.573,0
0.991,-24.843,0.556,0
0.567,-25.997,0.540,0
0.123,-27.165,0.523,0
-0.342,-28.334,0.506,0
0.051,-29.504,0.489,1
0.426,21.826,0.473,0
0.772,20.649,0.456,0
1.105,19.505,0.440,0
1.417,18.336,0.423,0
1.709,17.168,0.406,0
1.988,16.005,0.389,0
2.239,14.810,0.373,0
2.448,13.649,0.356,0
2.659,12.478,0.339,0
2.852,11.329,0.323,0
3.026,10.162,0.306,0
3.180,9.000,0.289,0
3.315,7.832,0.273,0
3.429,6.661,0.256,0
3.524,5.490,0.239,0
3.599,4.332,0.223,0
3.653,3.156,0.206,0
3.688,2.006,0.189,0
3.683,0.818,0.173,0
3.679,-0.338,0.156,0
3.655,-1.493,0.139,0
3.735,-2.668,0.123,0
3.670,-3.842,0.106,0
3.538,-5.021,0.089,0
3.435,-6.168,0.073,0
3.312,-7.332,0.056,0
3.116,-8.503,0.039,0
2.956,-9.683,0.023,0
2.748,-10.831,0.024,0
2.516,-12.002,0.026,0
2.282,-13.189,0.009,0
2.039,-14.330,0.011,0
1.754,-15.501,0.012,0
1.441,-16.664,0.014,0
1.145,-17.850,0.015,0
0.825,-19.000,0.017,0
1.155,-20.161,0.018,1
1.637,21.828,0.020,0
1.983,20.662,0.021,0
2.299,19.470,0.023,0
2.592,18.310,0.024,0
2.874,17.166,0.026,0
3.118,15.984,0.009,0
3.362,14.832,0.010,0
3.580,13.640,1.012,0
3.780,12.482,0.995,0
3.960,11.316,0.979,0
4.120,10.141,0.962,0
4.260,8.979,0.945,0
4.379,7.808,0.929,0
4.479,6.648,0.912,0
4.560,5.486,0.895,0
4.620,4.316,0.879,0
4.661,3.140,0.862,0
4.674,2.000,0.846,0
4.676,0.831,0.829,0
4.657,-0.332,0.812,0
4.618,-1.504,0.795,0
4.561,-2.690,0.779,0
4.481,-3.838,0.762,0
4.385,-5.022,0.746,0
4.266,-6.168,0.729,0
4.128,-7.345,0.712,0
3.971,-8.514,0.696,0
3.792,-9.676,0.679,0
3.594,-10.851,0.662,0
3.376,-12.021,0.645,0
3.141,-13.190,0.629,0
2.881,-14.339,0.612,0
2.607,-15.521,0.595,0
2.312,-16.677,0.579,0
1.995,-17.838,0.562,0
1.659,-19.009,0.546,0
1.301,-20.176,0.529,0
0.927,-21.348,0.512,0
0.533,-22.511,0.496,0
0.119,-23.672,0.479,0
0.484,-24.833,0.462,1
0.828,21.824,0.446,0
1.150,20.657,0.429,0
1.451,19.495,0.412,0
1.734,18.333,0.396,0
2.001,17.167,0.379,0
2.241,15.981,0.362,0
2.465,14.831,0.346,0
2.671,13.657,0.329,0
2.852,12.473,0.312,0
3.016,11.323,0.295,0
3.160,10.150,0.279,0
3.283,8.980,0.262,0
3.388,7.822,0.245,0
3.478,6.642,0.229,0
3.543,5.491,0.212,0
3.587,4.312,0.195,0
3.612,3.149,0.179,0
3.617,1.992,0.162,0
3.602,0.833,0.145,0
3.492,-0.345,0.129,0
3.437,-1.500,0.112,0
3.363,-2.675,0.095,0
3.294,-3.846,0.079,0
3.204,-5.001,0.062,0
3.082,-6.176,0.046,0
2.929,-7.338,0.029,0
2.755,-8.500,0.012,0
2.585,-9.674,0.014,0
2.395,-10.850,0.015,0
2.163,-12.027,0.017,0
1.913,-13.184,0.018,0
1.688,-14.338,0.020,0
1.392,-15.516,0.021,0
1.086,-16.695,0.023,0
0.778,-17.835,0.024,0
0.325,-19.005,0.026,0
0.675,-20.174,0.027,1
1.015,21.824,0.011,0
1.324,20.673,0.012,0
1.614,19.507,0.014,0
1.885,18.330,0.015,0
2.129,17.155,0.017,0
2.361,16.006,1.018,0
2.571,14.828,1.001,0
2.758,13.652,0.985,0
2.926,12.497,0.968,0
3.077,11.338,0.952,0
3.205,10.162,0.935,0
3.317,9.007,0.918,0
3.428,7.816,0.901,0
3.497,6.655,0.885,0
3.549,5.500,0.868,0
3.579,4.317,0.851,0
3.589,3.147,0.835,0
3.580,2.007,0.818,0
3.551,0.832,0.801,0
3.503,-0.345,0.785,0
3.435,-1.496,0.768,0
3.346,-2.666,0.751,0
3.238,-3.845,0.735,0
3.135,-5.003,0.718,0
2.986,-6.171,0.701,0
2.820,-7.353,0.685,0
2.634,-8.506,0.668,0
2.425,-9.665,0.651,0
2.197,-10.845,0.635,0
1.955,-12.016,0.618,0
1.689,-13.163,0.602,0
1.401,-14.327,0.585,0
1.097,-15.501,0.568,0
0.767,-16.659,0.551,0
0.424,-17.845,0.535,0
0.054,-19.001,0.518,0
-0.298,-20.183,0.502,0
-0.699,-21.338,0.485,0
-0.360,-22.493,0.468,1
-0.046,21.817,0.451,0
0.249,20.649,0.435,0
0.519,19.479,0.418,0
0.773,18.328,0.402,0
1.010,17.162,0.385,0
1.225,15.986,0.368,0
1.421,14.819,0.351,0
1.593,13.648,0.335,0
1.782,12.500,0.318,0
1.921,11.334,0.301,0
2.037,10.144,0.285,0
2.132,8.978,0.268,0
2.210,7.824,0.251,0
2.267,6.648,0.235,0
2.304,5.479,0.218,0
2.320,4.310,0.202,0
2.318,3.158,0.185,0
2.296,1.993,0.168,0
2.254,0.831,0.152,0
1.917,-0.333,0.135,0
1.873,-1.528,0.118,0
1.822,-2.664,0.102,0
1.750,-3.838,0.085,0
1.612,-5.029,0.068,0
1.498,-6.167,0.051,0
1.369,-7.361,0.035,0
1.220,-8.521,0.018,0
1.024,-9.683,0.020,0
0.812,-10.859,0.021,0
1.189,-12.014,0.023,1
1.540,21.823,0.024,0
1.872,20.669,0.026,0
2.178,19.514,0.009,0
2.451,18.348,0.011,0
2.701,17.174,0.012,0
2.957,16.012,0.014,0
2.869,14.849,0.015,0
3.040,13.683,0.017,0
3.187,12.493,0.018,0
3.314,11.324,0.020,0
3.420,10.163,0.021,0
3.508,9.005,0.023,0
3.576,7.845,1.024,0
3.625,6.679,1.008,0
3.655,5.515,0.991,0
3.708,4.324,0.974,0
3.697,3.163,0.958,0
3.668,2.012,0.941,0
3.618,0.844,0.924,0
3.549,-0.324,0.908,0
3.460,-1.492,0.891,0
3.351,-2.650,0.874,0
3.223,-3.837,0.858,0
3.075,-4.994,0.841,0
2.906,-6.156,0.824,0
2.721,-7.338,0.808,0
2.512,-8.488,0.791,0
2.329,-9.668,0.774,0
2.084,-10.847,0.757,0
1.822,-12.006,0.741,0
1.537,-13.152,0.724,0
1.228,-14.318,0.708,0
1.547,-15.500,0.691,1
1.840,21.824,0.674,0
2.115,20.672,0.658,0
2.377,19.513,0.641,0
2.615,18.331,0.624,0
2.833,17.166,0.608,0
3.035,16.002,0.591,0
3.260,14.817,0.574,0
3.421,13.664,0.557,0
3.559,12.486,0.541,0
3.681,11.335,0.524,0
3.779,10.155,0.508,0
3.860,9.015,0.491,0
3.922,7.845,0.474,0
3.965,6.674,0.457,0
3.987,5.491,0.441,0
3.989,4.339,0.424,0
3.972,3.169,0.408,0
3.986,2.008,0.391,0
3.931,0.849,0.374,0
3.855,-0.318,0.358,0
3.760,-1.499,0.341,0
3.644,-2.656,0.324,0
3.511,-3.832,0.308,0
3.355,-4.986,0.291,0
3.180,-6.168,0.274,0
2.991,-7.344,0.258,0
2.777,-8.485,0.241,0
2.545,-9.656,0.224,0
2.292,-10.820,0.208,0
2.018,-11.993,0.191,0
2.378,-13.176,0.174,1
2.673,21.844,0.157,0
2.941,20.668,0.141,0
2.820,19.520,0.124,0
3.106,18.350,0.108,0
3.368,17.174,0.091,0
3.612,16.014,0.074,0
3.836,14.849,0.058,0
4.044,13.689,0.041,0
4.228,12.507,0.024,0
4.420,11.352,0.026,0
4.570,10.182,0.009,0
4.724,9.020,0.010,0
4.831,7.830,0.012,0
4.918,6.669,0.014,0
4.987,5.521,0.015,0
5.036,4.346,0.017,0
5.066,3.191,0.018,0
5.076,2.000,0.020,0
4.642,0.845,0.021,0
4.563,-0.311,0.023,0
4.464,-1.485,0.024,0
4.345,-2.648,0.026,0
4.263,-3.831,0.009,0
4.107,-4.985,0.011,0
3.928,-6.147,0.012,0
3.735,-7.331,1.014,0
3.519,-8.479,0.997,0
3.280,-9.647,0.980,0
3.025,-10.838,0.963,0
2.756,-12.008,0.947,0
2.459,-13.148,0.930,0
2.770,-14.329,0.913,1
3.053,21.829,0.897,0
3.332,20.684,0.880,0
3.629,19.484,0.864,0
3.863,18.354,0.847,0
4.073,17.175,0.831,0
4.265,16.019,0.814,0
4.440,14.852,0.797,0
4.594,13.677,0.780,0
4.726,12.508,0.764,0
4.844,11.356,0.747,0
4.943,10.162,0.730,0
5.073,8.957,0.704,0
5.068,7.155,0.696,0
5.103,6.625,0.680,0
5.120,5.463,0.663,0
5.172,4.293,0.646,0
5.150,3.125,0.630,0
5.108,1.949,0.613,0
5.047,0.781,0.596,0
4.966,-0.384,0.580,0
4.866,-1.551,0.563,0
4.748,-2.713,0.546,0
4.609,-3.868,0.530,0
4.450,-5.036,0.513,0
4.273,-6.206,0.496,0
4.075,-7.368,0.480,0
3.858,-8.546,0.463,0
3.679,-9.713,0.446,0
3.424,-10.869,0.430,0
3.145,-12.037,0.413,0
2.852,-13.220,0.396,0
2.537,-14.382,0.379,0
2.210,-15.558,0.363,0
1.853,-16.699,0.346,0
1.483,-17.883,0.330,0
1.092,-19.043,0.313,0
1.400,-20.213,0.296,1
1.691,21.838,0.280,0
1.965,20.670,0.263,0
2.271,19.493,0.246,0
2.500,18.323,0.230,0
2.714,17.169,0.213,0
2.905,16.001,0.196,0
3.081,14.845,0.180,0
3.238,13.669,0.163,0
3.371,12.491,0.146,0
3.113,11.345,0.130,0
3.260,10.170,0.113,0
3.388,9.007,0.096,0
3.496,7.838,0.080,0
3.585,6.669,0.063,0
3.657,5.500,0.046,0
3.707,4.338,0.030,0
3.739,3.175,0.013,0
3.775,1.993,0.014,0
3.792,0.837,0.016,0
3.765,-0.338,0.018,0
3.719,-1.493,0.019,0
3.653,-2.669,0.020,0
3.569,-3.839,0.022,0
3.464,-4.987,0.024,0
3.341,-6.161,0.025,0
2.773,-7.324,0.027,0
2.612,-8.493,0.010,0
2.380,-9.663,0.011,0
2.129,-10.831,0.013,0
1.856,-12.000,0.014,0
1.571,-13.177,0.016,0
1.262,-14.323,0.018,0
1.576,-15.494,1.019,1
1.871,21.833,1.002,0
2.147,20.664,0.986,0
2.402,19.494,0.969,0
2.638,18.331,0.952,0
2.858,17.164,0.936,0
3.102,15.987,0.919,0
3.281,14.832,0.902,0
3.441,13.664,0.886,0
3.580,12.495,0.869,0
3.703,11.339,0.852,0
3.803,10.156,0.836,0
3.886,9.002,0.819,0
3.949,7.833,0.802,0
3.993,6.664,0.786,0
4.018,5.501,0.769,0
4.024,4.332,0.752,0
4.010,3.155,0.736,0
4.024,1.994,0.719,0
3.971,0.839,0.702,0
3.900,-0.330,0.686,0
3.809,-1.498,0.669,0
3.698,-2.661,0.652,0
3.570,-3.844,0.636,0
3.422,-4.999,0.619,0
3.255,-6.161,0.603,0
3.067,-7.323,0.586,0
2.860,-8.499,0.569,0
2.636,-9.674,0.552,0
2.391,-10.836,0.536,0
2.170,-12.005,0.519,0
1.888,-13.176,0.502,0
1.584,-14.337,0.486,0
1.269,-15.512,0.469,0
0.928,-16.656,0.453,0
0.568,-17.823,0.436,0
0.184,-18.992,0.419,0
0.504,-20.175,0.402,1
0.809,21.838,0.386,0
1.092,20.661,0.369,0
1.355,19.495,0.352,0
1.596,18.331,0.336,0
1.866,17.181,0.319,0
2.073,15.999,0.302,0
2.256,14.830,0.286,0
2.426,13.682,0.269,0
2.575,12.507,0.252,0
2.705,11.338,0.236,0
2.815,10.168,0.219,0
2.906,9.000,0.202,0
2.978,7.838,0.186,0
3.031,6.683,0.169,0
3.066,5.513,0.152,0
2.805,4.323,0.136,0
2.838,3.183,0.119,0
2.865,2.020,0.102,0
2.872,0.837,0.086,0
2.859,-0.317,0.069,0
2.778,-1.499,0.052,0
2.729,-2.662,0.036,0
2.659,-3.817,0.019,0
2.544,-4.986,0.020,0
2.412,-6.169,0.022,0
2.287,-7.330,0.024,0
2.140,-8.485,0.025,0
1.924,-9.662,0.027,0
1.725,-10.830,0.010,0
1.520,-11.993,0.011,0
1.296,-13.168,0.013,0
1.007,-14.338,0.014,0
0.473,-15.492,0.016,0
0.806,-16.655,0.017,1
1.115,21.824,0.019,0
1.407,20.669,0.021,0
1.683,19.507,0.022,0
1.936,18.332,0.024,0
2.172,17.169,1.025,0
2.391,16.000,1.008,0
2.619,14.824,0.992,0
2.795,13.656,0.975,0
2.953,12.500,0.959,0
3.095,11.338,0.942,0
3.215,10.154,0.925,0
3.318,8.994,0.908,0
3.399,7.816,0.892,0
3.462,6.662,0.875,0
3.507,5.493,0.858,0
3.533,4.324,0.841,0
3.538,3.132,0.825,0
3.525,2.007,0.808,0
3.519,0.824,0.792,0
3.469,-0.352,0.775,0
3.398,-1.493,0.759,0
3.308,-2.664,0.742,0
3.200,-3.838,0.725,0
3.072,-5.002,0.708,0
2.924,-6.170,0.692,0
2.759,-7.352,0.675,0
2.573,-8.506,0.658,0
2.372,-9.683,0.642,0
2.148,-10.831,0.625,0
1.905,-12.008,0.608,0
1.667,-13.176,0.592,0
1.385,-14.338,0.575,0
1.086,-15.514,0.558,0
0.768,-16.676,0.542,0
0.431,-17.839,0.525,0
0.073,-19.006,0.508,0
0.420,-20.175,0.492,1
0.741,21.822,0.475,0
1.046,20.669,0.458,0
1.333,19.506,0.442,0
1.603,18.337,0.425,0
1.851,17.161,0.408,0
2.097,16.000,0.392,0
2.307,14.838,0.375,0
2.498,13.675,0.358,0
2.671,12.507,0.342,0
2.824,11.337,0.325,0
2.958,10.169,0.308,0
3.073,9.006,0.292,0
3.170,7.838,0.275,0
3.246,6.662,0.258,0
3.304,5.507,0.242,0
3.343,4.331,0.225,0
3.363,3.176,0.208,0
3.377,1.999,0.192,0
3.359,0.830,0.175,0
3.321,-0.325,0.158,0
3.264,-1.500,0.142,0
3.113,-2.669,0.125,0
3.020,-3.839,0.109,0
2.931,-4.988,0.092,0
2.822,-6.155,0.075,0
2.671,-7.338,0.058,0
2.502,-8.493,0.042,0
2.310,-9.655,0.025,0
2.127,-10.831,0.027,0
1.908,-11.993,0.010,0
1.683,-13.162,0.011,0
1.420,-14.339,0.013,0
1.136,-15.492,0.015,0
0.831,-16.655,0.016,0
1.189,-17.824,0.018,1
1.530,21.830,0.019,0
1.872,20.655,0.021,0
2.121,19.494,0.022,0
2.405,18.332,0.023,0
2.664,17.155,0.025,0
2.907,16.000,0.027,0
3.135,14.832,0.010,0
3.339,13.669,0.012,0
3.526,12.506,0.013,0
3.695,11.331,0.136,0
3.839,10.139,0.136,0
3.968,9.004,0.136,0
4.078,7.837,0.136,0
4.169,6.668,0.136,0
4.240,5.492,0.136,0
4.293,4.338,0.136,0
4.326,3.154,0.136,0
4.340,1.993,0.136,0
4.335,0.817,0.136,0
4.310,-0.345,0.136,0
4.268,-1.515,0.136,0
4.203,-2.669,0.136,0
4.120,-3.854,0.136,0
4.017,-5.015,0.136,0
3.894,-6.177,0.136,0
3.752,-7.345,0.136,0
3.591,-8.515,0.136,0
3.411,-9.683,0.136,0
3.208,-10.845,0.136,0
2.994,-12.021,0.136,0
1.412,19.500,0.010,0
1.690,18.309,0.012,0
1.950,17.155,0.013,0
2.191,15.992,0.015,0
2.416,14.831,0.016,0
2.620,13.654,0.018,0
2.801,12.485,0.020,0
2.541,11.337,0.021,0
2.635,10.168,0.023,0
2.712,9.005,0.024,0
2.768,7.831,0.026,0
2.805,6.662,0.027,0
2.878,5.500,0.010,0
2.876,4.324,0.012,0
2.854,3.154,1.014,0
2.813,2.000,0.997,0
2.753,0.824,0.980,0
2.673,-0.345,0.963,0
2.574,-1.514,0.947,0
2.457,-2.668,0.930,0
2.317,-3.824,0.913,0
2.161,-5.014,0.897,0
1.985,-6.176,0.880,0
1.788,-7.331,0.863,0
1.629,-8.507,0.847,0
1.393,-9.662,0.830,0
1.138,-10.838,0.813,0
0.866,-12.007,0.797,0
0.573,-13.168,0.780,0
0.262,-14.339,0.764,0
0.571,-15.500,0.747,1
0.862,21.838,0.730,0
1.133,20.668,0.714,0
1.389,19.506,0.697,0
1.618,18.324,0.680,0
1.835,17.175,0.663,0
2.081,15.993,0.647,0
2.258,14.832,0.630,0
2.412,13.654,0.613,0
2.550,12.490,0.597,0
2.664,11.315,0.580,0
2.762,10.162,0.563,0
2.840,8.993,0.547,0
2.899,7.830,0.530,0
2.939,6.662,0.513,0
2.958,5.485,0.497,0
2.959,4.331,0.480,0
2.941,3.160,0.464,0
2.955,2.006,0.447,0
2.898,0.830,0.430,0
2.821,-0.333,0.413,0
2.726,-1.508,0.397,0
2.610,-2.663,0.380,0
2.476,-3.838,0.363,0
2.323,-5.008,0.347,0
2.149,-6.164,0.330,0
1.959,-7.348,0.314,0
1.747,-8.494,0.297,0
1.516,-9.669,0.280,0
1.267,-10.838,0.264,0
1.046,-12.000,0.247,0
0.759,-13.171,0.230,0
0.451,-14.331,0.214,0
0.119,-15.500,0.197,0
0.430,-16.684,0.180,1
0.725,21.846,0.164,0
1.006,20.684,0.147,0
0.935,19.501,0.130,0
1.222,18.344,0.114,0
1.491,17.184,0.097,0
1.744,16.014,0.080,0
1.972,14.831,0.063,0
2.179,13.676,0.047,0
2.371,12.522,0.030,0
2.546,11.352,0.013,0
2.676,10.169,0.015,0
2.781,8.979,0.017,0
2.896,7.846,0.018,0
2.993,6.687,0.019,0
3.068,5.500,0.021,0
3.124,4.346,0.023,0
3.163,3.210,0.024,0
3.182,2.018,0.025,0
2.780,0.801,0.015,0
2.772,-1.146,0.010,0
2.683,-1.493,0.012,0
2.575,-2.668,0.013,0
2.449,-3.822,0.015,0
2.300,-4.977,0.016,0
2.134,-6.168,0.018,0
1.952,-7.331,1.020,0
1.746,-8.478,1.003,0
1.524,-9.654,0.986,0
1.281,-10.816,0.970,0
1.018,-11.985,0.953,0
0.739,-13.154,0.936,0
1.101,-14.316,0.920,1
1.406,21.838,0.903,0
1.688,20.662,0.886,0
1.955,19.500,0.869,0
2.197,18.324,0.853,0
2.427,17.169,0.836,0
2.632,15.985,0.819,0
2.818,14.824,0.803,0
2.987,13.662,0.786,0
3.136,12.493,0.770,0
3.265,11.331,0.753,0
3.377,10.169,0.736,0
3.506,8.993,0.720,0
3.579,7.838,0.703,0
3.632,6.669,0.686,0
3.667,5.500,0.670,0
3.682,4.330,0.653,0
3.678,3.155,0.636,0
3.654,1.993,0.619,0
3.612,0.824,0.603,0
3.550,-0.332,0.586,0
3.469,-1.500,0.569,0
3.370,-2.684,0.553,0
3.251,-3.825,0.536,0
3.148,-5.000,0.520,0
2.991,-6.169,0.503,0
2.812,-7.331,0.486,0
2.617,-8.514,0.469,0
2.404,-9.676,0.453,0
2.169,-10.831,0.436,0
1.917,-12.008,0.420,0
1.645,-13.168,0.403,0
1.350,-14.331,0.386,0
1.043,-15.514,0.370,0
0.713,-16.669,0.353,0
0.364,-17.838,0.336,0
0.027,-19.007,0.319,0
0.358,-20.176,0.303,1
0.674,21.838,0.286,0
0.965,20.661,0.270,0
1.242,19.508,0.253,0
1.499,18.331,0.236,0
1.733,17.163,0.220,0
1.951,16.008,0.203,0
2.153,14.845,0.186,0
2.330,13.662,0.170,0
2.493,12.507,0.153,0
2.457,11.331,0.136,0
2.607,10.182,0.120,0
2.712,9.015,0.103,0
2.846,7.838,0.086,0
2.911,6.670,0.070,0
3.008,5.507,0.053,0
3.058,4.324,0.036,0
3.092,3.183,0.019,0
3.105,1.999,0.021,0
3.100,0.838,0.023,0
3.076,-0.318,0.024,0
3.033,-1.485,0.026,0
2.945,-2.662,0.027,0
2.863,-3.830,0.011,0
2.787,-4.986,0.012,0
2.642,-6.155,0.014,0
2.527,-7.324,0.015,0
2.169,-8.492,0.017,0
1.968,-9.662,0.018,0
1.746,-10.823,0.020,0
1.507,-11.992,0.021,0
1.247,-13.155,0.023,0
1.590,-14.324,0.024,1
1.920,21.837,1.025,0
2.224,20.654,1.009,0
2.528,19.493,0.992,0
2.793,18.331,0.976,0
3.046,17.175,0.959,0
3.273,15.986,0.942,0
3.481,14.831,0.926,0
3.674,13.675,0.909,0
3.848,12.493,0.892,0
3.999,11.317,0.876,0
4.133,10.161,0.859,0
4.249,8.993,0.842,0
4.343,7.816,0.826,0
4.421,6.669,0.809,0
4.493,5.486,0.792,0
4.531,4.324,0.776,0
4.551,3.169,0.759,0
4.551,1.993,0.742,0
4.533,0.831,0.726,0
4.495,-0.325,0.709,0
4.438,-1.500,0.692,0
4.362,-2.676,0.675,0
4.266,-3.846,0.659,0
4.154,-5.017,0.642,0
4.020,-6.169,0.626,0
3.870,-7.345,0.609,0
3.705,-8.500,0.592,0
3.516,-9.692,0.575,0
3.309,-10.845,0.559,0
3.080,-12.000,0.542,0
2.829,-13.170,0.525,0
2.566,-14.353,0.509,0
2.280,-15.507,0.492,0
1.971,-16.676,0.475,0
1.654,-17.858,0.459,0
1.310,-19.001,0.442,0
0.951,-20.174,0.426,0
0.570,-21.331,0.409,0
0.170,-22.500,0.392,0
-0.250,-23.684,0.375,0
-0.686,-24.853,0.359,0
-0.326,-26.014,0.342,1
0.010,21.830,0.326,0
0.332,20.682,0.309,0
0.636,19.513,0.292,0
0.920,18.344,0.276,0
1.187,17.176,0.259,0
1.431,16.000,0.242,0
1.657,14.844,0.226,0
1.867,13.683,0.209,0
2.055,12.500,0.192,0
2.225,11.338,0.176,0
2.375,10.169,0.159,0
2.505,9.006,0.142,0
2.643,7.851,0.126,0
2.737,6.682,0.109,0
2.811,5.508,0.092,0
2.866,4.345,0.076,0
2.902,3.189,0.059,0
2.920,2.013,0.042,0
2.918,0.853,0.026,0
2.872,-0.318,0.027,0
2.828,-1.486,0.010,0
2.744,-2.662,0.012,0
2.666,-3.817,0.014,0
2.569,-4.986,0.015,0
2.453,-6.148,0.017,0
2.317,-7.317,0.018,0
2.164,-8.486,0.020,0
1.988,-9.649,0.021,0
1.821,-10.831,0.023,0
2.192,-11.993,0.024,1
2.546,21.838,0.026,0
2.878,20.668,0.027,0
3.183,19.507,0.011,0
3.480,18.344,0.012,0
3.757,17.169,0.013,0
4.012,16.000,1.015,0
4.252,14.845,0.998,0
4.471,13.669,0.982,0
4.671,12.507,0.965,0
4.852,11.345,0.948,0
5.016,10.176,0.932,0
5.159,9.000,0.915,0
5.283,7.831,0.898,0
5.388,6.669,0.882,0
5.460,5.507,0.865,0
5.527,4.345,0.848,0
5.575,3.168,0.832,0
5.603,2.007,0.815,0
5.613,0.830,0.798,0
5.603,-0.331,0.782,0
5.576,-1.508,0.765,0
5.527,-2.655,0.748,0
5.460,-3.838,0.732,0
5.376,-5.007,0.715,0
5.271,-6.161,0.698,0
5.147,-7.332,0.682,0
4.988,-8.500,0.665,0
4.825,-9.656,0.648,0
4.644,-10.824,0.632,0
4.445,-11.993,0.615,0
4.225,-13.155,0.598,0
3.985,-14.324,0.582,0
3.730,-15.500,0.565,0
3.450,-16.656,0.548,0
3.149,-17.839,0.531,0
2.840,-19.023,0.515,0
2.508,-20.170,0.498,0
2.155,-21.333,0.482,0
1.762,-22.500,0.465,0
1.368,-23.662,0.448,0
0.962,-24.838,0.432,0
0.535,-25.994,0.415,0
0.080,-27.155,0.398,0
-0.389,-28.339,0.382,0
-0.004,-29.508,0.365,1
0.365,21.846,0.348,0
0.716,20.683,0.332,0
1.047,19.515,0.315,0
1.360,18.352,0.298,0
1.656,17.183,0.282,0
1.904,16.007,0.265,0
2.159,14.838,0.248,0
2.395,13.669,0.232,0
2.610,12.501,0.215,0
2.809,11.346,0.198,0
2.988,10.168,0.182,0
3.147,9.001,0.165,0
3.288,7.838,0.148,0
3.634,6.669,0.132,0
3.686,5.506,0.115,0
3.769,4.352,0.098,0
3.784,3.177,0.081,0
3.798,1.998,0.065,0
3.773,0.837,0.048,0
3.780,-0.331,0.032,0
3.717,-1.480,0.015,0
3.661,-2.662,0.017,0
3.584,-3.824,0.018,0
3.466,-5.000,0.020,0
3.351,-6.148,0.021,0
3.219,-7.324,0.023,0
3.041,-8.487,0.024,0
2.868,-9.662,0.025,0
2.682,-10.838,0.027,0
2.461,-11.980,0.010,0
2.485,-13.157,0.012,0
2.258,-14.311,0.013,0
2.019,-15.492,0.015,0
1.751,-16.649,0.016,0
2.150,-17.839,0.018,1
2.526,21.838,0.020,0
2.892,20.690,1.021,0
3.235,19.508,1.004,0
3.560,18.342,0.988,0
3.862,17.169,0.971,0
4.107,16.014,0.955,0
4.378,14.860,0.938,0
4.624,13.669,0.921,0
4.852,12.508,0.904,0
5.059,11.339,0.888,0
5.251,10.184,0.871,0
5.421,8.999,0.854,0
5.570,7.830,0.838,0
5.702,6.690,0.821,0
5.816,5.520,0.804,0
5.909,4.344,0.788,0
5.984,3.191,0.771,0
6.040,2.008,0.754,0
6.034,0.838,0.738,0
6.052,-0.317,0.721,0
6.048,-1.473,0.704,0
6.028,-2.662,0.688,0
5.988,-3.817,0.671,0
5.926,-4.978,0.654,0
5.848,-6.161,0.638,0
5.752,-7.323,0.621,0
5.632,-8.472,0.604,0
5.498,-9.654,0.588,0
5.342,-10.809,0.571,0
5.165,-11.978,0.554,0
4.929,-13.154,0.538,0
4.712,-14.311,0.521,0
4.482,-15.492,0.504,0
4.232,-16.646,0.488,0
3.960,-17.809,0.471,0
3.665,-18.978,0.454,0
3.359,-20.161,0.438,0
3.029,-21.316,0.421,0
2.679,-22.487,0.404,0
2.318,-23.660,0.388,0
1.931,-24.809,0.371,0
1.519,-25.980,0.354,0
1.052,-27.161,0.338,0
0.610,-28.316,0.321,0
0.150,-29.478,0.304,0
0.556,-30.000,0.288,1
0.950,21.852,0.271,0
1.324,20.683,0.254,0
1.682,19.514,0.238,0
2.012,18.330,0.221,0
2.331,17.183,0.204,0
2.623,16.000,0.188,0
2.901,14.852,0.171,0
3.162,13.683,0.154,0
3.348,12.498,0.138,0
3.918,11.352,0.121,0
4.069,10.176,0.104,0
4.198,9.000,0.088,0
4.310,7.846,0.071,0
4.402,6.669,0.054,0
4.474,5.500,0.038,0
4.528,4.345,0.021,0
4.562,3.169,0.023,0
4.577,2.014,0.024,0
4.573,0.831,0.026,0
4.524,-0.324,0.027,0
4.480,-1.501,0.010,0
4.417,-2.655,0.012,0
4.335,-3.831,0.013,0
4.235,-5.000,0.015,0
4.115,-6.155,0.017,0
4.399,-7.318,0.018,0
4.291,-8.500,0.020,0
4.164,-9.655,0.021,0
4.016,-10.818,0.023,0
3.850,-11.985,0.024,0
3.664,-13.148,0.026,0
3.458,-14.317,1.027,0
3.182,-15.486,1.011,0
2.933,-16.647,0.994,0
2.669,-17.831,0.977,0
2.389,-19.000,0.960,0
2.085,-20.155,0.944,0
1.764,-21.330,0.927,0
1.419,-22.493,0.910,0
1.065,-23.672,0.894,0
0.680,-24.821,0.877,0
0.280,-26.001,0.860,0
-0.133,-27.170,0.844,0
-0.575,-28.324,0.827,0
-0.217,-29.501,0.811,1
0.185,21.852,0.794,0
0.567,20.676,0.777,0
0.921,19.499,0.761,0
1.264,18.353,0.744,0
1.587,17.177,0.727,0
1.887,16.000,0.710,0
2.171,14.845,0.694,0
2.433,13.668,0.677,0
2.677,12.507,0.660,0
2.901,11.338,0.644,0
3.049,10.170,0.627,0
3.235,9.021,0.610,0
3.402,7.845,0.594,0
3.549,6.676,0.577,0
3.675,5.501,0.560,0
3.783,4.345,0.544,0
3.871,3.170,0.527,0
3.940,2.007,0.511,0
3.990,0.858,0.494,0
4.020,-0.324,0.477,0
4.031,-1.493,0.461,0
4.022,-2.642,0.444,0
3.994,-3.825,0.427,0
3.888,-4.988,0.410,0
3.823,-6.179,0.394,0
3.736,-7.332,0.377,0
3.632,-8.500,0.361,0
3.504,-9.648,0.344,0
3.360,-10.831,0.327,0
3.197,-11.993,0.310,0
3.014,-13.155,0.294,0
2.811,-14.317,0.277,0
2.583,-15.486,0.260,0
2.351,-16.673,0.244,0
2.035,-17.801,0.227,0
1.521,-18.966,0.198,0
1.393,-21.040,0.192,0
1.073,-21.459,0.175,0
0.730,-22.620,0.159,0
1.145,-23.789,0.142,1
1.928,21.846,0.125,0
2.249,20.647,0.109,0
2.562,19.514,0.092,0
2.853,18.338,0.075,0
3.126,17.170,0.058,0
3.374,15.994,0.042,0
3.607,14.845,0.025,0
3.795,13.677,0.027,0
3.986,12.509,0.010,0
4.133,11.331,0.012,0
4.288,10.177,0.013,0
4.423,9.001,0.015,0
4.538,7.826,0.016,0
4.634,6.664,0.018,0
4.709,5.500,0.019,0
4.766,4.337,0.021,0
5.228,3.176,0.022,0
5.296,2.009,0.024,0
5.344,0.839,0.025,0
5.372,-0.330,0.027,0
5.328,-1.513,0.010,0
5.317,-2.668,0.012,0
5.287,-3.831,0.013,0
5.239,-4.994,1.015,0
5.167,-6.155,0.998,0
5.078,-7.344,0.981,0
4.971,-8.506,0.965,0
4.843,-9.668,0.948,0
4.697,-10.830,0.931,0
4.525,-11.991,0.914,0
4.343,-13.182,0.898,0
4.137,-14.325,0.881,0
3.855,-15.492,0.865,0
3.615,-16.676,0.848,0
3.348,-17.823,0.831,0
3.062,-18.998,0.815,0
2.760,-20.169,0.798,0
2.433,-21.329,0.781,0
2.094,-22.506,0.765,0
1.733,-23.662,0.748,0
1.350,-24.823,0.731,0
0.947,-25.992,0.715,0
0.527,-27.161,0.698,0
0.085,-28.323,0.681,0
-0.422,-29.492,0.665,0
-0.866,-30.000,0.648,0
-1.321,-30.000,0.631,0
-1.769,-30.000,0.615,0
-2.220,-30.000,0.598,0
-1.811,-30.000,0.581,1
-1.417,21.846,0.565,0
-1.043,20.681,0.548,0
-0.684,19.514,0.531,0
-0.352,18.332,0.515,0
-0.035,17.177,0.498,0
0.261,16.001,0.481,0
0.487,14.832,0.465,0
0.744,13.676,0.448,0
0.982,12.508,0.431,0
1.198,11.331,0.415,0
1.396,10.170,0.398,0
1.573,9.006,0.381,0
1.731,7.846,0.365,0
1.870,6.676,0.348,0
1.989,5.515,0.331,0
2.088,4.331,0.315,0
2.168,3.163,0.298,0
2.228,2.007,0.281,0
2.222,0.846,0.265,0
2.243,-0.337,0.248,0
2.243,-1.499,0.231,0
2.225,-2.668,0.215,0
2.186,-3.831,0.198,0
2.128,-5.007,0.181,0
2.050,-6.169,0.165,0
1.955,-7.330,0.148,0
2.137,-8.486,0.131,0
1.976,-9.654,0.115,0
1.769,-10.817,0.098,0
1.542,-11.985,0.081,0
1.300,-13.157,0.065,0
1.037,-14.338,0.048,0
0.750,-15.493,0.031,0
1.114,-16.668,0.014,1
1.465,21.808,0.016,0
1.812,20.675,0.017,0
2.102,19.491,0.019,0
2.383,18.350,0.021,0
2.638,17.170,0.022,0
2.878,16.013,0.024,0
3.146,14.837,0.025,0
3.345,13.669,0.027,0
3.535,12.500,0.010,0
4.016,11.323,0.012,0
4.207,10.183,0.013,0
4.376,8.999,0.015,0
4.526,7.837,0.016,0
4.656,6.668,0.018,0
4.767,5.514,0.019,0
4.857,4.330,1.021,0
4.928,3.175,1.004,0
4.979,2.006,0.987,0
5.011,0.845,0.971,0
5.022,-0.331,0.954,0
4.978,-1.502,0.937,0
4.951,-2.657,0.921,0
4.904,-3.825,0.904,0
4.836,-4.987,0.887,0
4.749,-6.163,0.871,0
4.643,-7.324,0.854,0
4.514,-8.493,0.837,0
4.371,-9.672,0.821,0
4.202,-10.817,0.804,0
4.017,-12.000,0.787,0
3.812,-13.163,0.771,0
3.587,-14.326,0.754,0
3.311,-15.494,0.737,0
3.046,-16.655,0.721,0
2.762,-17.824,0.704,0
2.453,-18.986,0.687,0
2.135,-20.169,0.671,0
1.786,-21.317,0.654,0
1.426,-22.501,0.637,0
1.039,-23.656,0.621,0
0.638,-24.833,0.604,0
0.214,-25.994,0.587,0
-0.227,-27.163,0.571,0
-0.691,-28.324,0.554,0
-1.195,-29.494,0.537,0
-0.808,-30.000,0.521,1
-0.435,21.852,0.504,0
-0.077,20.684,0.487,0
0.255,19.500,0.471,0
0.569,18.339,0.454,0
0.862,17.168,0.437,0
1.132,16.000,0.421,0
1.388,14.853,0.404,0
1.623,13.676,0.387,0
1.835,12.507,0.371,0
2.030,11.353,0.354,0
2.181,10.183,0.337,0
2.335,9.006,0.321,0
2.472,7.853,0.304,0
2.587,6.670,0.287,0
2.682,5.508,0.271,0
2.758,4.338,0.254,0
2.814,3.176,0.237,0
2.850,2.001,0.221,0
2.865,0.852,0.204,0
2.863,-0.359,0.187,0
2.839,-1.486,0.171,0
2.796,-2.655,0.154,0
2.711,-3.824,0.137,0
2.754,-5.008,0.121,0
2.652,-6.169,0.104,0
2.481,-7.331,0.087,0
2.340,-8.486,0.071,0
2.175,-9.647,0.054,0
1.945,-10.830,0.037,0
1.745,-11.986,0.021,0
1.495,-13.148,0.022,0
1.229,-14.331,0.024,0
0.966,-15.492,0.025,0
0.660,-16.668,0.027,0
0.348,-17.831,0.010,0
0.701,-18.985,0.012,1
1.067,21.837,0.013,0
1.405,20.647,0.015,0
1.670,19.485,0.016,0
2.098,18.337,0.018,0
2.376,17.160,0.019,0
2.637,16.000,0.021,0
2.878,14.830,0.022,0
3.099,13.661,0.024,0
3.300,12.492,0.025,0
3.480,11.323,1.027,0
3.630,10.161,1.010,0
3.771,8.986,0.993,0
3.893,7.823,0.977,0
3.994,6.648,0.960,0
4.076,5.493,0.943,0
4.138,4.330,0.927,0
4.180,3.155,0.910,0
4.202,1.993,0.894,0
4.204,0.837,0.877,0
4.187,-0.333,0.860,0
4.149,-1.507,0.843,0
4.092,-2.669,0.827,0
4.008,-3.838,0.810,0
3.913,-5.008,0.794,0
3.796,-6.162,0.777,0
3.658,-7.338,0.760,0
3.503,-8.515,0.743,0
3.327,-9.669,0.727,0
3.129,-10.839,0.710,0
2.915,-12.014,0.693,0
2.678,-13.170,0.677,0
2.421,-14.345,0.660,0
2.145,-15.515,0.643,0
1.853,-16.684,0.627,0
1.533,-17.838,0.610,0
1.204,-19.014,0.594,0
0.851,-20.163,0.577,0
0.469,-21.325,0.560,0
0.079,-22.514,0.543,0
-0.339,-23.670,0.527,0
-0.785,-24.845,0.510,0
-0.436,-26.044,0.494,1
-0.090,21.880,0.477,0
0.232,20.705,0.460,0
0.540,19.544,0.443,0
0.820,18.360,0.427,0
1.090,17.212,0.410,0
1.333,16.029,0.393,0
1.559,14.874,0.377,0
1.761,13.698,0.360,0
1.948,12.550,0.343,0
2.114,11.372,0.327,0
2.259,10.198,0.310,0
2.384,9.029,0.293,0
2.488,7.868,0.277,0
2.575,6.712,0.260,0
2.640,5.529,0.243,0
2.686,4.375,0.227,0
2.720,3.219,0.210,0
2.727,2.032,0.193,0
2.713,0.867,0.176,0
2.681,-0.323,0.160,0
2.627,-1.451,0.143,0
2.480,-2.633,0.127,0
2.385,-3.788,0.110,0
2.273,-4.978,0.093,0
2.167,-6.133,0.077,0
2.038,-7.287,0.060,0
1.868,-8.471,0.044,0
1.674,-9.618,0.027,0
1.475,-10.798,0.010,0
1.269,-11.964,0.012,0
1.044,-13.126,0.013,0
0.769,-14.287,0.015,0
1.136,-15.470,0.015,1
1.494,21.776,0.018,0
1.811,20.688,0.019,0
2.101,19.497,0.021,0
2.394,18.330,0.022,0
2.542,17.175,0.024,0
2.777,16.020,0.025,0
2.990,14.837,0.027,0
3.197,13.660,0.010,0
3.366,12.500,0.012,0
3.517,11.352,0.013,0
3.653,10.189,0.014,0
3.763,8.992,1.016,0
3.857,7.844,0.999,0
3.929,6.661,0.983,0
3.981,5.499,0.966,0
4.014,4.352,0.949,0
4.027,3.169,0.933,0
4.020,1.999,0.916,0
3.994,0.838,0.900,0
3.968,-0.318,0.883,0
3.903,-1.510,0.866,0
3.817,-2.662,0.849,0
3.711,-3.825,0.833,0
3.585,-5.002,0.816,0
3.440,-6.163,0.799,0
3.276,-7.333,0.783,0
3.092,-8.488,0.766,0
2.886,-9.648,0.750,0
2.660,-10.825,0.733,0
2.414,-12.001,0.716,0
2.153,-13.171,0.700,0
1.892,-14.325,0.683,0
1.591,-15.500,0.666,0
1.269,-16.657,0.650,0
0.922,-17.819,0.633,0
0.564,-19.001,0.616,0
0.178,-20.149,0.600,0
-0.228,-21.325,0.583,0
-0.648,-22.502,0.566,0
-0.314,-23.662,0.549,1
0.004,21.836,0.533,0
0.295,20.660,0.516,0
0.574,19.512,0.499,0
0.863,18.336,0.483,0
1.099,17.154,0.466,0
1.312,15.992,0.450,0
1.509,14.844,0.433,0
1.687,13.675,0.416,0
1.844,12.505,0.400,0
1.983,11.344,0.383,0
2.101,10.168,0.366,0
2.198,8.998,0.350,0
2.278,7.845,0.333,0
2.337,6.667,0.316,0
2.375,5.491,0.300,0
2.428,4.338,0.283,0
2.427,3.161,0.266,0
2.407,2.004,0.250,0
2.367,0.844,0.233,0
2.306,-0.326,0.216,0
2.227,-1.516,0.199,0
2.127,-2.664,0.183,0
2.009,-3.839,0.166,0
1.869,-4.993,0.149,0
1.435,-6.172,0.133,0
1.309,-7.340,0.116,0
1.160,-8.486,0.100,0
0.980,-9.657,0.083,0
0.742,-10.824,0.066,0
0.533,-11.994,0.049,0
0.307,-13.171,0.033,0
0.061,-14.332,0.016,0
-0.229,-15.494,0.018,0
-0.543,-16.655,0.019,0
-0.845,-17.833,0.021,0
-0.467,-18.987,0.022,1
-0.117,21.820,0.024,0
0.195,20.668,0.025,0
0.497,19.493,0.026,0
0.770,18.279,0.010,0
1.047,17.163,0.012,0
0.979,15.994,0.013,0
1.166,14.818,0.015,0
1.332,13.649,0.016,0
1.478,12.487,0.018,0
1.606,11.325,0.019,0
1.712,10.149,0.021,0
1.799,8.993,1.022,0
1.867,7.831,1.006,0
1.917,6.669,0.989,0
1.944,5.479,0.972,0
1.997,4.332,0.955,0
1.986,3.149,0.939,0
1.956,1.986,0.922,0
1.906,0.817,0.906,0
1.836,-0.345,0.889,0
1.747,-1.513,0.872,0
1.638,-2.676,0.856,0
1.509,-3.839,0.839,0
1.360,-5.006,0.822,0
1.193,-6.183,0.806,0
1.006,-7.337,0.789,0
0.795,-8.499,0.772,0
0.614,-9.683,0.755,0
0.371,-10.852,0.739,0
0.103,-12.001,0.722,0
-0.185,-13.176,0.705,0
-0.491,-14.352,0.689,0
-0.814,-15.516,0.672,0
-1.160,-16.675,0.656,0
-1.525,-17.844,0.639,0
-1.906,-19.014,0.622,0
-1.590,-20.169,0.606,1
-1.295,21.831,0.589,0
-0.979,20.668,0.573,0
-0.718,19.534,0.556,0
-0.484,18.353,0.540,0
-0.096,17.203,0.507,0
-0.062,14.923,0.505,0
0.114,14.762,0.488,0
0.275,13.599,0.471,0
0.412,12.415,0.454,0
0.531,11.247,0.438,0
0.628,10.078,0.421,0
0.707,8.923,0.405,0
0.767,7.754,0.388,0
0.805,6.579,0.371,0
0.876,5.431,0.355,0
0.877,4.260,0.338,0
0.858,3.093,0.321,0
0.820,1.923,0.305,0
0.761,0.767,0.288,0
0.684,-0.414,0.271,0
0.587,-1.569,0.255,0
0.468,-2.732,0.238,0
0.332,-3.921,0.221,0
0.176,-5.084,0.205,0
0.000,-6.245,0.188,0
-0.196,-7.414,0.171,0
0.120,-8.585,0.154,1
0.454,21.818,0.138,0
0.354,20.690,0.121,0
0.659,19.514,0.105,0
0.941,18.340,0.088,0
1.207,17.177,0.071,0
1.449,16.001,0.055,0
1.674,14.847,0.038,0
1.880,13.678,0.021,0
2.092,12.508,0.023,0
2.283,11.333,0.024,0
2.428,10.163,0.026,0
2.556,9.008,0.027,0
2.666,7.833,0.011,0
2.755,6.684,0.012,0
2.823,5.501,0.014,0
2.871,4.332,0.015,0
2.901,3.184,0.017,0
2.486,2.008,0.018,0
2.426,0.839,0.020,0
2.347,-0.337,0.021,0
2.249,-1.492,0.023,0
2.131,-2.660,0.024,0
1.993,-3.822,0.026,0
1.835,-4.991,1.027,0
1.712,-6.161,1.010,0
1.518,-7.337,0.994,0
1.302,-8.492,0.977,0
1.065,-9.660,0.960,0
0.812,-10.837,0.944,0
0.536,-11.992,0.927,0
0.243,-13.167,0.911,0
-0.070,-14.333,0.894,0
0.241,-15.500,0.877,1
0.529,21.826,0.860,0
0.794,20.663,0.844,0
1.101,19.515,0.827,0
1.332,18.346,0.811,0
1.548,17.182,0.794,0
1.738,15.993,0.777,0
1.911,14.839,0.761,0
2.065,13.669,0.744,0
2.202,12.501,0.727,0
2.311,11.317,0.711,0
2.408,10.184,0.694,0
2.484,9.001,0.677,0
2.541,7.839,0.660,0
2.577,6.664,0.644,0
2.649,5.509,0.627,0
2.647,4.345,0.611,0
2.625,3.183,0.594,0
2.585,2.008,0.577,0
2.524,0.845,0.561,0
2.444,-0.324,0.544,0
2.346,-1.506,0.527,0
2.226,-2.648,0.510,0
2.088,-3.837,0.494,0
1.931,-4.999,0.477,0
1.754,-6.167,0.460,0
1.559,-7.337,0.444,0
1.400,-8.491,0.427,0
1.164,-9.647,0.411,0
0.907,-10.823,0.394,0
0.633,-12.001,0.377,0
0.341,-13.168,0.361,0
0.030,-14.329,0.344,0
-0.303,-15.491,0.327,0
-0.653,-16.661,0.311,0
-0.340,-17.823,0.294,1
-0.053,21.824,0.277,0
0.218,20.669,0.261,0
0.472,19.501,0.244,0
0.754,18.325,0.227,0
0.974,17.175,0.210,0
1.165,15.978,0.194,0
1.335,14.824,0.177,0
1.491,13.676,0.161,0
1.630,12.507,0.144,0
1.368,11.317,0.127,0
1.517,10.176,0.111,0
1.644,8.993,0.094,0
1.751,7.823,0.077,0
1.841,6.676,0.061,0
1.911,5.492,0.044,0
1.963,4.324,0.027,0
1.994,3.170,0.011,0
2.030,2.007,0.012,0
2.048,0.817,0.014,0
2.020,-0.318,0.015,0
1.974,-1.510,0.017,0
1.909,-2.676,0.018,0
1.823,-3.831,0.020,0
1.718,-5.000,0.021,0
1.596,-6.176,0.023,0
1.027,-7.331,0.024,0
0.814,-8.504,0.026,0
0.635,-9.677,0.009,0
0.383,-10.833,0.011,0
0.113,-12.007,0.012,0
0.425,-13.170,0.014,1
0.724,21.839,0.015,0
0.999,20.656,1.016,0
1.253,19.488,1.000,0
1.487,18.325,0.983,0
1.706,17.165,0.967,0
1.901,15.991,0.950,0
2.081,14.839,0.933,0
2.240,13.663,0.917,0
2.381,12.499,0.900,0
2.550,11.326,0.883,0
2.652,10.163,0.866,0
2.732,8.988,0.850,0
2.795,7.841,0.833,0
2.838,6.670,0.817,0
2.864,5.510,0.800,0
2.869,4.326,0.783,0
2.854,3.165,0.767,0
2.821,1.995,0.750,0
2.768,0.840,0.733,0
2.697,-0.339,0.717,0
2.653,-1.504,0.700,0
2.542,-2.660,0.683,0
2.413,-3.836,0.667,0
2.263,-4.992,0.650,0
2.095,-6.174,0.633,0
1.909,-7.335,0.617,0
1.700,-8.491,0.600,0
1.475,-9.675,0.583,0
1.231,-10.837,0.567,0
0.965,-11.999,0.550,0
0.683,-13.175,0.533,0
0.378,-14.336,0.516,0
0.058,-15.512,0.500,0
-0.237,-16.674,0.483,0
-0.595,-17.831,0.467,0
-0.975,-18.991,0.450,0
-0.652,-20.161,0.433,1
-0.352,21.825,0.417,0
-0.071,20.662,0.400,0
0.194,19.501,0.383,0
0.437,18.331,0.367,0
0.662,17.169,0.350,0
0.868,16.002,0.333,0
1.057,14.831,0.317,0
1.223,13.656,0.300,0
1.411,12.494,0.283,0
1.540,11.332,0.267,0
1.651,10.163,0.250,0
1.741,8.987,0.233,0
1.813,7.831,0.217,0
1.865,6.656,0.200,0
1.898,5.487,0.183,0
1.912,4.331,0.167,0
1.907,3.162,0.150,0
1.607,1.987,0.133,0
1.614,0.825,0.117,0
1.601,-0.344,0.100,0
1.556,-1.514,0.083,0
1.506,-2.683,0.067,0
1.385,-3.837,0.050,0
1.296,-5.006,0.033,0
1.188,-6.175,0.017,0
1.034,-7.330,0.018,0
0.865,-8.514,0.020,0
0.696,-9.662,0.021,0
0.515,-10.845,0.023,0
0.847,-11.993,0.024,1
1.205,21.824,0.026,0
1.531,20.663,0.009,0
1.855,19.493,0.011,0
2.108,18.317,0.012,0
2.116,17.148,0.014,0
2.332,15.979,0.015,0
2.524,14.803,0.017,0
2.699,13.655,0.018,0
2.857,12.494,0.020,0
2.996,11.317,0.021,0
3.112,10.141,1.023,0
3.212,8.994,1.006,0
3.293,7.831,0.989,0
3.355,6.662,0.973,0
3.427,5.480,0.956,0
3.450,4.317,0.939,0
3.454,3.148,0.923,0
3.438,1.980,0.906,0
3.404,0.825,0.890,0
3.350,-0.338,0.873,0
3.279,-1.520,0.856,0
3.187,-2.669,0.839,0
3.075,-3.845,0.823,0
2.945,-5.021,0.806,0
2.797,-6.190,0.789,0
2.657,-7.350,0.773,0
2.469,-8.506,0.756,0
2.261,-9.677,0.739,0
2.039,-10.852,0.723,0
1.790,-12.000,0.706,0
1.531,-13.190,0.690,0
1.245,-14.338,0.673,0
0.944,-15.520,0.656,0
1.283,-16.683,0.639,1
1.603,21.838,0.623,0
1.910,20.677,0.606,0
2.193,19.494,0.589,0
2.476,18.331,0.573,0
2.722,17.177,0.556,0
2.947,16.008,0.539,0
3.157,14.844,0.523,0
3.344,13.663,0.506,0
3.511,12.500,0.490,0
3.663,11.346,0.473,0
3.794,10.169,0.456,0
3.906,9.001,0.439,0
3.998,7.832,0.423,0
4.071,6.669,0.406,0
4.127,5.508,0.389,0
4.162,4.324,0.373,0
4.195,3.170,0.356,0
4.192,2.007,0.339,0
4.171,0.831,0.323,0
4.130,-0.323,0.306,0
4.070,-1.492,0.289,0
3.991,-2.661,0.273,0
3.893,-3.831,0.256,0
3.775,-4.996,0.239,0
3.640,-6.170,0.223,0
3.485,-7.324,0.206,0
3.309,-8.493,0.189,0
3.117,-9.676,0.173,0
2.914,-10.831,0.156,0
2.687,-12.012,0.140,0
2.360,-13.155,0.123,0
2.093,-14.331,0.106,0
1.820,-15.486,0.089,0
1.544,-16.691,0.073,0
1.221,-17.831,0.056,0
0.874,-18.985,0.039,0
0.511,-20.156,0.023,0
0.908,-21.316,0.024,1
1.258,21.777,0.026,0
1.579,20.648,0.009,0
1.877,19.492,0.011,0
2.156,18.324,0.012,0
2.416,17.157,0.014,0
2.656,15.986,0.015,0
2.878,14.823,0.017,0
3.105,13.654,0.018,0
3.237,12.485,0.020,0
3.405,11.330,0.021,0
3.548,10.133,0.023,0
3.673,8.986,0.024,0
3.781,7.831,0.026,0
3.872,6.661,0.009,0
3.941,5.493,0.011,0
3.991,4.330,0.136,0
4.022,3.162,0.136,0
4.034,1.993,0.136,0
4.026,0.830,0.136,0
4.001,-0.345,0.136,0
3.955,-1.500,0.136,0
3.891,-2.675,0.136,0
3.807,-3.838,0.136,0
3.704,-5.014,0.136,0
3.584,-6.183,0.136,0
3.442,-7.338,0.136,0
3.283,-8.507,0.136,0
3.102,-9.670,0.136,0
2.900,-10.839,0.136,0
2.682,-12.015,0.136,0
2.445,-13.177,0.136,0
2.181,-14.332,0.136,0
1.907,-15.522,0.136,0
1.610,-16.675,0.136,0
1.291,-17.837,0.136,0
0.954,-19.014,0.136,0
-4.079,17.162,0.011,0
-4.079,16.008,0.011,0
-3.843,16.008,0.013,0
-3.616,14.870,0.014,0
-3.412,13.688,0.015,0
-3.227,12.519,0.017,0
-3.065,11.349,0.019,0
6.256,10.202,0.020,0
-3.218,9.032,0.022,0
-3.161,7.869,0.023,0
-3.123,6.702,0.025,0
-2.814,5.525,0.026,1
-2.471,21.831,0.009,0
-2.202,20.670,0.011,0
-1.952,19.508,0.013,0
-1.716,18.346,1.014,0
-1.507,17.163,0.997,0
-1.312,16.006,0.981,0
-1.141,14.832,0.964,0
-0.987,13.678,0.947,0
-0.662,12.508,0.930,1
-0.388,21.783,0.914,0
-0.113,20.670,0.897,0
0.137,19.486,0.881,0
0.425,18.324,0.864,0
0.635,17.148,0.847,0
0.829,15.993,0.831,0
1.001,14.824,0.814,0
1.156,13.667,0.797,0
1.290,12.493,0.781,0
1.406,11.331,0.764,0
1.504,10.169,0.747,0
1.579,8.986,0.731,0
1.637,7.838,0.714,0
1.676,6.669,0.697,0
1.695,5.493,0.681,0
1.747,4.330,0.664,0
1.727,3.169,0.647,0
1.688,2.000,0.631,0
1.630,0.822,0.614,0
1.552,-0.345,0.597,0
1.455,-1.500,0.581,0
1.339,-2.662,0.564,0
1.202,-3.831,0.547,0
1.049,-5.007,0.531,0
0.872,-6.162,0.514,0
0.680,-7.345,0.497,0
0.467,-8.500,0.481,0
0.287,-9.669,0.464,0
0.033,-10.831,0.447,0
-0.236,-12.010,0.431,0
-0.526,-13.170,0.414,0
-0.211,-14.333,0.397,1
0.083,21.826,0.381,0
0.356,20.657,0.364,0
0.609,19.495,0.347,0
0.843,18.333,0.331,0
1.064,17.172,0.314,0
1.260,15.987,0.297,0
1.437,14.820,0.281,0
1.644,13.657,0.264,0
1.783,12.503,0.247,0
1.903,11.333,0.231,0
2.005,10.164,0.214,0
2.086,8.988,0.197,0
2.147,7.820,0.181,0
2.189,6.656,0.164,0
2.214,5.502,0.147,0
1.892,4.311,0.131,0
1.927,3.169,0.114,0
1.943,1.995,0.097,0
1.939,0.826,0.081,0
1.915,-0.343,0.064,0
1.872,-1.499,0.047,0
1.811,-2.681,0.031,0
1.730,-3.844,0.014,0
1.606,-5.005,0.016,0
1.461,-6.166,0.017,0
1.323,-7.344,0.019,0
1.167,-8.505,0.020,0
0.988,-9.661,0.022,0
0.794,-10.842,0.023,0
0.577,-11.998,0.025,0
0.344,-13.174,0.026,0
0.711,-14.336,0.009,1
0.682,21.824,0.011,0
0.965,20.669,0.012,0
1.226,19.492,0.014,0
1.465,18.322,0.016,0
1.689,17.169,0.017,0
1.892,15.992,0.019,0
2.075,14.831,1.020,0
2.240,13.669,1.003,0
2.387,12.500,0.987,0
2.513,11.331,0.970,0
2.620,10.162,0.954,0
2.751,9.007,0.937,0
2.821,7.831,0.920,0
2.869,6.655,0.903,0
2.900,5.505,0.887,0
2.912,4.331,0.870,0
2.904,3.162,0.854,0
2.877,2.007,0.837,0
2.831,0.844,0.820,0
2.766,-0.331,0.804,0
2.681,-1.493,0.787,0
2.577,-2.676,0.770,0
2.454,-3.845,0.753,0
2.353,-5.007,0.737,0
2.191,-6.162,0.720,0
2.011,-7.331,0.703,0
1.812,-8.500,0.687,0
1.590,-9.662,0.670,0
1.353,-10.845,0.653,0
1.099,-12.007,0.637,0
0.822,-13.162,0.620,0
0.525,-14.331,0.603,0
0.213,-15.507,0.587,0
-0.123,-16.662,0.570,0
0.223,-17.839,0.553,1
0.550,21.775,0.537,0
0.837,20.664,0.520,0
1.110,19.508,0.503,0
1.359,18.331,0.487,0
1.591,17.176,0.470,0
1.806,16.007,0.453,0
1.999,14.832,0.437,0
2.175,13.670,0.420,0
2.330,12.499,0.403,0
2.467,11.332,0.387,0
2.584,10.162,0.370,0
2.683,9.000,0.353,0
2.793,7.831,0.337,0
2.854,6.677,0.320,0
2.894,5.501,0.304,0
2.916,4.345,0.287,0
2.919,3.176,0.270,0
2.902,1.994,0.254,0
2.867,0.845,0.237,0
2.812,-0.323,0.220,0
2.739,-1.507,0.203,0
2.645,-2.661,0.187,0
2.534,-3.839,0.170,0
2.404,-4.999,0.154,0
2.281,-6.154,0.137,0
1.935,-7.330,0.120,0
1.749,-8.506,0.104,0
1.591,-9.655,0.087,0
1.365,-10.831,0.070,0
1.170,-11.992,0.054,0
0.930,-13.154,0.037,0
1.295,-14.324,0.020,1
1.641,21.826,0.021,0
1.966,20.654,0.023,0
2.273,19.487,0.024,0
2.557,18.318,0.026,0
2.825,17.162,0.009,0
3.048,15.987,0.011,0
3.300,14.825,0.013,0
3.489,13.670,0.014,0
3.704,12.487,0.015,0
3.677,11.325,0.017,0
3.804,10.155,0.019,0
3.914,8.994,0.020,0
4.003,7.823,0.022,0
4.075,6.670,0.023,0
4.127,5.487,0.024,0
4.160,4.318,1.026,0
4.193,3.170,1.009,0
4.188,1.994,0.993,0
4.163,0.832,0.976,0
4.120,-0.330,0.960,0
4.057,-1.499,0.943,0
3.976,-2.668,0.926,0
3.875,-3.831,0.909,0
3.756,-5.006,0.893,0
3.617,-6.168,0.876,0
3.459,-7.337,0.859,0
3.282,-8.506,0.843,0
3.085,-9.675,0.826,0
2.886,-10.844,0.809,0
2.653,-12.006,0.793,0
2.397,-13.169,0.776,0
2.128,-14.345,0.760,0
1.836,-15.500,0.743,0
1.521,-16.669,0.726,0
1.194,-17.853,0.709,0
0.844,-19.012,0.693,0
0.482,-20.182,0.676,0
0.088,-21.331,0.659,0
-0.311,-22.522,0.643,0
-0.739,-23.668,0.626,0
-0.378,-24.844,0.610,1
-0.045,21.845,0.593,0
0.273,20.682,0.576,0
0.574,19.507,0.559,0
0.846,18.323,0.543,0
1.105,17.175,0.526,0
1.342,16.006,0.510,0
1.566,14.851,0.493,0
1.765,13.668,0.476,0
1.948,12.513,0.460,0
2.112,11.345,0.443,0
2.257,10.176,0.426,0
2.388,8.998,0.409,0
2.493,7.830,0.393,0
2.579,6.669,0.376,0
2.647,5.514,0.360,0
2.696,4.345,0.343,0
2.726,3.176,0.326,0
2.737,1.992,0.309,0
2.728,0.838,0.293,0
2.717,-0.331,0.243,0
2.705,-0.340,0.193,0
2.692,-0.594,0.142,0
2.703,-0.854,0.093,0
2.688,-1.107,0.043,0
2.644,-1.366,0.011,0
2.603,-1.623,0.016,0
2.585,-1.877,0.020,0
2.593,-2.137,0.024,0
2.566,-2.394,0.011,0
2.547,-2.650,1.016,0
2.527,-2.904,0.965,0
2.468,-3.164,0.949,0
2.387,-4.312,0.932,0
2.289,-5.496,0.915,0
2.172,-6.664,0.899,0
2.023,-7.827,0.882,0
1.866,-8.982,0.865,0
1.693,-10.158,0.849,0
1.497,-11.313,0.832,0
1.283,-12.495,0.815,0
1.052,-13.664,0.799,0
0.802,-14.826,0.782,0
0.535,-15.988,0.765,0
0.246,-17.145,0.749,0
-0.065,-18.313,0.732,0
-0.395,-19.488,0.715,0
-0.737,-20.665,0.699,0
-1.123,-21.820,0.682,0
-1.509,-22.995,0.665,0
-1.909,-24.164,0.649,0
-1.525,-25.320,0.632,1
-1.163,21.831,0.615,0
-0.816,20.670,0.599,0
-0.488,19.493,0.582,0
-0.186,18.317,0.565,0
0.104,17.168,0.549,0
0.372,15.993,0.532,0
0.618,14.824,0.515,0
0.851,13.676,0.499,0
1.041,12.493,0.482,0
1.231,11.324,0.465,0
1.403,10.170,0.449,0
1.557,9.007,0.432,0
1.692,7.839,0.415,0
1.808,6.670,0.399,0
1.905,5.508,0.382,0
1.982,4.325,0.365,0
2.041,3.163,0.349,0
2.080,2.001,0.332,0
2.100,0.824,0.315,0
2.102,-0.344,0.299,0
2.058,-1.499,0.282,0
2.020,-2.661,0.265,0
1.963,-3.838,0.249,0
1.889,-5.007,0.232,0
1.794,-6.161,0.215,0
1.681,-7.338,0.199,0
1.547,-8.499,0.182,0
1.394,-9.675,0.165,0
1.224,-10.845,0.149,0
1.259,-12.006,0.132,0
1.604,-13.175,0.115,1
1.973,21.830,0.099,0
2.299,20.683,0.082,0
2.586,19.513,0.065,0
2.853,18.344,0.049,0
3.154,17.182,0.032,0
3.382,16.000,0.015,0
3.618,14.838,0.017,0
3.832,13.669,0.018,0
4.006,12.514,0.020,0
4.182,11.331,0.021,0
4.340,10.182,0.023,0
4.455,9.014,0.024,0
4.576,7.845,0.026,0
4.668,6.675,0.009,0
4.750,5.500,0.011,0
5.062,4.337,0.012,0
5.131,3.183,0.014,0
5.181,2.012,0.015,0
5.211,0.837,0.017,0
5.222,-0.331,0.018,0
5.214,-1.508,0.020,0
5.187,-2.669,1.021,0
5.141,-3.831,1.005,0
5.076,-5.000,0.988,0
4.993,-6.170,0.971,0
4.851,-7.317,0.955,0
4.727,-8.493,0.938,0
4.585,-9.662,0.921,0
4.425,-10.832,0.905,0
4.244,-11.994,0.888,0
4.047,-13.163,0.871,0
3.828,-14.318,0.855,0
3.588,-15.487,0.838,0
3.329,-16.663,0.821,0
3.053,-17.835,0.805,0
2.759,-19.001,0.788,0
2.449,-20.165,0.771,0
2.069,-21.318,0.755,0
1.699,-22.501,0.737,0
1.331,-23.715,0.721,0
0.562,-24.868,0.689,0
0.503,-27.074,0.687,0
0.900,-27.225,0.671,1
1.297,21.866,0.654,0
1.665,20.664,0.637,0
2.013,19.498,0.620,0
2.348,18.337,0.603,0
2.657,17.147,0.587,0
2.948,15.984,0.570,0
3.221,14.816,0.553,0
3.428,13.645,0.537,0
3.660,12.485,0.520,0
3.873,11.329,0.504,0
4.069,10.167,0.487,0
4.244,8.998,0.470,0
4.402,7.837,0.454,0
4.539,6.661,0.437,0
4.657,5.485,0.420,0
4.756,4.323,0.404,0
4.836,3.147,0.387,0
4.896,2.000,0.370,0
4.938,0.816,0.354,0
4.913,-0.346,0.337,0
4.914,-1.507,0.320,0
4.898,-2.691,0.304,0
4.863,-3.845,0.287,0
4.807,-5.008,0.270,0
4.732,-6.184,0.253,0
4.639,-7.355,0.237,0
4.527,-8.515,0.220,0
4.393,-9.678,0.204,0
4.244,-10.852,0.187,0
4.073,-12.008,0.170,0
3.881,-13.177,0.153,0
3.627,-14.353,0.137,0
3.748,-15.501,0.120,0
3.448,-16.669,0.104,0
3.132,-17.847,0.087,0
2.797,-19.008,0.070,0
2.437,-20.169,0.054,0
2.068,-21.352,0.037,0
1.671,-22.501,0.020,0
2.032,-23.677,0.022,1
2.382,21.845,0.023,0
2.705,20.663,0.025,0
2.985,19.507,0.027,0
3.274,18.346,0.010,0
3.543,17.169,0.011,0
3.792,15.999,0.013,0
4.021,14.831,0.014,0
4.230,13.663,0.016,0
4.850,12.506,0.017,0
5.069,11.308,0.019,0
5.270,10.162,0.020,0
5.454,9.007,0.022,0
5.618,7.824,0.023,0
5.760,6.654,0.025,0
5.886,5.513,1.026,0
5.939,4.330,1.010,0
6.025,3.176,0.993,0
6.092,2.008,0.976,0
6.139,0.832,0.960,0
6.168,-0.338,0.943,0
6.176,-1.500,0.926,0
6.167,-2.676,0.910,0
6.136,-3.824,0.893,0
6.088,-5.007,0.877,0
6.019,-6.155,0.860,0
5.932,-7.332,0.843,0
5.822,-8.493,0.826,0
5.643,-9.676,0.810,0
5.498,-10.831,0.793,0
5.333,-11.993,0.776,0
5.147,-13.161,0.760,0
4.941,-14.331,0.743,0
4.722,-15.507,0.727,0
4.477,-16.655,0.710,0
4.212,-17.831,0.693,0
3.934,-19.007,0.676,0
3.634,-20.162,0.660,0
3.313,-21.325,0.643,0
2.968,-22.493,0.626,0
2.560,-23.676,0.610,0
2.176,-24.825,0.593,0
1.779,-26.007,0.576,0
1.364,-27.169,0.560,0
0.929,-28.331,0.543,0
0.482,-29.493,0.526,0
0.037,-30.000,0.510,0
-0.407,-30.000,0.493,0
-0.855,-30.000,0.476,0
-1.301,-30.000,0.460,0
-1.744,-30.000,0.443,0
-1.329,-30.000,0.427,1
-0.984,21.845,0.410,0
-0.601,20.676,0.393,0
-0.240,19.499,0.376,0
0.098,18.331,0.360,0
0.424,17.175,0.343,0
0.726,15.993,0.326,0
1.008,14.824,0.310,0
1.270,13.662,0.293,0
1.515,12.500,0.276,0
1.737,11.324,0.260,0
1.943,10.176,0.243,0
2.129,9.007,0.226,0
2.240,7.831,0.210,0
2.386,6.669,0.193,0
2.513,5.500,0.177,0
2.621,4.345,0.160,0
2.709,3.162,0.143,0
3.153,2.007,0.126,0
3.152,0.831,0.110,0
3.132,-0.331,0.093,0
3.091,-1.493,0.076,0
3.033,-2.670,0.060,0
2.953,-3.824,0.043,0
2.854,-5.007,0.026,0
2.732,-6.176,0.010,0
2.570,-7.338,0.011,0
2.387,-8.501,0.013,0
2.214,-9.676,0.014,0
2.018,-10.823,0.016,0
1.797,-11.993,0.017,0
1.566,-13.184,0.019,0
1.933,-14.331,0.020,1
2.280,21.838,0.022,0
3.036,20.676,0.023,0
3.394,19.500,0.025,0
3.738,18.338,0.026,0
4.002,17.155,0.010,0
4.304,16.000,0.011,0
4.583,14.823,0.013,0
4.846,13.669,0.014,0
5.085,12.491,1.016,0
5.311,11.344,0.999,0
5.513,10.155,0.982,0
5.695,8.993,0.966,0
5.859,7.838,0.949,0
6.003,6.670,0.933,0
6.128,5.507,0.916,0
6.233,4.324,0.899,0
6.266,3.155,0.882,0
6.332,1.993,0.866,0
6.379,0.837,0.849,0
6.405,-0.333,0.832,0
6.413,-1.507,0.816,0
6.400,-2.656,0.799,0
6.367,-3.838,0.782,0
6.316,-5.008,0.766,0
6.245,-6.177,0.749,0
6.155,-7.339,0.732,0
6.044,-8.500,0.716,0
5.912,-9.670,0.699,0
5.711,-10.845,0.682,0
5.546,-12.015,0.666,0
5.357,-13.163,0.649,0
5.145,-14.332,0.632,0
4.920,-15.514,0.616,0
4.667,-16.669,0.599,0
4.409,-17.854,0.583,0
4.122,-18.988,0.566,0
3.808,-20.155,0.549,0
3.484,-21.345,0.532,0
3.137,-22.506,0.516,0
2.773,-23.676,0.499,0
2.339,-24.838,0.482,0
1.930,-26.007,0.466,0
1.511,-27.183,0.449,0
1.069,-28.338,0.432,0
0.619,-29.500,0.416,0
0.165,-30.000,0.399,0
-0.288,-30.000,0.382,0
-0.752,-30.000,0.365,0
-1.197,-30.000,0.349,0
-0.790,-30.000,0.333,1
-0.396,21.846,0.316,0
-0.027,20.668,0.299,0
0.283,19.508,0.282,0
0.610,18.324,0.266,0
0.923,17.177,0.249,0
1.215,16.007,0.233,0
1.492,14.846,0.216,0
1.743,13.654,0.199,0
1.975,12.501,0.183,0
2.191,11.346,0.166,0
2.386,10.162,0.149,0
2.859,8.994,0.132,0
2.989,7.831,0.116,0
3.074,6.670,0.099,0
3.146,5.500,0.082,0
3.192,4.339,0.066,0
3.218,3.177,0.049,0
3.224,2.007,0.032,0
3.211,0.839,0.016,0
3.204,-0.337,0.017,0
3.176,-1.486,0.019,0
3.104,-2.655,0.020,0
3.011,-3.817,0.022,0
2.899,-4.992,0.023,0
2.767,-6.162,0.025,0
2.663,-7.330,0.026,0
2.505,-8.515,0.010,0
2.314,-9.661,0.011,0
2.428,-10.831,0.013,0
2.251,-12.000,0.014,0
2.051,-13.154,0.016,0
1.827,-14.323,0.017,0
1.589,-15.506,0.019,0
1.329,-16.668,0.020,0
1.731,-17.837,1.022,1
2.108,21.831,1.005,0
2.473,20.683,0.988,0
2.814,19.507,0.972,0
3.103,18.345,0.955,0
3.404,17.169,0.939,0
3.688,16.014,0.922,0
3.951,14.845,0.905,0
4.195,13.683,0.889,0
4.421,12.514,0.872,0
4.624,11.338,0.855,0
4.809,10.183,0.839,0
4.975,9.014,0.822,0
5.119,7.838,0.805,0
5.245,6.683,0.789,0
5.350,5.514,0.772,0
5.403,4.345,0.755,0
5.470,3.176,0.739,0
5.516,2.014,0.722,0
5.543,0.845,0.705,0
5.550,-0.332,0.688,0
5.536,-1.493,0.672,0
5.504,-2.669,0.655,0
5.452,-3.825,0.638,0
5.379,-4.995,0.622,0
5.288,-6.162,0.605,0
5.176,-7.325,0.589,0
5.043,-8.486,0.572,0
4.864,-9.663,0.555,0
4.689,-10.824,0.538,0
4.503,-12.008,0.522,0
4.293,-13.154,0.505,0
4.062,-14.318,0.489,0
3.808,-15.486,0.472,0
3.541,-16.669,0.455,0
3.248,-17.825,0.438,0
2.938,-19.000,0.422,0
2.614,-20.169,0.405,0
2.264,-21.318,0.389,0
1.894,-22.486,0.372,0
1.479,-23.655,0.355,0
1.070,-24.824,0.338,0
0.638,-25.993,0.322,0
0.195,-27.169,0.305,0
-0.274,-28.324,0.288,0
0.112,-29.493,0.272,1
0.478,21.838,0.255,0
0.824,20.676,0.239,0
1.158,19.513,0.222,0
1.463,18.324,0.205,0
1.748,17.169,0.189,0
2.017,16.013,0.172,0
2.245,14.845,0.155,0
2.477,13.675,0.138,0
2.810,12.491,0.122,0
2.997,11.331,0.105,0
3.117,10.176,0.089,0
3.268,9.006,0.072,0
3.396,7.830,0.055,0
3.457,6.676,0.038,0
3.546,5.492,0.022,0
3.591,4.338,0.023,0
3.616,3.167,0.025,0
3.647,1.993,0.026,0
3.641,0.838,0.010,0
3.607,-0.339,0.011,0
3.553,-1.500,0.013,0
3.504,-2.662,0.014,0
3.435,-3.839,0.016,0
3.296,-5.008,0.017,0
3.313,-6.176,0.019,0
3.187,-7.338,0.020,0
3.037,-8.493,0.022,0
2.869,-9.670,0.023,0
2.683,-10.838,0.025,0
2.472,-11.993,0.026,0
2.237,-13.176,0.010,0
1.990,-14.324,1.011,0
1.719,-15.493,0.994,0
1.436,-16.676,0.978,0
1.811,-17.831,0.961,1
2.163,21.830,0.945,0
2.497,20.669,0.928,0
2.815,19.505,0.911,0
3.106,18.322,0.895,0
3.381,17.168,0.878,0
3.638,16.000,0.861,0
3.872,14.824,0.845,0
4.079,13.662,0.828,0
4.273,12.505,0.811,0
4.450,11.344,0.795,0
4.607,10.174,0.778,0
4.743,8.991,0.761,0
4.858,7.823,0.745,0
4.955,6.669,0.728,0
5.031,5.498,0.711,0
5.088,4.337,0.694,0
5.124,3.155,0.678,0
5.141,2.007,0.661,0
5.137,0.837,0.644,0
5.112,-0.345,0.628,0
5.070,-1.510,0.611,0
5.007,-2.663,0.594,0
4.925,-3.840,0.578,0
4.824,-5.007,0.561,0
4.701,-6.162,0.545,0
4.558,-7.332,0.528,0
4.396,-8.507,0.511,0
4.214,-9.677,0.494,0
4.016,-10.846,0.478,0
3.793,-11.993,0.461,0
3.551,-13.169,0.445,0
3.295,-14.339,0.428,0
3.014,-15.494,0.411,0
2.713,-16.662,0.395,0
2.390,-17.831,0.378,0
2.049,-19.007,0.361,0
1.706,-20.177,0.345,0
1.320,-21.290,0.328,0
0.910,-22.475,0.311,0
0.397,-23.671,0.291,0
0.001,-25.087,0.276,0
-0.463,-26.131,0.259,0
-0.109,-27.303,0.243,1
0.226,21.845,0.226,0
0.556,20.683,0.209,0
0.847,19.501,0.193,0
1.131,18.359,0.176,0
1.387,17.169,0.159,0
1.627,16.008,0.143,0
1.770,14.832,0.126,0
1.965,13.670,0.110,0
2.145,12.521,0.093,0
2.328,11.346,0.076,0
2.494,10.182,0.059,0
2.612,9.001,0.043,0
2.711,7.846,0.026,0
2.803,6.675,0.009,0
2.887,5.499,0.011,0
2.953,4.353,0.012,0
2.972,3.161,0.014,0
2.973,2.014,0.016,0
3.003,0.846,0.017,0
2.963,-0.331,0.019,0
2.904,-1.486,0.020,0
2.850,-2.657,0.022,0
2.651,-3.825,0.023,0
2.531,-4.985,0.025,0
2.392,-6.161,0.026,0
2.251,-7.330,0.009,0
2.073,-8.492,0.011,0
1.875,-9.654,0.012,0
1.659,-10.823,0.014,0
1.419,-11.979,1.015,0
1.763,-13.161,0.999,1
2.086,21.835,0.982,0
2.391,20.676,0.966,0
2.680,19.514,0.949,0
2.942,18.331,0.932,0
3.190,17.182,0.916,0
3.416,16.007,0.899,0
3.645,14.838,0.882,0
3.833,13.669,0.865,0
3.998,12.493,0.849,0
4.145,11.338,0.832,0
4.273,10.169,0.815,0
4.379,9.000,0.799,0
4.468,7.845,0.782,0
4.534,6.662,0.766,0
4.583,5.514,0.749,0
4.611,4.331,0.732,0
4.619,3.183,0.716,0
4.608,2.014,0.699,0
4.602,0.845,0.682,0
4.551,-0.331,0.665,0
4.481,-1.500,0.649,0
4.390,-2.655,0.632,0
4.281,-3.831,0.616,0
4.150,-4.988,0.599,0
4.000,-6.162,0.582,0
3.829,-7.324,0.565,0
3.640,-8.500,0.549,0
3.430,-9.662,0.532,0
3.200,-10.838,0.515,0
2.950,-12.008,0.499,0
2.715,-13.177,0.482,0
2.423,-14.324,0.465,0
2.119,-15.508,0.449,0
2.454,-16.656,0.432,1
2.767,21.829,0.416,0
3.062,20.662,0.399,0
3.335,19.491,0.382,0
3.587,18.325,0.366,0
3.824,17.169,0.349,0
4.035,15.986,0.332,0
4.231,14.838,0.316,0
4.405,13.663,0.299,0
4.595,12.501,0.282,0
4.730,11.325,0.266,0
4.845,10.163,0.249,0
4.942,9.001,0.232,0
5.019,7.832,0.215,0
5.075,6.649,0.199,0
5.111,5.487,0.182,0
5.128,4.325,0.165,0
5.125,3.149,0.149,0
4.827,1.987,0.132,0
4.835,0.838,0.115,0
4.822,-0.346,0.099,0
4.778,-1.513,0.082,0
4.677,-2.675,0.066,0
4.605,-3.837,0.049,0
4.515,-5.006,0.032,0
4.404,-6.168,0.016,0
4.247,-7.337,0.017,0
4.071,-8.513,0.018,0
3.903,-9.682,0.020,0
3.712,-10.837,0.021,0
3.503,-12.013,0.023,0
3.250,-13.175,0.025,0
2.973,-14.337,0.026,0
2.696,-15.514,0.009,0
2.410,-16.677,0.011,0
1.779,-17.837,0.013,0
1.402,-18.999,0.014,0
1.729,-20.162,0.015,1
2.028,21.818,0.017,0
2.313,20.662,0.018,0
2.584,19.486,0.020,0
2.817,18.288,1.022,0
3.040,17.162,1.005,0
3.247,16.000,0.988,0
3.431,14.816,0.971,0
3.638,13.647,0.955,0
3.782,12.486,0.938,0
3.909,11.331,0.921,0
4.015,10.148,0.905,0
4.100,8.979,0.888,0
4.165,7.818,0.872,0
4.211,6.662,0.855,0
4.239,5.493,0.838,0
4.245,4.317,0.822,0
4.233,3.155,0.805,0
4.200,1.979,0.788,0
4.148,0.831,0.772,0
4.123,-0.345,0.755,0
4.032,-1.507,0.738,0
3.921,-2.676,0.721,0
3.790,-3.852,0.705,0
3.641,-5.016,0.688,0
3.471,-6.176,0.672,0
3.281,-7.343,0.655,0
3.073,-8.515,0.638,0
2.840,-9.669,0.621,0
2.594,-10.863,0.605,0
2.913,-12.014,0.588,1
3.207,21.823,0.571,0
3.532,20.662,0.555,0
3.788,19.494,0.538,0
4.023,18.331,0.522,0
4.245,17.169,0.505,0
4.441,15.985,0.488,0
4.618,14.824,0.471,0
4.776,13.661,0.455,0
4.916,12.500,0.438,0
5.034,11.324,0.422,0
5.134,10.169,0.405,0
5.213,9.000,0.388,0
5.273,7.838,0.372,0
5.365,6.676,0.355,0
5.387,5.507,0.338,0
5.389,4.329,0.322,0
5.371,3.169,0.305,0
5.333,1.999,0.288,0
5.276,0.832,0.272,0
5.199,-0.330,0.255,0
5.104,-1.507,0.238,0
4.988,-2.662,0.222,0
4.853,-3.830,0.205,0
4.698,-4.993,0.188,0
4.523,-6.162,0.172,0
4.381,-7.331,0.155,0
4.167,-8.500,0.138,0
3.559,-9.669,0.122,0
3.355,-10.833,0.105,0
3.135,-12.007,0.088,0
2.893,-13.162,0.072,0
2.631,-14.331,0.055,0
2.349,-15.500,0.038,0
2.048,-16.669,0.021,0
1.754,-17.838,0.023,0
1.441,-19.000,0.025,0
1.084,-20.163,0.026,0
0.705,-21.324,0.009,0
0.309,-22.500,0.011,0
-0.112,-23.663,0.012,0
-0.545,-24.838,0.014,0
-0.184,-25.993,0.016,1
0.157,21.831,0.017,0
0.055,20.662,0.018,0
0.302,19.486,0.020,0
0.534,18.338,0.022,0
0.747,17.169,0.023,0
0.942,16.000,0.025,0
1.113,14.824,0.026,0
1.321,13.669,0.010,0
1.455,12.500,1.011,0
1.572,11.337,0.994,0
1.668,10.155,0.977,0
1.742,8.986,0.961,0
1.799,7.831,0.944,0
1.835,6.662,0.928,0
1.852,5.500,0.911,0
1.851,4.338,0.894,0
1.829,3.153,0.878,0
1.788,2.000,0.861,0
1.728,0.816,0.844,0
1.702,-0.338,0.828,0
1.603,-1.508,0.811,0
1.483,-2.669,0.794,0
1.347,-3.853,0.778,0
1.189,-4.994,0.761,0
1.011,-6.163,0.744,0
0.813,-7.331,0.728,0
0.598,-8.509,0.711,0
0.363,-9.669,0.694,0
0.107,-10.831,0.678,0
0.412,-12.007,0.661,1
0.707,21.845,0.644,0
1.034,20.661,0.627,0
1.282,19.485,0.611,0
1.511,18.330,0.594,0
1.725,17.169,0.577,0
1.914,15.992,0.561,0
2.090,14.844,0.544,0
2.244,13.663,0.527,0
2.377,12.493,0.511,0
2.490,11.331,0.494,0
2.588,10.175,0.477,0
2.662,8.993,0.461,0
2.719,7.838,0.444,0
2.810,6.669,0.428,0
2.828,5.507,0.411,0
2.827,4.345,0.394,0
2.806,3.176,0.378,0
2.765,2.007,0.361,0
2.705,0.845,0.344,0
2.627,-0.339,0.328,0
2.528,-1.493,0.311,0
2.410,-2.655,0.294,0
2.273,-3.831,0.278,0
2.117,-4.993,0.261,0
1.940,-6.157,0.244,0
1.797,-7.331,0.227,0
1.585,-8.507,0.211,0
1.350,-9.655,0.194,0
1.095,-10.831,0.177,0
0.824,-12.007,0.161,0
0.533,-13.162,0.144,0
-0.154,-14.323,0.128,0
0.207,-15.493,0.111,1
0.548,21.831,0.094,0
0.874,20.669,0.077,0
1.172,19.485,0.061,0
1.456,18.338,0.044,0
1.723,17.168,0.028,0
1.971,16.000,0.011,0
2.221,14.817,0.012,0
2.450,13.654,0.014,0
2.638,12.500,0.015,0
2.805,11.324,0.017,0
2.952,10.155,0.019,0
3.081,9.000,0.020,0
3.192,7.831,0.021,0
3.281,6.654,0.023,0
2.927,5.493,0.025,0
2.929,4.331,0.026,0
2.962,3.169,0.009,0
2.925,1.993,0.011,0
2.869,0.837,0.013,0
2.793,-0.333,0.014,0
2.698,-1.494,0.015,0
2.584,-2.678,1.017,0
2.450,-3.841,1.000,0
2.297,-5.008,0.984,0
2.127,-6.178,0.967,0
1.934,-7.332,0.950,0
1.724,-8.510,0.934,0
1.495,-9.670,0.917,0
1.293,-10.837,0.900,0
1.023,-12.010,0.884,0
0.740,-13.184,0.867,0
0.434,-14.332,0.851,0
0.759,-15.494,0.833,1
1.049,21.801,0.817,0
1.323,20.655,0.800,0
1.585,19.499,0.784,0
1.821,18.317,0.767,0
2.042,17.160,0.750,0
2.243,15.986,0.734,0
2.424,14.815,0.717,0
2.633,13.648,0.700,0
2.541,12.472,0.651,0
2.448,2.865,0.601,0
2.353,2.608,0.551,0
2.299,2.351,0.501,0
2.199,2.097,0.451,0
2.097,1.837,0.401,0
1.994,1.583,0.351,0
1.929,1.324,0.301,0
1.821,1.067,0.251,0
1.711,0.811,0.201,0
1.600,0.554,0.151,0
1.300,0.300,0.101,0
1.285,0.044,0.051,0
1.275,-0.214,0.034,0
1.246,-1.392,0.018,0
1.173,-2.553,0.019,0
1.082,-3.722,0.021,0
0.996,-4.884,0.022,0
0.890,-6.046,0.024,0
0.716,-7.222,0.025,0
0.571,-8.383,0.027,0
0.392,-9.560,0.010,0
0.771,-10.729,0.011,1
1.081,21.838,0.013,0
1.145,20.675,0.015,0
1.422,19.519,0.016,0
1.673,18.338,0.018,0
1.909,17.183,0.019,0
2.123,16.006,0.021,0
2.322,14.852,0.022,0
2.500,13.668,1.024,0
2.655,12.500,1.007,0
2.795,11.351,0.990,0
2.945,10.183,0.974,0
3.047,9.021,0.957,0
3.129,7.838,0.940,0
3.191,6.667,0.924,0
3.234,5.514,0.907,0
3.259,4.345,0.890,0
3.264,3.183,0.874,0
3.250,2.014,0.857,0
3.218,0.852,0.840,0
3.166,-0.317,0.824,0
3.095,-1.486,0.807,0
3.005,-2.648,0.790,0
2.922,-3.817,0.774,0
2.793,-4.986,0.757,0
2.645,-6.158,0.740,0
2.477,-7.325,0.723,0
2.296,-8.501,0.707,0
1.879,-9.638,0.676,0
1.858,-11.823,0.674,0
1.607,-11.942,0.657,0
1.344,-13.155,0.640,0
1.064,-14.325,0.624,0
0.765,-15.486,0.607,0
0.444,-16.649,0.590,0
0.127,-17.825,0.574,0
-0.229,-18.993,0.557,0
-0.609,-20.155,0.540,0
-0.265,-21.331,0.524,1
0.053,21.831,0.507,0
0.363,20.683,0.490,0
0.648,19.500,0.474,0
0.914,18.338,0.457,0
1.162,17.175,0.440,0
1.391,16.007,0.424,0
1.601,14.838,0.407,0
1.793,13.675,0.390,0
1.982,12.499,0.373,0
2.134,11.330,0.357,0
2.266,10.169,0.340,0
2.381,9.007,0.324,0
2.476,7.838,0.307,0
2.552,6.676,0.290,0
2.610,5.514,0.274,0
2.647,4.338,0.257,0
2.667,3.183,0.240,0
2.667,2.015,0.224,0
2.648,0.838,0.207,0
2.610,-0.332,0.190,0
2.565,-1.486,0.173,0
2.489,-2.669,0.157,0
2.395,-3.831,0.140,0
2.204,-4.986,0.124,0
2.072,-6.169,0.107,0
1.943,-7.317,0.090,0
1.797,-8.500,0.074,0
1.606,-9.663,0.057,0
1.396,-10.831,0.040,0
1.168,-12.001,0.024,0
0.946,-13.164,0.025,0
1.330,-14.323,0.027,1
1.671,21.824,0.010,0
1.990,20.669,0.011,0
2.285,19.493,0.013,0
2.570,18.337,0.014,0
2.824,17.146,0.016,0
3.068,16.006,0.017,0
3.313,14.823,0.019,0
3.467,13.668,0.021,0
3.650,12.499,0.022,0
3.816,11.335,0.024,0
3.962,10.161,0.025,0
4.088,8.993,0.027,0
4.200,7.837,0.010,0
4.289,6.661,0.011,0
4.357,5.482,0.136,0
4.408,4.329,0.136,0
4.439,3.158,0.136,0
4.451,1.998,0.136,0
4.444,0.830,0.136,0
4.418,-0.347,0.136,0
4.374,-1.522,0.136,0
4.310,-2.671,0.136,0
4.228,-3.846,0.136,0
4.127,-4.994,0.136,0
4.005,-6.156,0.136,0
3.864,-7.326,0.136,0
3.704,-8.500,0.136,0
3.523,-9.657,0.136,0
3.320,-10.825,0.136,0
3.100,-12.008,0.136,0
3.459,-13.178,0.136,1
3.808,21.852,0.136,0
4.133,20.670,0.136,0
4.440,19.501,0.136,0
4.723,18.332,0.136,0
1.327,5.500,0.010,0
1.374,4.338,0.012,0
1.403,3.177,0.014,0
1.412,2.014,0.015,0
1.401,0.846,0.016,0
1.372,-0.330,0.018,0
1.323,-1.485,0.020,0
0.829,-2.647,0.021,0
1.136,-3.830,0.023,1
1.427,21.838,0.024,0
1.696,20.669,0.026,0
1.999,19.507,0.009,0
2.232,18.352,0.011,0
2.448,17.175,0.012,0
2.635,15.992,1.014,0
2.811,14.851,0.997,0
2.966,13.674,0.980,0
3.100,12.499,0.964,0
3.215,11.337,0.947,0
3.309,10.169,0.930,0
3.387,9.014,0.914,0
3.443,7.838,0.897,0
3.481,6.683,0.880,0
3.499,5.500,0.864,0
3.552,4.338,0.847,0
3.531,3.183,0.830,0
3.491,2.000,0.814,0
3.432,0.851,0.797,0
3.353,-0.324,0.780,0
3.255,-1.494,0.764,0
3.138,-2.662,0.747,0
3.002,-3.833,0.730,0
2.846,-4.986,0.714,0
2.670,-6.155,0.697,0
2.475,-7.324,0.680,0
2.261,-8.493,0.664,0
2.080,-9.662,0.647,0
1.828,-10.831,0.630,0
1.558,-11.994,0.614,0
1.264,-13.148,0.597,0
0.951,-14.325,0.580,0
0.626,-15.500,0.564,0
0.274,-16.648,0.547,0
0.589,-17.824,0.530,1
0.878,21.824,0.514,0
1.153,20.669,0.497,0
1.404,19.492,0.480,0
1.641,18.338,0.464,0
1.907,17.161,0.447,0
2.104,15.997,0.430,0
2.281,14.823,0.413,0
2.436,13.653,0.397,0
2.575,12.499,0.380,0
2.692,11.324,0.364,0
2.792,10.162,0.347,0
2.871,8.992,0.330,0
2.932,7.831,0.314,0
2.973,6.669,0.297,0
2.995,5.500,0.280,0
3.048,4.337,0.264,0
3.032,3.176,0.247,0
2.996,2.006,0.230,0
2.941,0.824,0.214,0
2.866,-0.331,0.197,0
2.773,-1.508,0.180,0
2.661,-2.663,0.164,0
2.528,-3.824,0.147,0
2.052,-5.000,0.130,0
1.932,-6.169,0.114,0
1.793,-7.331,0.097,0
1.631,-8.493,0.080,0
1.454,-9.677,0.064,0
1.255,-10.838,0.047,0
1.037,-12.000,0.030,0
1.401,-13.169,0.014,1
1.724,21.845,0.015,0
2.030,20.676,0.017,0
2.341,19.500,0.018,0
2.633,18.322,0.019,0
2.899,17.146,0.021,0
3.150,15.999,0.023,0
3.385,14.838,0.024,0
3.597,13.654,0.026,0
3.783,12.493,0.009,0
3.584,11.345,0.011,0
3.688,10.169,0.012,0
3.775,9.006,0.014,0
3.841,7.831,0.015,0
3.890,6.676,0.016,0
3.917,5.493,0.018,0
3.927,4.345,1.020,0
3.917,3.169,1.003,0
3.888,1.993,0.986,0
3.840,0.845,0.970,0
3.772,-0.324,0.953,0
3.685,-1.494,0.936,0
3.622,-2.669,0.920,0
3.496,-3.824,0.903,0
3.352,-5.007,0.886,0
3.189,-6.162,0.870,0
3.004,-7.323,0.853,0
2.805,-8.507,0.836,0
2.584,-9.655,0.820,0
2.341,-10.824,0.803,0
2.085,-12.007,0.786,0
1.805,-13.155,0.770,0
1.507,-14.331,0.753,0
1.189,-15.500,0.736,0
0.893,-16.669,0.720,0
0.539,-17.831,0.703,0
0.864,-18.993,0.686,1
1.170,21.836,0.670,0
1.462,20.669,0.653,0
1.727,19.486,0.636,0
1.978,18.330,0.620,0
2.207,17.155,0.603,0
2.418,15.993,0.586,0
2.607,14.824,0.570,0
2.779,13.668,0.553,0
2.934,12.506,0.536,0
3.102,11.331,0.520,0
3.219,10.169,0.503,0
3.314,8.984,0.486,0
3.390,7.824,0.470,0
3.448,6.662,0.453,0
3.486,5.493,0.436,0
3.505,4.331,0.420,0
3.505,3.169,0.403,0
3.486,1.986,0.386,0
3.448,0.824,0.370,0
3.391,-0.338,0.353,0
3.314,-1.501,0.336,0
3.250,-2.676,0.320,0
3.136,-3.838,0.303,0
3.002,-5.000,0.286,0
2.848,-6.169,0.270,0
2.676,-7.338,0.253,0
2.484,-8.507,0.236,0
2.274,-9.676,0.220,0
2.045,-10.845,0.203,0
1.796,-12.007,0.186,0
1.528,-13.177,0.170,0
1.242,-14.345,0.153,0
0.761,-15.507,0.136,0
1.119,-16.677,0.120,1
1.441,21.852,0.103,0
1.799,20.669,0.086,0
2.069,19.464,0.070,0
2.376,18.331,0.053,0
2.641,17.176,0.036,0
2.888,16.015,0.020,0
3.117,14.846,0.021,0
3.325,13.677,0.023,0
3.516,12.515,0.024,0
3.687,11.339,0.026,0
3.835,10.163,0.009,0
3.943,9.015,0.011,0
4.083,7.846,0.012,0
4.150,6.655,0.014,0
4.250,5.508,0.015,0
4.106,4.338,0.017,0
4.118,3.176,0.018,0
4.111,2.001,0.020,0
4.084,0.830,0.021,0
4.039,-0.330,0.023,0
3.974,-1.499,0.024,0
3.891,-2.669,1.026,0
3.788,-3.830,1.009,0
3.687,-4.999,0.992,0
3.544,-6.154,0.976,0
3.385,-7.335,0.959,0
3.206,-8.493,0.942,0
3.007,-9.661,0.926,0
2.790,-10.831,0.909,0
2.548,-12.000,0.892,0
2.299,-13.192,0.876,0
2.024,-14.330,0.859,0
1.732,-15.499,0.842,0
1.421,-16.661,0.826,0
1.089,-17.823,0.809,0
0.752,-18.992,0.792,0
0.382,-20.162,0.776,0
-0.005,-21.330,0.759,0
-0.417,-22.493,0.742,0
-0.065,-23.669,0.726,1
0.261,21.831,0.709,0
0.577,20.683,0.692,0
0.875,19.508,0.675,0
1.144,18.324,0.659,0
1.402,17.184,0.642,0
1.640,16.008,0.626,0
1.865,14.831,0.609,0
2.064,13.684,0.592,0
2.244,12.515,0.576,0
2.403,11.338,0.559,0
2.546,10.184,0.542,0
2.668,9.008,0.526,0
2.674,7.839,0.476,0
2.679,1.702,0.425,0
2.689,1.445,0.376,0
2.692,1.190,0.326,0
2.695,0.935,0.275,0
2.697,0.675,0.225,0
2.699,0.418,0.176,0
2.725,0.164,0.125,0
2.724,-0.095,0.075,0
2.724,-0.354,0.026,0
2.668,-0.608,0.012,0
2.666,-0.863,0.016,0
2.635,-1.122,0.018,0
2.577,-2.270,0.018,0
2.510,-3.547,0.020,0
2.455,-4.653,0.023,0
2.222,-5.728,0.011,0
2.187,-7.872,0.024,0
2.040,-8.235,0.025,0
1.875,-9.396,0.027,0
1.681,-10.552,0.010,0
1.476,-11.715,0.012,0
1.852,-12.882,1.013,1
2.204,21.824,0.997,0
2.541,20.668,0.980,0
2.861,19.499,0.963,0
3.158,18.317,0.947,0
3.437,17.155,0.930,0
3.697,15.985,0.913,0
3.936,14.817,0.897,0
4.159,13.662,0.880,0
4.360,12.486,0.863,0
4.529,11.330,0.847,0
4.693,10.162,0.830,0
4.839,9.000,0.813,0
4.966,7.824,0.797,0
5.072,6.649,0.780,0
5.160,5.492,0.763,0
5.229,4.331,0.747,0
5.279,3.161,0.730,0
5.310,1.999,0.713,0
5.322,0.817,0.697,0
5.315,-0.338,0.680,0
5.289,-1.501,0.663,0
5.226,-2.669,0.647,0
5.160,-3.832,0.630,0
5.077,-5.014,0.613,0
4.973,-6.169,0.597,0
4.851,-7.346,0.580,0
4.710,-8.514,0.563,0
4.551,-9.683,0.547,0
4.372,-10.845,0.530,0
4.176,-12.014,0.513,0
3.957,-13.169,0.497,0
3.720,-14.346,0.480,0
3.465,-15.515,0.463,0
3.168,-16.683,0.447,0
2.874,-17.845,0.430,0
2.565,-19.014,0.413,0
2.232,-20.169,0.397,0
1.883,-21.339,0.380,0
1.513,-22.500,0.363,0
1.125,-23.669,0.347,0
0.717,-24.832,0.330,0
0.292,-26.000,0.314,0
-0.158,-27.162,0.297,0
-0.620,-28.339,0.280,0
-0.224,-29.499,0.263,1
0.120,21.816,0.247,0
0.467,20.648,0.230,0
0.801,19.500,0.213,0
1.116,18.330,0.197,0
1.412,17.161,0.180,0
1.687,15.993,0.163,0
1.944,14.830,0.147,0
2.408,13.661,0.130,0
2.576,12.493,0.113,0
2.778,11.330,0.097,0
2.908,10.147,0.080,0
3.018,8.984,0.063,0
3.129,7.829,0.047,0
3.252,6.654,0.030,0
3.305,5.495,0.013,0
3.366,4.336,0.015,0
3.407,3.161,0.016,0
3.403,1.985,0.018,0
3.406,0.817,0.019,0
3.389,-0.339,0.021,0
3.328,-1.501,0.022,0
3.274,-2.677,0.024,0
3.199,-3.832,0.025,0
3.355,-5.015,0.027,0
3.234,-6.191,0.010,0
3.127,-7.339,0.012,0
3.001,-8.515,0.013,0
2.857,-9.677,0.015,0
2.692,-10.839,0.016,0
2.508,-12.015,0.018,0
2.307,-13.184,1.019,0
2.083,-14.346,1.003,0
1.845,-15.522,0.986,0
1.583,-16.678,0.969,0
1.310,-17.854,0.953,0
1.009,-19.000,0.936,0
0.651,-20.176,0.919,0
0.311,-21.353,0.902,0
0.706,-22.529,0.886,1
1.095,21.860,0.869,0
1.458,20.676,0.853,0
1.804,19.514,0.836,0
2.130,18.346,0.819,0
2.435,17.182,0.803,0
2.724,16.028,0.786,0
2.995,14.859,0.769,0
3.245,13.684,0.753,0
3.476,12.515,0.736,0
3.645,11.345,0.719,0
3.836,10.183,0.703,0
4.010,9.029,0.686,0
4.164,7.860,0.670,0
4.299,6.697,0.653,0
4.414,5.521,0.636,0
4.511,4.360,0.619,0
4.588,3.190,0.603,0
4.646,2.029,0.586,0
4.685,0.859,0.569,0
4.705,-0.309,0.553,0
4.705,-1.479,0.536,0
4.642,-2.654,0.519,0
4.604,-3.809,0.503,0
4.546,-4.978,0.486,0
4.470,-6.148,0.469,0
4.372,-7.309,0.453,0
4.261,-8.493,0.436,0
4.126,-9.634,0.419,0
3.970,-10.810,0.403,0
3.799,-11.987,0.386,0
3.610,-13.147,0.370,0
3.398,-14.303,0.353,0
3.167,-15.471,0.336,0
2.870,-16.642,0.319,0
2.601,-17.811,0.303,0
2.310,-18.978,0.286,0
2.008,-20.154,0.270,0
1.669,-21.303,0.252,0
1.329,-22.508,0.236,0
0.968,-23.655,0.219,0
0.578,-24.811,0.203,0
0.983,-25.994,0.186,1
1.381,21.859,0.169,0
1.754,20.678,0.153,0
2.462,19.515,0.136,0
2.748,18.340,0.119,0
3.011,17.170,0.103,0
3.261,16.021,0.086,0
3.487,14.839,0.069,0
3.696,13.685,0.053,0
3.884,12.516,0.036,0
4.057,11.360,0.019,0
4.207,10.178,0.021,0
4.339,9.016,0.022,0
4.451,7.847,0.024,0
4.519,6.685,0.026,0
4.593,5.523,0.027,0
4.646,4.347,0.010,0
4.681,3.176,0.012,0
4.697,2.014,0.013,0
4.693,0.846,0.015,0
5.096,-0.329,0.016,0
5.104,-1.491,0.018,0
5.093,-2.653,0.019,0
5.062,-3.815,0.021,0
5.011,-4.977,0.022,0
4.941,-6.160,0.024,0
4.853,-7.329,1.025,0
4.746,-8.491,1.009,0
4.566,-9.646,0.992,0
4.417,-10.811,0.975,0
4.249,-11.991,0.959,0
4.068,-13.169,0.942,0
3.864,-14.315,0.926,0
3.638,-15.477,0.909,0
3.395,-16.653,0.892,0
3.134,-17.815,0.876,0
2.847,-18.977,0.859,0
2.549,-20.160,0.842,0
2.227,-21.315,0.825,0
1.876,-22.484,0.808,0
1.474,-23.683,0.792,0
1.095,-24.815,0.775,0
0.695,-25.984,0.759,0
0.268,-27.154,0.742,0
-0.165,-28.343,0.725,0
-0.606,-29.499,0.709,0
-1.052,-30.000,0.692,0
-1.502,-30.000,0.675,0
-1.939,-30.000,0.659,0
-2.389,-30.000,0.642,0
-2.832,-30.000,0.625,0
-3.279,-30.000,0.609,0
-3.774,-30.000,0.592,0
-4.220,-30.000,0.576,0
-4.669,-30.000,0.559,0
-5.112,-30.000,0.542,0
-5.555,-30.000,0.526,0
-6.005,-30.000,0.509,0
-6.447,-30.000,0.492,0
-6.890,-30.000,0.476,0
-7.334,-30.000,0.459,0
-7.790,-30.000,0.442,0
-8.229,-30.000,0.425,0
-8.678,-30.000,0.409,0
-9.176,-30.000,0.392,0
-9.622,-30.000,0.375,0
-10.064,-30.000,0.359,0
-10.505,-30.000,0.342,0
-10.087,-30.000,0.326,1
-9.686,21.836,0.309,0
-9.307,20.662,0.292,0
-8.944,19.500,0.275,0
-8.602,18.323,0.259,0
-8.284,17.154,0.242,0
-7.975,15.999,0.225,0
-7.699,14.800,0.209,0
-7.485,13.668,0.192,0
-7.246,12.463,0.175,0
-6.812,11.323,0.158,1
-6.428,21.784,0.142,0
3.502,20.669,0.125,0
-5.359,19.501,0.109,0
-5.069,18.317,0.092,0
-4.801,17.154,0.075,0
-4.546,16.000,0.059,0
-4.314,14.817,0.042,0
-4.103,13.648,0.025,0
-3.935,12.493,0.027,0
-3.766,11.324,0.010,0
-3.636,10.162,0.012,0
-3.503,8.993,0.013,0
-3.503,7.839,0.013,0
-3.388,7.839,0.015,0
-3.292,6.676,0.016,0
-3.216,5.506,0.018,0
-3.159,4.346,0.019,0
6.428,3.162,0.021,0
-2.679,2.022,0.023,0
-2.631,0.852,0.024,0
-2.212,-0.323,0.026,1
-1.816,21.829,0.027,0
-1.492,20.669,0.011,0
-1.131,19.504,0.012,0
-0.791,18.329,0.013,0
-0.474,17.161,1.015,0
-0.174,16.007,0.998,0
0.109,14.844,0.982,0
0.367,13.661,0.965,0
0.610,12.513,0.948,0
0.832,11.338,0.932,0
1.035,10.175,0.915,0
1.218,9.000,0.898,0
1.381,7.831,0.882,0
1.472,6.669,0.865,0
1.597,5.505,0.848,0
1.702,4.330,0.831,0
1.787,3.154,0.815,0
1.852,1.993,0.798,0
1.898,0.831,0.782,0
1.924,-0.332,0.765,0
1.931,-1.501,0.748,0
1.918,-2.655,0.732,0
1.885,-3.832,0.715,0
1.831,-4.994,0.698,0
1.762,-6.178,0.682,0
1.622,-7.325,0.665,0
1.508,-8.482,0.648,0
1.378,-9.670,0.632,0
1.227,-10.832,0.615,0
1.057,-12.000,0.598,0
0.870,-13.170,0.582,0
0.661,-14.324,0.565,0
0.432,-15.494,0.548,0
0.183,-16.662,0.532,0
-0.088,-17.832,0.515,0
-0.379,-19.009,0.498,0
-0.680,-20.184,0.482,0
-1.056,-21.333,0.465,0
-1.403,-22.502,0.448,0
-1.767,-23.669,0.432,0
-2.155,-24.832,0.415,0
-1.745,-26.003,0.398,1
-1.351,21.839,0.382,0
-0.967,20.665,0.364,0
-0.622,19.450,0.348,0
-0.300,18.312,0.332,0
0.162,17.189,0.305,0
0.310,15.285,0.298,0
0.585,14.804,0.281,0
0.790,13.628,0.265,0
1.025,12.474,0.248,0
1.240,11.305,0.231,0
1.433,10.129,0.215,0
1.609,8.974,0.198,0
1.764,7.798,0.181,0
1.900,6.636,0.164,0
2.325,5.467,0.113,0
2.325,1.103,0.064,0
2.313,0.852,0.014,0
2.343,0.595,0.019,0
2.317,0.340,0.023,0
2.344,0.082,0.010,0
2.730,-0.172,0.014,0
2.834,-0.430,0.019,0
2.931,-0.687,0.987,0
2.984,-0.943,0.937,0
3.067,-1.200,0.887,0
3.143,-1.456,0.837,0
3.212,-1.713,0.787,0
3.194,-1.970,0.771,0
3.153,-3.126,0.754,0
3.063,-4.316,0.737,0
2.986,-5.465,0.721,0
2.886,-6.625,0.704,0
2.769,-7.808,0.687,0
2.631,-8.970,0.670,0
2.474,-10.139,0.654,0
2.298,-11.308,0.637,0
2.098,-12.464,0.620,0
1.885,-13.647,0.604,0
1.647,-14.796,0.587,0
1.394,-15.971,0.571,0
1.117,-17.125,0.554,0
0.794,-18.294,0.537,0
0.474,-19.457,0.520,0
0.866,-20.640,0.504,1
1.233,21.831,0.487,0
1.591,20.683,0.470,0
1.920,19.498,0.454,0
2.232,18.345,0.437,0
2.527,17.183,0.421,0
2.802,16.008,0.404,0
3.054,14.831,0.387,0
3.292,13.676,0.370,0
3.500,12.477,0.354,0
3.671,11.346,0.337,0
3.845,10.169,0.321,0
4.000,9.007,0.304,0
4.135,7.838,0.287,0
4.249,6.670,0.271,0
4.345,5.514,0.254,0
4.421,4.345,0.237,0
4.476,3.162,0.221,0
4.511,2.015,0.204,0
4.527,0.846,0.187,0
4.523,-0.330,0.171,0
4.500,-1.485,0.154,0
4.436,-2.656,0.137,0
4.498,-3.823,0.121,0
4.416,-4.992,0.104,0
4.263,-6.148,0.087,0
4.138,-7.316,0.070,0
3.997,-8.499,0.054,0
3.782,-9.654,0.037,0
3.603,-10.837,0.021,0
3.374,-11.986,0.022,0
3.125,-13.162,0.023,0
2.884,-14.338,0.025,0
2.598,-15.500,0.027,0
2.301,-16.661,0.010,0
1.974,-17.830,0.011,0
1.654,-19.000,0.013,0
1.313,-20.161,0.014,0
0.901,-21.330,0.016,0
0.650,-22.499,0.018,0
1.029,-23.654,0.019,1
1.386,21.829,0.021,0
1.723,20.662,0.022,0
2.043,19.500,0.023,0
2.339,18.324,0.025,0
2.618,17.162,1.027,0
2.864,15.993,1.010,0
3.103,14.831,0.993,0
3.321,13.662,0.977,0
3.519,12.499,0.960,0
3.699,11.337,0.943,0
3.860,10.169,0.926,0
3.998,8.984,0.910,0
4.118,7.831,0.893,0
4.217,6.655,0.877,0
4.297,5.493,0.860,0
4.357,4.330,0.843,0
4.397,3.154,0.827,0
4.410,1.992,0.810,0
4.411,0.817,0.793,0
4.392,-0.353,0.777,0
4.353,-1.501,0.760,0
4.292,-2.670,0.743,0
4.215,-3.855,0.727,0
4.115,-5.000,0.710,0
3.996,-6.177,0.693,0
3.857,-7.346,0.676,0
3.700,-8.515,0.660,0
3.521,-9.670,0.643,0
3.322,-10.842,0.626,0
3.105,-12.014,0.610,0
2.865,-13.170,0.593,0
2.609,-14.345,0.577,0
2.333,-15.507,0.560,0
2.033,-16.669,0.543,0
1.713,-17.845,0.526,0
1.382,-19.023,0.510,0
1.023,-20.169,0.493,0
0.645,-21.345,0.476,0
0.252,-22.514,0.460,0
-0.167,-23.669,0.443,0
0.195,-24.845,0.426,1
0.540,21.829,0.410,0
0.861,20.661,0.393,0
1.161,19.496,0.377,0
1.442,18.338,0.360,0
1.705,17.176,0.343,0
1.949,16.007,0.326,0
2.168,14.831,0.310,0
2.371,13.682,0.293,0
2.555,12.513,0.277,0
2.719,11.338,0.260,0
2.861,10.162,0.243,0
2.985,9.006,0.226,0
3.094,7.832,0.210,0
3.178,6.683,0.193,0
3.244,5.514,0.176,0
3.287,4.324,0.160,0
3.311,3.176,0.143,0
3.240,2.014,0.126,0
3.225,0.823,0.110,0
3.189,-0.332,0.093,0
3.159,-1.500,0.077,0
3.109,-2.662,0.060,0
3.014,-3.832,0.043,0
2.898,-5.000,0.026,0
2.777,-6.169,0.010,0
2.647,-7.332,0.011,0
2.499,-8.501,0.013,0
2.304,-9.662,0.014,0
2.093,-10.831,0.016,0
1.907,-11.986,0.017,0
1.655,-13.163,0.019,0
1.381,-14.324,0.021,0
1.112,-15.493,0.022,0
1.361,-16.662,0.023,1
1.689,21.830,0.025,0
1.993,20.662,0.027,0
2.304,19.514,0.010,0
2.568,18.325,0.012,0
2.820,17.180,0.013,0
3.048,16.000,0.014,0
3.257,14.838,1.016,0
3.449,13.675,0.999,0
3.617,12.493,0.983,0
3.768,11.338,0.966,0
3.897,10.162,0.949,0
4.007,9.001,0.933,0
4.098,7.837,0.916,0
4.168,6.668,0.899,0
4.241,5.501,0.882,0
4.272,4.321,0.866,0
4.283,3.162,0.849,0
4.274,2.008,0.833,0
4.246,0.831,0.816,0
4.198,-0.338,0.799,0
4.129,-1.500,0.783,0
4.042,-2.670,0.766,0
3.935,-3.832,0.749,0
3.806,-4.994,0.733,0
3.658,-6.169,0.716,0
3.491,-7.346,0.699,0
3.332,-8.507,0.683,0
3.124,-9.662,0.666,0
2.891,-10.837,0.649,0
2.644,-12.036,0.632,0
2.383,-13.205,0.616,0
2.103,-14.347,0.599,0
1.793,-15.487,0.583,0
1.466,-16.671,0.566,0
1.124,-17.844,0.549,0
0.759,-19.000,0.533,0
1.094,-20.168,0.516,1
1.406,21.830,0.499,0
1.733,20.675,0.483,0
2.006,19.498,0.466,0
2.264,18.343,0.449,0
2.502,17.168,0.432,0
2.714,15.992,0.416,0
2.913,14.843,0.399,0
3.088,13.667,0.383,0
3.247,12.506,0.366,0
3.384,11.330,0.349,0
3.499,10.161,0.333,0
3.597,9.007,0.316,0
3.674,7.837,0.299,0
3.767,6.682,0.283,0
3.805,5.500,0.266,0
3.824,4.331,0.249,0
3.822,3.160,0.233,0
3.801,1.999,0.216,0
3.761,0.837,0.199,0
3.700,-0.325,0.183,0
3.620,-1.493,0.166,0
3.520,-2.657,0.149,0
3.125,-3.832,0.133,0
3.034,-4.994,0.116,0
2.927,-6.179,0.099,0
2.785,-7.325,0.083,0
2.585,-8.496,0.066,0
2.419,-9.672,0.049,0
2.228,-10.825,0.032,0
2.021,-12.009,0.016,0
1.770,-13.170,0.018,0
1.494,-14.326,0.019,0
1.228,-15.508,0.020,0
0.941,-16.671,0.022,0
1.309,-17.840,0.024,1
1.643,21.852,0.025,0
1.951,20.670,0.027,0
2.256,19.508,0.010,0
2.550,18.346,0.012,0
2.503,17.184,0.013,0
2.711,16.007,0.014,0
2.898,14.832,0.016,0
3.062,13.662,0.017,0
3.208,12.508,0.019,0
3.337,11.346,0.020,0
3.444,10.162,1.022,0
3.531,9.001,1.005,0
3.599,7.839,0.989,0
3.647,6.670,0.972,0
3.719,5.507,0.955,0
3.728,4.346,0.939,0
3.718,3.175,0.922,0
3.687,2.015,0.905,0
3.637,0.846,0.889,0
3.568,-0.316,0.872,0
3.478,-1.493,0.855,0
3.370,-2.654,0.839,0
3.240,-3.816,0.822,0
3.092,-4.992,0.805,0
2.923,-6.156,0.789,0
2.737,-7.331,0.772,0
2.574,-8.486,0.755,0
2.347,-9.663,0.739,0
2.102,-10.832,0.722,0
1.833,-11.986,0.705,0
2.146,-13.169,0.689,1
2.440,21.846,0.672,0
2.720,20.689,0.655,0
2.978,19.513,0.639,0
3.221,18.346,0.622,0
3.436,17.161,0.605,0
3.633,16.007,0.589,0
3.815,14.852,0.572,0
4.024,13.669,0.555,0
4.162,12.500,0.539,0
4.283,11.345,0.522,0
4.385,10.177,0.505,0
4.464,9.000,0.489,0
4.527,7.858,0.472,0
4.568,6.676,0.456,0
4.592,5.521,0.439,0
4.594,4.339,0.422,0
4.577,3.177,0.405,0
4.541,2.008,0.389,0
4.485,0.846,0.372,0
4.460,-0.316,0.355,0
4.365,-1.486,0.339,0
4.249,-2.654,0.322,0
4.116,-3.831,0.305,0
3.963,-4.985,0.289,0
3.788,-6.147,0.272,0
3.596,-7.323,0.255,0
3.384,-8.485,0.239,0
3.149,-9.648,0.222,0
2.897,-10.831,0.205,0
2.625,-11.992,0.189,0
2.337,-13.161,0.172,0
2.703,-14.318,0.155,1
2.995,21.825,0.139,0
2.893,20.657,0.122,0
3.191,19.486,0.105,0
3.478,18.339,0.089,0
3.742,17.156,0.072,0
3.984,15.987,0.055,0
4.209,14.832,0.039,0
4.412,13.663,0.022,0
4.629,12.507,0.023,0
4.815,11.296,0.025,0
4.963,10.162,0.026,0
4.988,8.986,0.013,0
5.005,1.991,0.018,0
4.492,1.735,0.022,0
4.350,1.477,0.026,0
4.256,1.220,0.995,0
4.104,0.964,0.945,0
3.947,0.707,0.895,0
3.786,0.451,0.845,0
3.675,0.196,0.795,0
3.505,-0.060,0.745,0
3.330,-0.317,0.695,0
3.152,-0.575,0.645,0
3.024,-0.832,0.595,0
2.931,-1.088,0.578,0
2.820,-2.262,0.562,0
2.688,-3.418,0.545,0
2.537,-4.587,0.528,0
2.367,-5.763,0.512,0
2.176,-6.920,0.495,0
2.486,-8.102,0.478,1
2.776,21.832,0.462,0
3.041,20.663,0.445,0
3.351,19.515,0.428,0
3.582,18.332,0.412,0
3.792,17.170,0.395,0
3.988,16.013,0.378,0
4.158,14.832,0.362,0
4.315,13.684,0.345,0
4.447,12.501,0.329,0
4.563,11.354,0.312,0
4.661,10.185,0.295,0
4.737,9.000,0.278,0
4.795,7.839,0.262,0
4.832,6.669,0.245,0
4.905,5.515,0.228,0
4.904,4.340,0.212,0
4.884,3.170,0.195,0
4.844,2.005,0.178,0
4.784,0.803,0.161,0
4.706,-0.372,0.145,0
4.163,-1.528,0.114,0
4.148,-3.655,0.110,0
4.060,-3.929,0.094,0
3.952,-5.092,0.077,0
3.827,-6.267,0.060,0
3.680,-7.422,0.044,0
3.515,-8.598,0.027,0
3.332,-9.765,0.010,0
3.153,-10.935,0.012,0
2.954,-12.104,0.013,0
2.712,-13.273,0.015,0
2.448,-14.435,0.016,0
2.166,-15.610,0.018,0
1.866,-16.779,0.019,0
1.546,-17.941,0.021,0
1.208,-19.111,0.022,0
1.142,-20.272,0.024,1
1.439,21.845,0.025,0
1.715,20.667,0.027,0
2.020,19.492,0.010,0
2.254,18.329,0.012,0
2.481,17.169,0.012,0
2.666,15.950,0.015,0
2.844,14.837,1.016,0
3.002,13.668,1.000,0
3.140,12.507,0.983,0
3.261,11.344,0.966,0
3.363,10.176,0.949,0
3.443,8.999,0.933,0
3.505,7.837,0.916,0
3.549,6.676,0.899,0
3.621,5.499,0.883,0
3.625,4.338,0.866,0
3.610,3.168,0.849,0
3.575,2.000,0.833,0
3.522,0.837,0.816,0
3.449,-0.331,0.799,0
3.357,-1.500,0.783,0
3.246,-2.669,0.766,0
3.115,-3.831,0.750,0
2.965,-4.993,0.733,0
2.795,-6.169,0.716,0
2.608,-7.339,0.699,0
2.447,-8.501,0.683,0
2.223,-9.662,0.666,0
1.972,-10.818,0.649,0
1.711,-12.008,0.633,0
1.427,-13.156,0.616,0
1.120,-14.318,0.599,0
0.800,-15.501,0.583,0
0.458,-16.655,0.566,0
0.778,-17.825,0.550,1
1.080,21.829,0.533,0
1.361,20.655,0.516,0
1.619,19.487,0.500,0
1.907,18.337,0.483,0
2.130,17.162,0.466,0
2.333,15.994,0.450,0
2.519,14.831,0.433,0
2.684,13.656,0.416,0
2.831,12.494,0.399,0
2.957,11.325,0.383,0
3.065,10.163,0.366,0
3.154,9.000,0.350,0
3.224,7.830,0.333,0
3.275,6.663,0.316,0
3.306,5.486,0.299,0
3.358,4.317,0.283,0
3.351,3.162,0.266,0
3.325,1.994,0.250,0
3.279,0.839,0.233,0
3.214,-0.337,0.216,0
3.130,-1.515,0.199,0
3.028,-2.682,0.183,0
2.905,-3.831,0.166,0
2.763,-5.014,0.149,0
2.330,-6.183,0.133,0
2.198,-7.331,0.116,0
2.052,-8.513,0.100,0
1.869,-9.662,0.083,0
1.681,-10.845,0.066,0
1.424,-12.013,0.049,0
1.201,-13.182,0.033,0
0.956,-14.337,0.016,0
1.304,-15.507,0.018,1
1.643,21.850,0.019,0
1.984,20.666,0.021,0
2.303,19.493,0.022,0
2.552,18.332,0.024,0
2.835,17.176,0.025,0
3.098,16.008,0.027,0
3.328,14.845,0.010,0
3.503,13.669,0.012,0
3.434,12.501,0.013,0
3.572,11.331,0.014,0
3.688,10.155,0.016,0
3.786,9.001,0.018,0
3.866,7.831,0.019,0
3.926,6.663,0.021,0
3.966,5.494,1.022,0
3.989,4.346,1.006,0
3.992,3.170,0.989,0
3.976,2.008,0.972,0
3.970,0.823,0.956,0
3.916,-0.324,0.939,0
3.843,-1.493,0.922,0
3.749,-2.654,0.905,0
3.636,-3.839,0.889,0
3.507,-5.009,0.872,0
3.356,-6.155,0.856,0
3.187,-7.332,0.839,0
3.001,-8.500,0.822,0
2.793,-9.655,0.806,0
2.567,-10.824,0.789,0
2.323,-11.992,0.772,0
2.083,-13.155,0.756,0
1.798,-14.324,0.739,0
1.494,-15.499,0.722,0
1.175,-16.670,0.706,0
0.829,-17.824,0.689,0
0.470,-19.008,0.672,0
0.086,-20.169,0.655,0
0.424,-21.352,0.639,1
0.745,21.845,0.622,0
1.046,20.681,0.606,0
1.327,19.521,0.589,0
1.592,18.365,0.572,0
1.860,17.196,0.556,0
2.089,16.027,0.539,0
2.296,14.850,0.522,0
2.484,13.682,0.505,0
2.653,12.513,0.489,0
2.801,11.351,0.472,0
2.934,10.196,0.455,0
3.046,9.013,0.439,0
3.140,7.851,0.422,0
3.213,6.675,0.405,0
3.268,5.513,0.389,0
3.304,4.358,0.372,0
3.337,3.176,0.355,0
3.335,2.013,0.339,0
3.313,0.851,0.322,0
3.273,-0.332,0.306,0
3.214,-1.480,0.289,0
3.134,-2.634,0.272,0
3.037,-3.811,0.256,0
2.920,-4.978,0.239,0
2.784,-6.142,0.222,0
2.628,-7.310,0.206,0
2.455,-8.486,0.189,0
2.263,-9.648,0.172,0
2.060,-10.812,0.155,0
1.833,-11.994,0.139,0
1.507,-13.141,0.122,0
1.235,-14.310,0.106,0
0.975,-15.486,0.089,0
1.358,-16.641,0.072,1
1.689,21.817,0.056,0
2.003,20.661,0.039,0
2.300,19.500,0.022,0
2.604,18.330,0.024,0
2.888,17.155,0.025,0
3.123,15.986,0.027,0
3.352,14.838,0.010,0
3.554,13.669,0.012,0
3.735,12.493,0.013,0
3.899,11.331,0.015,0
4.042,10.154,0.016,0
4.192,8.993,0.018,0
4.247,7.824,0.019,0
4.335,6.655,0.021,0
4.401,5.478,0.022,0
4.450,4.338,0.024,0
4.479,3.147,0.025,0
4.490,2.006,0.027,0
4.484,0.808,0.010,0
4.456,-0.332,0.136,0
4.409,-1.508,0.136,0
4.343,-2.677,0.136,0
4.259,-3.839,0.136,0
4.154,-5.000,0.136,0
4.032,-6.176,0.136,0
3.890,-7.339,0.136,0
3.730,-8.504,0.136,0
3.550,-9.662,0.136,0
3.352,-10.830,0.136,0
3.132,-11.994,0.136,0
2.889,-13.169,0.136,0
2.634,-14.354,0.136,0
2.996,-15.508,0.136,1
3.343,21.839,0.136,0
3.665,20.663,0.136,0
3.973,19.507,0.136,0
4.256,18.331,0.136,0
4.538,17.177,0.136,0
4.772,15.940,0.136,0
5.001,14.838,0.136,0
1.767,0.000,0.671,0
2.112,-1.400,0.651,1
2.489,21.600,0.629,0
2.534,21.488,0.623,0
2.824,21.048,0.604,0
3.046,19.708,0.587,0
3.244,18.539,0.571,0
3.429,17.392,0.554,0
3.690,16.215,0.537,0
3.824,14.996,0.521,0
3.950,13.884,0.504,0
4.055,12.708,0.487,0
4.139,11.539,0.471,0
4.204,10.384,0.454,0
4.254,9.230,0.437,0
4.280,8.039,0.421,0
4.289,6.892,0.404,0
4.277,5.708,0.387,0
4.246,4.546,0.371,0
4.196,3.391,0.354,0
4.213,2.214,0.337,0
4.124,1.053,0.321,0
4.015,-0.108,0.304,0
3.887,-1.290,0.287,0
3.740,-2.446,0.271,0
3.571,-3.615,0.254,0
3.385,-4.800,0.237,0
3.181,-5.960,0.221,0
2.957,-7.111,0.204,0
2.709,-8.271,0.187,0
2.447,-9.455,0.171,0
2.162,-10.609,0.154,0
1.945,-11.785,0.137,0
0.885,-12.956,0.121,0
0.642,-14.116,0.104,0
0.378,-15.284,0.087,0
0.102,-16.460,0.071,0
0.438,-17.609,0.054,1
0.789,21.804,0.037,0
1.125,20.655,0.021,0
1.446,19.494,0.022,0
1.692,18.317,0.024,0
1.970,17.163,0.025,0
2.233,15.999,0.027,0
2.461,14.817,0.010,0
2.681,13.648,0.011,0
2.832,12.486,0.013,0
3.013,11.322,0.015,0
3.177,10.169,0.016,0
2.710,8.986,0.018,0
2.732,7.818,0.019,0
2.736,6.670,0.021,0
2.721,5.500,0.022,0
2.687,4.338,0.024,0
2.687,3.156,0.024,0
2.633,3.156,0.025,0
2.560,2.007,1.027,0
2.554,0.832,1.010,0
2.442,-0.331,0.994,0
2.310,-1.499,0.977,0
2.158,-2.668,0.960,0
1.988,-3.839,0.943,0
1.797,-5.006,0.927,0
1.587,-6.176,0.910,0
1.358,-7.344,0.893,0
1.109,-8.513,0.877,0
0.842,-9.683,0.860,0
0.555,-10.845,0.843,0
0.245,-12.006,0.827,0
0.012,-13.189,0.810,0
0.295,-14.329,0.793,1
0.547,21.809,0.777,0
0.787,20.661,0.760,0
1.002,19.486,0.744,0
1.202,18.330,0.727,0
1.380,17.160,0.710,0
1.543,15.997,0.693,0
1.682,14.815,0.677,0
1.801,13.653,0.660,0
1.904,12.499,0.643,0
1.987,11.323,0.627,0
2.135,10.147,0.610,0
2.180,8.999,0.593,0
2.202,7.815,0.577,0
2.208,6.661,0.560,0
2.191,5.477,0.544,0
2.157,4.330,0.527,0
2.103,3.154,0.510,0
2.030,1.969,0.494,0
1.936,0.836,0.477,0
1.824,-0.354,0.460,0
1.692,-1.509,0.443,0
1.540,-2.684,0.427,0
1.457,-3.852,0.410,0
1.266,-5.009,0.393,0
1.057,-6.191,0.377,0
0.828,-7.346,0.360,0
0.581,-8.515,0.344,0
0.312,-9.670,0.327,0
0.022,-10.839,0.310,0
0.295,-12.023,0.293,1
0.549,21.845,0.277,0
0.789,20.691,0.260,0
1.006,19.515,0.244,0
1.215,18.358,0.226,0
1.467,17.147,0.211,0
1.594,16.048,0.196,0
1.775,15.052,0.177,0
1.897,13.676,0.160,0
1.997,12.507,0.144,0
1.340,11.353,0.127,0
1.504,10.191,0.110,0
1.646,9.009,0.094,0
1.772,7.860,0.077,0
1.827,6.670,0.060,0
1.911,5.500,0.044,0
1.977,4.359,0.027,0
2.010,3.185,0.010,0
2.037,2.015,0.012,0
1.995,0.854,0.013,0
1.982,-0.323,0.015,0
1.951,-1.492,0.016,0
1.901,-2.662,0.018,0
1.780,-3.809,0.019,0
1.691,-4.985,0.021,0
1.580,-6.147,0.022,0
0.841,-7.330,0.024,0
0.592,-8.486,0.025,0
0.326,-9.662,0.027,0
0.126,-10.815,0.010,0
0.399,-11.985,0.012,1
0.661,21.845,0.013,0
0.898,20.662,0.015,0
1.115,19.499,1.016,0
1.315,18.338,1.000,0
1.496,17.167,0.983,0
1.655,15.993,0.966,0
1.797,14.830,0.949,0
1.914,13.655,0.933,0
2.016,12.512,0.916,0
2.099,11.345,0.900,0
2.250,10.169,0.883,0
2.292,8.993,0.866,0
2.316,7.838,0.850,0
2.321,6.669,0.833,0
2.306,5.493,0.816,0
2.272,4.331,0.799,0
2.218,3.147,0.783,0
2.144,1.986,0.766,0
2.051,0.836,0.749,0
1.939,-0.337,0.733,0
1.807,-1.499,0.716,0
1.656,-2.677,0.699,0
1.573,-3.838,0.683,0
1.383,-4.992,0.666,0
1.174,-6.162,0.650,0
0.943,-7.324,0.633,0
0.694,-8.506,0.616,0
0.968,-9.675,0.600,1
1.228,21.844,0.583,0
1.464,20.669,0.566,0
1.682,19.506,0.550,0
1.881,18.344,0.533,0
2.061,17.175,0.516,0
2.222,16.007,0.499,0
2.449,14.838,0.483,0
2.570,13.675,0.466,0
2.670,12.506,0.450,0
2.755,11.352,0.433,0
2.816,10.168,0.416,0
2.861,9.020,0.399,0
2.885,7.830,0.383,0
2.890,6.661,0.366,0
2.874,5.490,0.349,0
2.839,4.331,0.333,0
2.786,3.184,0.316,0
2.712,2.007,0.299,0
2.707,0.830,0.283,0
2.595,-0.333,0.266,0
2.464,-1.494,0.250,0
2.312,-2.649,0.233,0
2.142,-3.831,0.216,0
1.952,-4.993,0.200,0
1.743,-6.155,0.183,0
1.513,-7.325,0.166,0
1.264,-8.494,0.149,0
0.706,-9.670,0.133,0
0.522,-10.839,0.116,0
0.314,-11.986,0.099,0
0.076,-13.162,0.083,0
-0.218,-14.324,0.066,0
0.164,-15.486,0.049,1
0.507,21.816,0.033,0
0.818,20.654,0.016,0
1.159,19.492,0.018,0
1.431,18.329,0.019,0
1.687,17.169,0.021,0
1.923,15.993,0.022,0
2.185,14.816,0.024,0
2.381,13.668,0.025,0
2.558,12.499,0.027,0
2.727,11.324,0.010,0
2.864,10.161,0.012,0
3.822,8.998,0.013,0
4.019,7.816,0.015,0
4.198,6.668,0.016,0
4.358,5.492,0.018,0
4.498,4.330,0.019,0
4.618,3.154,0.021,0
4.719,1.999,1.022,0
4.801,0.816,1.006,0
4.864,-0.332,0.989,0
4.905,-1.494,0.972,0
4.842,-2.678,0.956,0
4.846,-3.840,0.939,0
4.830,-5.002,0.922,0
4.794,-6.178,0.905,0
4.741,-7.346,0.889,0
4.668,-8.501,0.872,0
4.572,-9.663,0.855,0
4.461,-10.845,0.839,0
4.325,-12.000,0.822,0
4.175,-13.186,0.805,0
4.003,-14.346,0.789,0
3.812,-15.515,0.772,0
3.513,-16.684,0.755,0
3.289,-17.853,0.739,0
3.038,-19.000,0.722,0
2.771,-20.177,0.706,0
2.477,-21.338,0.689,0
2.169,-22.522,0.672,0
1.852,-23.692,0.656,0
1.507,-24.831,0.639,0
1.138,-25.995,0.622,0
0.749,-27.170,0.605,0
0.343,-28.346,0.589,0
-0.064,-29.515,0.572,0
-0.562,-30.000,0.556,0
-0.979,-30.000,0.539,0
-1.390,-30.000,0.522,0
-1.803,-30.000,0.506,0
-1.353,-30.000,0.489,1
-0.922,21.838,0.472,0
-0.505,20.674,0.455,0
-0.114,19.491,0.439,0
0.258,18.331,0.422,0
0.613,17.168,0.406,0
0.946,15.999,0.389,0
1.261,14.838,0.372,0
1.477,13.669,0.355,0
1.747,12.456,0.339,0
2.003,11.330,0.322,0
2.240,10.169,0.306,0
2.459,9.007,0.289,0
2.657,7.823,0.272,0
2.836,6.662,0.255,0
2.995,5.492,0.239,0
3.135,4.323,0.222,0
3.256,3.162,0.205,0
3.357,1.992,0.188,0
3.438,0.789,0.172,0
3.414,-0.332,0.156,0
3.455,-1.494,0.139,0
3.990,-2.686,0.122,0
3.895,-3.839,0.106,0
3.778,-4.994,0.089,0
3.695,-6.170,0.072,0
3.537,-7.325,0.055,0
3.367,-8.515,0.039,0
3.173,-9.657,0.022,0
3.007,-10.832,0.024,0
2.772,-12.016,0.025,0
2.523,-13.192,0.027,0
2.266,-14.347,0.010,0
1.976,-15.508,0.012,0
1.719,-16.670,0.013,0
1.383,-17.825,0.014,0
1.033,-19.015,0.016,0
0.666,-20.185,0.018,0
1.124,-21.347,0.019,0
0.813,-22.494,0.021,0
0.813,-23.671,0.021,0
0.488,-23.671,0.022,0
0.141,-24.834,0.024,0
-0.219,-26.002,0.025,0
-0.606,-27.156,0.027,0
-1.097,-28.327,0.010,0
-1.511,-29.493,1.012,0
-1.924,-30.000,0.995,0
-2.339,-30.000,0.978,0
-2.749,-30.000,0.962,0
-3.160,-30.000,0.945,0
-3.576,-30.000,0.928,0
-3.982,-30.000,0.912,0
-4.395,-30.000,0.895,0
-4.809,-30.000,0.878,0
-5.226,-30.000,0.862,0
-5.642,-30.000,0.845,0
-6.131,-30.000,0.829,0
-6.551,-30.000,0.812,0
-6.964,-30.000,0.795,0
-7.375,-30.000,0.778,0
-7.792,-30.000,0.762,0
-8.206,-30.000,0.745,0
-7.760,-30.000,0.728,1
-7.328,21.851,0.712,0
-6.917,20.684,0.695,0
-6.521,19.522,0.678,0
-6.149,18.346,0.662,0
-5.793,17.184,0.645,0
-5.546,16.008,0.628,0
-5.231,14.847,0.612,0
-4.934,13.677,0.595,0
-4.659,12.508,0.578,0
-4.402,11.346,0.562,0
-4.165,10.184,0.545,0
-3.948,9.023,0.529,0
-3.747,7.859,0.512,0
-3.298,6.677,0.495,1
-2.863,21.838,0.478,0
-2.456,20.662,0.462,0
-2.063,19.514,0.445,0
-1.774,18.346,0.428,0
-1.421,17.169,0.412,0
-1.087,16.008,0.395,0
-0.771,14.846,0.378,0
-0.474,13.670,0.362,0
-0.198,12.500,0.345,0
0.059,11.332,0.328,0
0.295,10.163,0.312,0
0.513,9.008,0.295,0
0.711,7.838,0.279,0
0.891,6.677,0.262,0
1.051,5.494,0.245,0
1.103,4.324,0.229,0
1.224,3.176,0.212,0
1.325,2.006,0.195,0
1.407,0.832,0.178,0
1.469,-0.324,0.162,0
1.512,-1.508,0.145,0
2.161,-2.664,0.129,0
2.064,-3.824,0.112,0
1.950,-5.000,0.095,0
1.841,-6.155,0.079,0
1.710,-7.318,0.062,0
1.535,-8.494,0.045,0
1.354,-9.670,0.028,0
1.142,-10.839,0.012,0
1.519,-12.000,0.013,1
1.876,21.831,0.015,0
2.189,20.661,0.016,0
2.481,19.492,0.018,0
2.776,18.330,0.019,0
3.056,17.177,0.021,0
3.289,16.008,0.022,0
3.505,14.846,0.024,0
4.426,13.677,0.025,0
4.702,12.507,0.027,0
4.874,11.344,0.010,0
5.111,10.162,0.012,0
5.328,8.993,0.013,0
5.526,7.838,0.015,0
5.706,6.676,0.016,0
5.865,5.500,1.018,0
6.005,4.339,1.001,0
6.126,3.177,0.985,0
6.227,2.014,0.968,0
6.309,0.838,0.951,0
6.371,-0.338,0.935,0
6.414,-1.493,0.918,0
6.350,-2.656,0.901,0
6.355,-3.831,0.885,0
6.340,-4.986,0.868,0
6.304,-6.155,0.851,0
6.250,-7.332,0.835,0
6.176,-8.493,0.818,0
6.085,-9.661,0.801,0
5.971,-10.817,0.785,0
5.839,-11.992,0.768,0
5.685,-13.155,0.751,0
5.516,-14.337,0.735,0
5.325,-15.492,0.718,0
5.029,-16.661,0.701,0
4.801,-17.823,0.685,0
4.537,-18.986,0.667,0
4.296,-20.204,0.652,0
3.852,-21.283,0.625,0
3.685,-23.154,0.618,0
3.352,-23.649,0.601,0
3.011,-24.832,0.585,0
2.636,-25.987,0.568,0
2.253,-27.177,0.551,0
1.854,-28.339,0.535,0
1.443,-29.493,0.518,0
0.939,-30.000,0.501,0
0.529,-30.000,0.485,0
0.112,-30.000,0.468,0
-0.299,-30.000,0.451,0
-0.710,-30.000,0.435,0
-1.124,-30.000,0.418,0
-0.676,-30.000,0.401,1
-0.237,21.846,0.384,0
0.173,20.655,0.368,0
0.563,19.493,0.351,0
0.948,18.339,0.334,0
1.292,17.122,0.318,0
1.541,15.999,0.301,0
1.853,14.824,0.285,0
2.149,13.670,0.268,0
2.425,12.501,0.251,0
2.684,11.338,0.234,0
2.920,10.155,0.218,0
3.136,9.000,0.201,0
3.336,7.845,0.184,0
3.514,6.662,0.168,0
3.674,5.507,0.151,0
4.439,4.345,0.135,0
4.460,3.169,0.118,0
4.474,1.993,0.101,0
4.456,0.846,0.084,0
4.443,-0.337,0.068,0
4.411,-1.498,0.051,0
4.333,-2.668,0.034,0
4.239,-3.845,0.018,0
4.147,-4.992,0.019,0
4.036,-6.168,0.021,0
3.883,-7.344,0.022,0
3.710,-8.500,0.024,0
3.543,-9.660,0.026,0
3.351,-10.824,0.027,0
3.135,-12.013,0.010,0
2.883,-13.162,0.012,0
2.608,-14.330,0.013,0
3.044,-15.513,0.015,0
2.835,-16.675,0.016,0
2.608,-17.836,0.018,0
2.354,-18.994,0.019,0
2.088,-20.177,0.021,0
1.799,-21.337,0.022,0
2.252,-22.506,1.024,1
2.680,21.829,1.007,0
3.093,20.675,0.991,0
3.396,19.507,0.974,0
3.773,18.350,0.957,0
4.125,17.169,0.941,0
4.463,16.014,0.924,0
4.777,14.830,0.907,0
5.072,13.669,0.891,0
5.347,12.507,0.874,0
5.608,11.345,0.857,0
5.842,10.147,0.841,0
6.060,9.007,0.824,0
6.258,7.845,0.807,0
6.438,6.675,0.790,0
6.510,5.499,0.774,0
6.650,4.345,0.757,0
6.771,3.163,0.741,0
6.872,2.007,0.724,0
6.954,0.838,0.707,0
7.016,-0.319,0.691,0
7.059,-1.495,0.674,0
7.083,-2.662,0.657,0
7.086,-3.824,0.640,0
7.069,-5.001,0.624,0
7.038,-6.178,0.607,0
6.982,-7.317,0.591,0
6.823,-8.494,0.574,0
6.728,-9.648,0.557,0
6.614,-10.825,0.540,0
6.482,-12.000,0.524,0
6.329,-13.169,0.507,0
6.161,-14.338,0.491,0
5.968,-15.493,0.474,0
5.757,-16.670,0.457,0
5.531,-17.840,0.441,0
5.282,-18.993,0.424,0
5.010,-20.163,0.407,0
4.722,-21.339,0.390,0
4.331,-22.509,0.374,0
4.004,-23.663,0.357,0
3.660,-24.832,0.341,0
3.299,-25.994,0.324,0
2.910,-27.149,0.307,0
2.499,-28.325,0.290,0
2.095,-29.507,0.274,0
1.675,-30.000,0.257,0
1.270,-30.000,0.241,0
0.850,-30.000,0.224,0
0.440,-30.000,0.207,0
0.029,-30.000,0.191,0
-0.469,-30.000,0.174,0
-0.018,-30.000,0.157,1
0.413,21.832,0.141,0
0.001,20.669,0.124,0
0.319,19.494,0.107,0
0.621,18.330,0.090,0
0.896,17.148,0.074,0
1.109,16.001,0.057,0
1.346,14.818,0.041,0
1.570,13.669,0.024,0
1.771,12.487,0.025,0
1.901,11.318,0.027,0
2.052,10.170,0.010,0
2.195,8.994,0.012,0
2.319,7.832,0.013,0
2.423,6.655,0.015,0
2.458,5.500,0.016,0
2.523,4.318,0.018,0
2.569,3.161,0.019,0
1.985,1.985,0.021,0
1.892,0.816,0.022,0
1.780,-0.339,0.024,0
1.648,-1.507,0.025,0
1.497,-2.676,0.027,0
1.413,-3.830,0.010,0
1.222,-5.014,0.012,0
1.014,-6.183,1.013,0
0.786,-7.332,0.997,0
0.535,-8.493,0.980,0
0.268,-9.682,0.963,0
-0.017,-10.837,0.947,0
-0.327,-11.993,0.930,0
-0.651,-13.175,0.913,0
-0.374,-14.331,0.897,1
-0.114,21.832,0.880,0
0.122,20.657,0.863,0
0.429,19.494,0.847,0
0.626,18.324,0.830,0
0.806,17.163,0.813,0
0.968,15.993,0.796,0
1.106,14.817,0.780,0
1.228,13.663,0.763,0
1.330,12.487,0.746,0
1.410,11.318,0.730,0
1.474,10.163,0.713,0
1.517,8.986,0.696,0
1.540,7.817,0.680,0
1.544,6.662,0.663,0
1.617,5.499,0.647,0
1.582,4.325,0.630,0
1.528,3.149,0.613,0
1.455,1.987,0.597,0
1.362,0.838,0.580,0
1.249,-0.337,0.563,0
1.118,-1.513,0.547,0
0.967,-2.669,0.530,0
0.796,-3.833,0.513,0
0.603,-5.000,0.496,0
0.396,-6.190,0.480,0
0.671,-7.338,0.463,1
1.018,21.838,0.447,0
1.254,20.663,0.430,0
1.475,19.501,0.413,0
1.675,18.324,0.396,0
1.856,17.155,0.380,0
2.010,15.979,0.363,0
2.154,14.838,0.346,0
2.275,13.655,0.330,0
2.377,12.486,0.313,0
2.457,11.317,0.297,0
2.521,10.160,0.280,0
2.563,8.987,0.263,0
2.675,7.824,0.246,0
2.678,6.648,0.230,0
2.663,5.493,0.213,0
2.629,4.339,0.197,0
2.575,3.163,0.180,0
2.501,1.986,0.163,0
2.408,0.825,0.146,0
1.556,-0.344,0.130,0
1.525,-1.513,0.113,0
1.474,-2.668,0.097,0
1.402,-3.838,0.080,0
1.263,-5.013,0.063,0
1.141,-6.169,0.047,0
1.011,-7.329,0.030,0
0.863,-8.508,0.013,0
0.695,-9.669,0.015,0
0.457,-10.838,0.016,0
0.250,-12.007,0.018,0
0.630,-13.175,0.019,1
0.984,21.822,0.021,0
1.272,20.666,0.022,0
1.589,19.500,0.024,0
1.889,18.338,0.025,0
1.555,17.168,0.027,0
1.804,16.012,0.010,0
1.945,14.837,0.012,0
2.068,13.669,0.013,0
2.166,12.492,0.015,0
2.249,11.344,0.016,0
2.314,10.174,0.018,0
2.354,8.992,1.020,0
2.380,7.851,1.003,0
2.384,6.668,0.986,0
2.369,5.498,0.969,0
2.335,4.337,0.953,0
2.281,3.166,0.936,0
2.295,2.007,0.919,0
2.202,0.836,0.903,0
2.090,-0.313,0.886,0
1.957,-1.496,0.869,0
1.807,-2.678,0.853,0
1.636,-3.824,0.836,0
1.448,-5.001,0.820,0
1.237,-6.149,0.803,0
1.007,-7.332,0.786,0
0.759,-8.508,0.769,0
0.493,-9.671,0.753,0
0.207,-10.825,0.736,0
-0.012,-11.987,0.720,0
-0.338,-13.149,0.703,0
-0.059,-14.318,0.686,1
0.197,21.824,0.669,0
0.435,20.661,0.653,0
0.656,19.493,0.636,0
0.853,18.317,0.619,0
1.033,17.155,0.603,0
1.190,15.986,0.586,0
1.331,14.831,0.569,0
1.452,13.662,0.553,0
1.554,12.494,0.536,0
1.724,11.324,0.519,0
1.786,10.154,0.503,0
1.829,8.994,0.486,0
1.852,7.831,0.470,0
1.857,6.669,0.453,0
1.842,5.493,0.436,0
1.808,4.331,0.419,0
1.753,3.155,0.403,0
1.680,2.000,0.386,0
1.587,0.832,0.369,0
1.474,-0.344,0.353,0
1.343,-1.515,0.336,0
1.278,-2.668,0.319,0
1.109,-3.853,0.303,0
0.918,-5.000,0.286,0
0.709,-6.176,0.270,0
0.478,-7.331,0.253,0
0.230,-8.514,0.236,0
-0.040,-9.675,0.219,0
-0.329,-10.853,0.202,0
-0.060,-12.029,0.186,1
0.198,21.860,0.169,0
0.441,20.691,0.153,0
-0.081,19.507,0.136,0
0.202,18.346,0.119,0
0.484,17.190,0.103,0
0.743,16.014,0.086,0
0.985,14.852,0.069,0
1.156,13.684,0.053,0
1.357,12.515,0.036,0
1.541,11.353,0.019,0
1.704,10.177,0.021,0
1.796,9.015,0.022,0
1.921,7.860,0.024,0
2.026,6.683,0.025,0
2.111,5.515,0.027,0
2.164,4.353,0.010,0
2.160,3.184,0.012,0
2.187,2.021,0.013,0
2.195,0.854,0.015,0
1.572,-0.309,0.016,0
1.440,-1.478,0.018,0
1.289,-2.655,0.019,0
1.119,-3.822,0.021,0
0.929,-4.992,0.022,0
0.719,-6.154,0.024,0
0.492,-7.331,1.025,0
0.243,-8.478,1.009,0
0.064,-9.654,0.992,0
-0.225,-10.810,0.975,0
0.048,-11.991,0.959,1
0.308,21.844,0.942,0
0.547,20.669,0.925,0
0.762,19.499,0.909,0
0.960,18.344,0.892,0
1.140,17.182,0.875,0
1.302,16.012,0.859,0
1.439,14.837,0.842,0
1.565,13.688,0.825,0
1.664,12.498,0.809,0
1.833,11.350,0.792,0
1.898,10.183,0.775,0
1.940,8.999,0.759,0
1.965,7.845,0.742,0
1.969,6.675,0.725,0
1.954,5.507,0.709,0
1.920,4.344,0.692,0
1.866,3.182,0.675,0
1.793,1.998,0.659,0
1.700,0.844,0.642,0
1.588,-0.331,0.625,0
1.457,-1.488,0.609,0
1.393,-2.649,0.592,0
1.222,-3.818,0.575,0
1.033,-4.993,0.559,0
0.824,-6.148,0.542,0
0.593,-7.318,0.525,0
0.347,-8.502,0.509,0
0.078,-9.649,0.492,0
-0.208,-10.827,0.475,0
-0.516,-11.987,0.459,0
-0.239,-13.163,0.442,1
0.019,21.831,0.425,0
0.255,20.662,0.409,0
0.558,19.500,0.392,0
0.760,18.344,0.375,0
0.936,17.166,0.359,0
1.098,16.012,0.342,0
1.239,14.839,0.325,0
1.362,13.669,0.309,0
1.459,12.492,0.292,0
1.544,11.352,0.275,0
1.605,10.170,0.259,0
1.649,9.014,0.242,0
1.673,7.845,0.225,0
1.678,6.677,0.209,0
1.751,5.515,0.192,0
1.716,4.331,0.175,0
1.662,3.175,0.159,0
1.589,2.004,0.142,0
0.757,0.838,0.125,0
0.744,-0.325,0.109,0
0.715,-1.500,0.093,0
0.664,-2.630,0.076,0
0.486,-3.805,0.050,0
0.448,-5.573,0.042,0
0.827,-6.150,0.025,1
1.187,21.825,0.027,0
1.508,20.647,0.010,0
1.780,19.493,0.012,0
2.078,18.312,0.013,0
2.367,17.148,0.014,0
2.617,15.935,0.016,0
2.804,14.812,0.018,0
3.025,13.661,0.019,0
3.227,12.495,0.021,0
2.799,11.325,0.022,0
2.862,10.157,0.024,0
2.904,8.987,0.026,0
2.904,7.831,0.026,0
2.927,7.831,0.027,0
3.019,6.677,0.010,0
3.003,5.502,0.012,0
2.969,4.346,0.014,0
2.915,3.178,1.015,0
2.842,2.007,0.998,0
2.749,0.839,0.982,0
2.637,-0.337,0.965,0
2.506,-1.507,0.949,0
2.354,-2.649,0.932,0
2.183,-3.831,0.915,0
1.993,-5.006,0.898,0
1.873,-6.175,0.882,0
1.645,-7.317,0.865,0
1.395,-8.484,0.848,0
1.128,-9.662,0.832,0
0.843,-10.823,0.815,0
0.534,-11.980,0.798,0
0.210,-13.156,0.782,0
-0.141,-14.315,0.765,0
-0.503,-15.506,0.748,0
-0.230,-16.662,0.732,1
0.028,21.845,0.715,0
0.266,20.676,0.698,0
0.487,19.507,0.682,0
0.773,18.332,0.665,0
0.952,17.163,0.648,0
1.111,16.000,0.632,0
1.252,14.839,0.615,0
1.372,13.669,0.599,0
1.473,12.511,0.582,0
1.558,11.345,0.565,0
1.618,10.162,0.549,0
1.662,9.014,0.532,0
1.687,7.846,0.515,0
1.691,6.670,0.498,0
1.763,5.499,0.482,0
1.729,4.346,0.465,0
1.675,3.183,0.448,0
1.602,2.001,0.432,0
1.509,0.839,0.415,0
1.396,-0.326,0.398,0
1.266,-1.514,0.382,0
1.114,-2.655,0.365,0
0.943,-3.837,0.348,0
0.754,-5.007,0.332,0
0.543,-6.154,0.315,0
0.313,-7.338,0.298,0
0.067,-8.515,0.282,0
-0.112,-9.663,0.265,0
-0.401,-10.823,0.248,0
-0.707,-11.999,0.232,0
-0.944,-13.161,0.215,0
-1.120,-14.317,0.198,0
-0.671,-15.508,0.182,1
-0.242,21.839,0.165,0
0.173,20.685,0.148,0
1.191,19.508,0.132,0
1.464,18.340,0.115,0
1.717,17.177,0.098,0
1.977,16.016,0.082,0
2.207,14.847,0.065,0
2.427,13.671,0.048,0
2.602,12.509,0.032,0
2.758,11.347,0.015,0
2.923,10.192,0.016,0
3.065,9.000,0.018,0
3.166,7.846,0.019,0
3.242,6.647,0.021,0
3.327,5.515,0.023,0
3.393,4.345,0.024,0
3.413,3.177,0.026,0
3.413,2.008,0.026,0
3.415,2.008,0.027,0
3.410,0.846,0.011,0
4.097,-0.309,0.012,0
4.140,-1.486,0.014,0
4.164,-2.656,0.015,0
4.167,-3.809,0.016,0
4.152,-5.000,0.018,0
4.117,-6.161,0.020,0
4.065,-7.324,1.021,0
3.992,-8.478,1.005,0
3.897,-9.640,0.988,0
3.786,-10.816,0.971,0
3.568,-11.977,0.955,0
3.418,-13.141,0.938,0
3.244,-14.302,0.921,0
3.054,-15.484,0.905,0
2.842,-16.647,0.888,0
2.614,-17.823,0.871,0
2.365,-18.986,0.854,0
2.100,-20.154,0.838,0
1.810,-21.310,0.821,0
1.507,-22.484,0.805,0
1.175,-23.640,0.788,0
0.831,-24.823,0.771,0
0.383,-25.985,0.755,0
-0.005,-27.141,0.738,0
-0.407,-28.316,0.721,0
-0.818,-29.478,0.705,0
-1.237,-30.000,0.688,0
-1.651,-30.000,0.671,0
-1.199,-30.000,0.654,1
-0.771,21.829,0.638,0
-0.358,20.676,0.621,0
0.032,19.507,0.605,0
0.406,18.352,0.588,0
0.760,17.183,0.571,0
1.009,16.020,0.555,0
1.326,14.845,0.538,0
1.617,13.667,0.522,0
1.898,12.531,0.504,0
2.154,11.331,0.488,0
2.390,10.168,0.471,0
2.609,9.020,0.454,0
2.807,7.837,0.438,0
2.987,6.682,0.421,0
3.146,5.499,0.405,0
3.286,4.344,0.388,0
3.407,3.176,0.371,0
3.508,1.999,0.355,0
3.503,0.839,0.338,0
3.566,-0.338,0.321,0
3.609,-1.480,0.305,0
3.632,-2.655,0.288,0
3.635,-3.817,0.271,0
3.621,-5.001,0.255,0
3.585,-6.155,0.238,0
3.530,-7.332,0.221,0
3.458,-8.501,0.205,0
3.364,-9.656,0.188,0
3.253,-10.831,0.171,0
3.118,-11.986,0.154,0
2.880,-13.169,0.138,0
3.504,-14.331,0.088,1
3.447,-3.837,0.038,0
3.387,-4.094,0.025,0
3.283,-4.350,0.010,0
3.215,-4.610,0.016,0
3.917,-4.862,0.020,0
4.088,-5.118,0.024,0
4.169,-5.379,1.011,0
4.333,-5.634,0.961,0
4.492,-5.891,0.911,0
4.646,-6.147,0.861,0
4.712,-6.406,0.811,0
4.858,-6.658,0.761,0
4.810,-6.915,0.744,0
4.743,-8.091,0.728,0
4.655,-9.253,0.711,0
4.550,-10.428,0.694,0
4.423,-11.591,0.678,0
4.277,-12.768,0.661,0
4.116,-13.937,0.644,0
3.843,-15.090,0.628,0
3.637,-16.266,0.611,0
3.417,-17.443,0.594,0
3.179,-18.598,0.578,0
2.914,-19.752,0.561,0
2.637,-20.929,0.545,0
2.338,-22.083,0.528,0
2.015,-23.246,0.511,0
1.678,-24.422,0.495,0
1.316,-25.583,0.478,0
0.940,-26.760,0.461,0
0.541,-27.921,0.444,0
0.039,-29.091,0.428,0
-0.376,-30.000,0.411,0
-0.785,-30.000,0.394,0
-1.198,-30.000,0.378,0
-1.612,-30.000,0.361,0
-2.022,-30.000,0.344,0
-1.505,-30.000,0.325,1
-1.135,21.605,0.311,0
-0.724,20.647,0.294,0
-0.333,19.485,0.278,0
0.038,18.323,0.261,0
0.392,17.168,0.244,0
0.639,15.999,0.228,0
0.957,14.837,0.211,0
1.250,13.655,0.194,0
1.526,12.500,0.178,0
1.785,11.338,0.161,0
2.020,10.153,0.144,0
2.748,9.000,0.128,0
2.847,7.837,0.111,0
2.926,6.662,0.094,0
3.036,5.499,0.078,0
3.076,4.330,0.061,0
3.096,3.148,0.044,0
3.110,1.993,0.028,0
3.092,0.831,0.011,0
3.104,-0.331,0.013,0
3.045,-1.507,0.014,0
2.970,-2.692,0.016,0
2.874,-3.838,0.017,0
2.808,-5.000,0.019,0
2.673,-6.177,0.020,0
2.519,-7.338,0.022,0
2.345,-8.501,0.023,0
2.989,-9.669,0.025,0
2.880,-10.846,0.026,0
2.654,-11.993,0.009,0
2.385,-13.191,0.016,0
2.301,-15.233,0.011,0
2.754,-15.606,0.013,1
3.184,21.830,0.014,0
3.592,20.669,1.016,0
3.994,19.519,0.999,0
4.364,18.315,0.982,0
4.714,17.161,0.966,0
5.053,16.013,0.949,0
5.365,14.823,0.933,0
5.661,13.676,0.916,0
5.936,12.504,0.899,0
6.105,11.346,0.883,0
6.345,10.183,0.866,0
6.561,8.999,0.849,0
6.761,7.851,0.832,0
6.939,6.668,0.816,0
7.099,5.521,0.799,0
7.239,4.352,0.783,0
7.360,3.183,0.766,0
7.461,2.000,0.749,0
7.543,0.845,0.733,0
7.606,-0.317,0.716,0
7.649,-1.485,0.699,0
7.585,-2.648,0.683,0
7.588,-3.823,0.666,0
7.574,-4.999,0.649,0
7.540,-6.154,0.633,0
7.486,-7.317,0.616,0
7.409,-8.479,0.599,0
7.319,-9.670,0.583,0
7.203,-10.817,0.566,0
7.075,-12.000,0.549,0
6.920,-13.149,0.532,0
6.752,-14.330,0.516,0
6.563,-15.486,0.499,0
6.265,-16.648,0.483,0
6.037,-17.818,0.466,0
5.788,-18.979,0.449,0
5.515,-20.148,0.432,0
5.229,-21.331,0.416,0
4.924,-22.493,0.399,0
4.596,-23.655,0.383,0
4.252,-24.825,0.366,0
3.886,-25.986,0.349,0
3.503,-27.155,0.333,0
3.098,-28.317,0.316,0
2.687,-29.486,0.299,0
2.186,-30.000,0.283,0
1.775,-30.000,0.266,0
1.353,-30.000,0.249,0
0.942,-30.000,0.232,0
0.534,-30.000,0.216,0
0.121,-30.000,0.199,0
0.570,-30.000,0.183,1
1.001,21.838,0.166,0
1.416,20.676,0.149,0
2.322,19.499,0.132,0
2.594,18.324,0.116,0
2.847,17.161,0.099,0
3.093,16.000,0.083,0
3.362,14.837,0.066,0
3.557,13.653,0.049,0
3.729,12.486,0.033,0
3.886,11.345,0.016,0
4.076,10.176,0.017,0
4.193,8.985,0.019,0
4.193,7.831,0.019,0
4.291,7.831,0.020,0
4.370,6.669,0.022,0
4.480,5.493,0.023,0
4.519,4.331,0.025,0
4.540,3.175,0.027,0
4.554,2.007,0.010,0
4.536,0.838,0.011,0
5.338,-0.331,0.013,0
5.380,-1.486,0.014,0
5.405,-2.663,0.016,0
5.407,-3.818,0.017,0
5.391,-4.999,0.019,0
5.359,-6.178,0.021,0
5.304,-7.318,1.022,0
5.228,-8.486,1.005,0
5.138,-9.669,0.989,0
5.024,-10.817,0.972,0
4.804,-11.994,0.955,0
4.655,-13.162,0.939,0
4.479,-14.317,0.922,0
4.293,-15.507,0.905,0
4.085,-16.655,0.889,0
3.854,-17.817,0.872,0
3.600,-18.987,0.855,0
3.335,-20.171,0.839,0
3.050,-21.330,0.822,0
2.739,-22.486,0.805,0
2.413,-23.665,0.789,0
2.069,-24.831,0.772,0
1.618,-25.993,0.755,0
1.235,-27.154,0.739,0
0.823,-28.317,0.722,0
0.416,-29.501,0.705,0
0.868,-30.000,0.689,1
1.302,21.831,0.672,0
1.712,20.656,0.655,0
2.107,19.497,0.639,0
2.482,18.323,0.622,0
2.835,17.149,0.605,0
3.168,15.985,0.589,0
3.481,14.823,0.572,0
3.689,13.668,0.555,0
3.966,12.501,0.539,0
4.225,11.330,0.522,0
4.459,10.148,0.505,0
4.678,9.001,0.489,0
4.877,7.831,0.472,0
5.054,6.655,0.456,0
5.215,5.507,0.439,0
5.354,4.323,0.422,0
5.475,3.162,0.406,0
5.576,2.007,0.389,0
5.657,0.816,0.372,0
5.632,-0.352,0.355,0
5.676,-1.507,0.339,0
5.699,-2.662,0.322,0
5.615,-3.831,0.305,0
5.425,-5.001,0.289,0
5.215,-6.175,0.272,0
4.986,-7.339,0.255,0
4.737,-8.507,0.239,0
4.470,-9.676,0.222,0
4.184,-10.838,0.205,0
3.875,-12.000,0.189,0
3.548,-13.175,0.172,0
3.291,-14.347,0.155,0
2.927,-15.506,0.139,0
1.801,-16.670,0.122,0
1.494,-17.844,0.105,0
1.174,-19.021,0.089,0
0.834,-20.175,0.072,0
0.419,-21.331,0.055,0
0.039,-22.507,0.039,0
-0.360,-23.669,0.022,0
-0.785,-24.830,0.024,0
-0.458,-26.007,0.025,1
-0.458,21.830,0.025,0
-0.096,21.830,0.026,0
0.224,20.647,0.010,0
0.599,19.499,0.011,0
0.954,21.839,0.013,0
1.242,20.682,0.015,0
1.564,19.514,0.016,0
1.859,18.331,0.018,0
1.530,17.183,0.019,0
1.692,16.007,0.020,0
1.830,14.830,0.022,0
1.949,13.676,0.024,0
2.233,12.521,0.025,1
2.488,21.810,0.027,0
2.812,20.649,0.010,0
3.032,19.486,0.136,0
3.230,18.309,0.136,0
3.406,17.148,0.136,0
3.569,15.993,0.136,0
3.709,14.811,0.136,0
3.833,13.647,0.136,0
3.931,12.457,0.136,0
4.012,11.309,0.136,0
4.073,10.147,0.136,0
4.117,8.993,0.136,0
4.142,7.818,0.136,0
4.232,6.633,0.136,0
4.304,5.493,0.136,0
4.357,4.324,0.136,0
4.390,3.162,0.136,0
4.404,2.001,0.136,0
4.398,0.831,0.136,0
4.373,-0.352,0.136,0
4.327,-1.506,0.136,0
4.264,-2.689,0.136,0
4.180,-3.845,0.136,0
-1.067,21.837,0.011,0
-1.067,20.669,0.011,0
-0.731,20.669,0.012,0
-0.413,19.508,0.014,0
-0.032,18.345,0.015,0
0.276,21.817,0.016,0
0.608,20.648,0.018,0
0.925,19.501,0.020,0
0.617,18.338,0.021,0
0.794,17.155,0.023,0
0.956,16.000,0.024,0
1.099,14.823,0.025,0
1.303,13.642,0.009,0
1.581,12.500,0.011,1
1.840,21.829,0.012,0
2.074,20.655,1.014,0
2.295,19.501,0.997,0
2.493,18.323,0.980,0
2.671,17.161,0.964,0
2.831,15.999,0.947,0
2.972,14.831,0.930,0
3.095,13.662,0.914,0
3.195,12.487,0.897,0
3.278,11.325,0.880,0
3.427,10.149,0.864,0
3.470,8.994,0.847,0
3.494,7.831,0.830,0
3.498,6.662,0.814,0
3.483,5.493,0.797,0
3.448,4.317,0.780,0
3.394,3.161,0.764,0
3.321,2.000,0.747,0
3.228,0.832,0.730,0
3.115,-0.345,0.714,0
2.984,-1.506,0.697,0
2.832,-2.670,0.680,0
2.750,-3.838,0.664,0
2.560,-4.999,0.647,0
2.348,-6.163,0.630,0
2.119,-7.352,0.614,0
1.870,-8.514,0.597,0
1.604,-9.682,0.580,0
1.316,-10.837,0.564,0
1.008,-12.006,0.547,0
0.682,-13.178,0.530,0
0.962,-14.346,0.513,1
1.215,21.822,0.497,0
1.450,20.670,0.480,0
1.756,19.514,0.464,0
1.960,18.346,0.447,0
2.136,17.156,0.430,0
2.296,16.007,0.414,0
2.438,14.838,0.397,0
2.560,13.662,0.380,0
2.661,12.494,0.364,0
2.743,11.332,0.347,0
2.806,10.164,0.330,0
2.847,8.994,0.314,0
2.872,7.847,0.297,0
2.877,6.676,0.280,0
2.862,5.501,0.263,0
2.915,4.325,0.247,0
2.860,3.156,0.230,0
2.787,2.002,0.214,0
2.694,0.846,0.197,0
2.582,-0.336,0.180,0
2.451,-1.498,0.164,0
2.299,-2.660,0.147,0
1.389,-3.830,0.130,0
1.300,-5.006,0.114,0
1.189,-6.155,0.097,0
1.059,-7.341,0.080,0
0.861,-8.514,0.063,0
0.682,-9.675,0.047,0
0.496,-10.831,0.030,0
0.290,-11.993,0.014,0
0.665,-13.155,0.015,1
0.979,21.838,0.017,0
1.317,20.650,0.018,0
1.632,19.479,0.020,0
1.935,18.325,0.021,0
2.158,17.141,0.023,0
2.423,16.001,0.024,0
2.663,14.811,0.025,0
2.271,13.642,0.027,0
2.460,12.488,0.010,0
2.542,11.318,0.012,0
2.603,10.149,0.014,0
2.647,8.994,0.015,0
2.670,7.824,0.017,0
2.670,6.663,0.017,0
2.674,6.663,0.018,0
2.658,5.510,1.020,0
2.624,4.354,1.003,0
2.571,3.191,0.987,0
2.498,2.015,0.970,0
2.405,0.854,0.953,0
2.380,-0.329,0.936,0
2.249,-1.498,0.920,0
2.098,-2.646,0.903,0
1.928,-3.822,0.887,0
1.737,-4.983,0.870,0
1.529,-6.153,0.853,0
1.299,-7.315,0.837,0
1.053,-8.490,0.820,0
0.783,-9.646,0.803,0
0.497,-10.823,0.787,0
0.190,-11.985,0.770,0
-0.135,-13.153,0.753,0
-0.392,-14.315,0.737,0
-0.762,-15.477,0.720,0
-1.144,-16.666,0.703,0
-0.866,-17.822,0.687,1
-0.614,21.831,0.670,0
-0.374,20.683,0.653,0
-0.153,19.507,0.637,0
0.048,18.331,0.620,0
0.223,17.155,0.603,0
0.385,16.008,0.587,0
0.523,14.831,0.570,0
0.650,13.676,0.553,0
0.836,12.478,0.536,0
0.919,11.324,0.520,0
0.979,10.154,0.503,0
1.023,9.007,0.487,0
1.046,7.830,0.470,0
1.050,6.682,0.453,0
1.036,5.514,0.437,0
1.001,4.339,0.420,0
0.948,3.176,0.403,0
0.874,2.001,0.387,0
0.782,0.838,0.370,0
0.670,-0.317,0.353,0
0.626,-1.494,0.337,0
0.474,-2.655,0.320,0
0.302,-3.825,0.303,0
0.114,-5.014,0.287,0
-0.096,-6.155,0.270,0
-0.324,-7.332,0.253,0
-0.572,-8.492,0.237,0
-0.840,-9.654,0.220,0
-0.561,-10.826,0.203,1
-0.302,21.826,0.186,0
-0.065,20.650,0.170,0
0.150,19.486,0.153,0
0.438,18.332,0.137,0
0.325,17.157,0.120,0
0.589,16.002,0.103,0
0.825,14.819,0.087,0
0.998,13.671,0.070,0
1.200,12.494,0.053,0
1.370,11.325,0.036,0
1.507,10.150,0.020,0
1.675,8.988,0.021,0
1.773,7.818,0.023,0
1.851,6.648,0.024,0
1.910,5.488,0.026,0
1.963,4.333,0.010,0
2.034,3.171,0.011,0
2.035,2.003,0.012,0
2.016,0.832,0.014,0
1.979,-0.335,0.015,0
2.761,-1.505,0.017,0
2.784,-2.667,0.018,0
2.788,-3.836,0.020,0
2.772,-5.005,0.022,0
2.737,-6.169,0.023,0
2.682,-7.342,0.024,0
2.609,-8.512,1.026,0
2.427,-9.667,1.009,0
2.317,-10.842,0.993,0
2.182,-11.998,0.976,0
2.632,-13.175,0.959,1
3.066,21.838,0.943,0
3.479,20.662,0.926,0
3.869,19.494,0.909,0
4.243,18.337,0.893,0
4.595,17.168,0.876,0
4.931,16.015,0.859,0
5.246,14.839,0.843,0
5.541,13.675,0.826,0
5.731,12.508,0.809,0
5.992,11.339,0.792,0
6.226,10.141,0.776,0
6.443,8.995,0.759,0
6.641,7.837,0.743,0
6.820,6.676,0.726,0
6.980,5.507,0.709,0
7.120,4.342,0.693,0
7.241,3.170,0.676,0
7.342,2.014,0.659,0
7.424,0.838,0.643,0
7.487,-0.338,0.626,0
7.442,-1.485,0.609,0
7.465,-2.662,0.593,0
7.469,-3.838,0.576,0
7.455,-5.000,0.560,0
7.419,-6.150,0.543,0
7.363,-7.330,0.526,0
7.291,-8.506,0.509,0
7.198,-9.661,0.493,0
7.087,-10.830,0.476,0
6.952,-11.986,0.459,0
6.801,-13.168,0.443,0
6.626,-14.332,0.426,0
6.355,-15.513,0.409,0
6.145,-16.655,0.393,0
5.910,-17.823,0.376,0
5.667,-19.009,0.359,0
5.398,-20.155,0.343,0
5.112,-21.323,0.326,0
4.798,-22.486,0.309,0
4.472,-23.672,0.293,0
4.128,-24.838,0.276,0
3.764,-25.998,0.259,0
3.378,-27.161,0.243,0
2.973,-28.330,0.226,0
2.475,-29.499,0.209,0
2.061,-30.000,0.193,0
1.644,-30.000,0.176,0
1.240,-30.000,0.160,0
0.826,-30.000,0.143,0
0.920,-30.000,0.126,0
1.271,-30.000,0.109,1
1.601,21.836,0.093,0
1.964,20.676,0.076,0
2.256,19.507,0.059,0
2.531,18.344,0.043,0
2.784,17.169,0.026,0
3.032,16.007,0.009,0
3.299,14.837,0.011,0
3.494,13.661,0.012,0
3.670,12.499,0.014,0
3.826,11.330,0.015,0
3.826,10.168,0.015,0
4.011,10.168,0.017,0
4.131,9.020,0.018,0
4.230,7.838,0.020,0
4.308,6.667,0.022,0
5.207,5.512,0.023,0
5.347,4.345,0.025,0
5.468,3.181,0.026,0
5.482,2.020,0.009,0
5.564,0.835,0.011,0
5.627,-0.324,0.013,0
5.668,-1.480,0.014,0
5.693,-2.678,1.016,0
5.698,-3.818,0.999,0
5.683,-4.981,0.982,0
5.648,-6.149,0.966,0
5.593,-7.318,0.949,0
5.519,-8.488,0.932,0
5.427,-9.657,0.916,0
5.313,-10.817,0.899,0
5.094,-11.994,0.882,0
4.941,-13.156,0.865,0
4.771,-14.332,0.849,0
4.580,-15.494,0.832,0
4.367,-16.662,0.815,0
4.143,-17.840,0.799,0
3.896,-18.987,0.782,0
3.623,-20.149,0.765,0
3.337,-21.333,0.749,0
3.029,-22.493,0.732,0
2.707,-23.662,0.716,0
2.355,-24.818,0.699,0
1.906,-26.001,0.682,0
1.518,-27.157,0.665,0
1.118,-28.331,0.649,0
0.707,-29.488,0.632,0
0.290,-30.000,0.615,0
0.742,-30.000,0.599,1
1.172,21.832,0.582,0
1.585,20.671,0.566,0
1.977,19.502,0.549,0
2.349,18.340,0.532,0
2.705,17.178,0.516,0
3.040,16.002,0.499,0
3.267,14.832,0.482,0
3.566,13.671,0.465,0
3.838,12.487,0.449,0
4.095,11.346,0.432,0
4.335,10.178,0.415,0
4.552,8.987,0.399,0
4.751,7.831,0.382,0
4.931,6.655,0.365,0
5.088,5.466,0.349,0
5.229,4.347,0.332,0
5.349,3.156,0.315,0
5.450,1.988,0.299,0
5.444,0.839,0.282,0
5.507,-0.343,0.266,0
5.550,-1.492,0.249,0
5.573,-2.668,0.232,0
5.578,-3.835,0.216,0
5.560,-4.992,0.199,0
5.526,-6.182,0.182,0
5.471,-7.339,0.165,0
5.399,-8.506,0.149,0
5.929,-9.661,0.132,0
5.719,-10.836,0.116,0
5.485,-11.990,0.099,0
5.249,-13.168,0.082,0
5.002,-14.322,0.066,0
4.736,-15.490,0.049,0
4.426,-16.661,0.032,0
4.100,-17.829,0.016,0
3.771,-18.985,0.017,0
3.427,-20.168,0.018,0
3.041,-21.336,0.020,0
3.393,-22.498,0.022,1
3.749,21.831,0.023,0
4.084,20.668,0.025,0
4.378,19.507,0.026,0
4.666,18.338,0.009,0
4.919,17.163,0.011,0
5.877,16.000,0.013,0
6.193,14.843,0.014,0
6.489,13.669,0.016,0
6.766,12.501,0.017,0
7.024,11.331,0.018,0
7.259,10.154,0.020,0
7.477,9.000,1.022,0
7.675,7.839,1.005,0
7.856,6.674,0.988,0
8.014,5.479,0.972,0
8.067,4.331,0.955,0
8.187,3.169,0.938,0
8.289,2.001,0.922,0
8.370,0.830,0.905,0
8.433,-0.324,0.888,0
8.476,-1.492,0.872,0
8.498,-2.662,0.855,0
8.503,-3.845,0.838,0
8.488,-4.999,0.822,0
8.453,-6.155,0.805,0
8.398,-7.330,0.788,0
8.325,-8.499,0.772,0
8.145,-9.662,0.755,0
8.032,-10.823,0.738,0
7.898,-11.992,0.722,0
7.748,-13.169,0.705,0
7.576,-14.331,0.688,0
7.385,-15.500,0.672,0
7.178,-16.669,0.655,0
6.948,-17.824,0.638,0
6.698,-18.995,0.622,0
6.432,-20.163,0.605,0
6.139,-21.325,0.588,0
5.836,-22.508,0.572,0
5.416,-23.662,0.555,0
5.072,-24.846,0.538,0
4.705,-26.006,0.521,0
4.322,-27.176,0.505,0
3.920,-28.337,0.488,0
3.511,-29.499,0.472,0
3.098,-30.000,0.455,0
2.675,-30.000,0.438,0
2.270,-30.000,0.422,0
1.857,-30.000,0.405,0
1.446,-30.000,0.388,0
1.032,-30.000,0.372,0
0.528,-30.000,0.355,0
0.121,-30.000,0.338,0
-0.297,-30.000,0.322,0
0.154,-30.000,0.305,1
0.589,21.833,0.288,0
1.001,20.656,0.271,0
1.387,19.488,0.255,0
1.763,18.347,0.238,0
2.118,17.171,0.222,0
2.452,16.001,0.205,0
2.767,14.839,0.188,0
3.061,13.671,0.172,0
3.253,12.516,0.155,0
3.508,11.325,0.138,0
4.371,10.177,0.122,0
4.489,9.003,0.105,0
4.586,7.831,0.088,0
4.691,6.679,0.072,0
4.776,5.509,0.055,0
4.816,4.333,0.038,0
4.836,3.163,0.022,0
4.863,2.002,0.023,0
4.870,0.839,0.025,0
4.832,-0.323,0.026,0
4.787,-1.491,0.009,0
4.711,-2.674,0.011,0
4.640,-3.822,0.013,0
4.551,-4.991,0.014,0
4.415,-6.152,0.016,0
4.261,-7.322,0.017,0
4.810,-8.491,0.018,0
4.719,-9.675,0.020,0
4.605,-10.822,0.022,0
4.476,-11.998,0.023,0
4.324,-13.152,0.025,0
4.150,-14.322,0.026,0
3.876,-15.499,0.010,0
3.664,-16.652,1.011,0
3.436,-17.828,0.994,0
3.184,-18.990,0.978,0
2.919,-20.167,0.961,0
2.627,-21.322,0.944,0
2.326,-22.504,0.928,0
1.996,-23.653,0.911,0
2.446,-24.829,0.894,1
2.876,21.837,0.878,0
3.289,20.677,0.861,0
3.684,19.508,0.844,0
3.968,18.331,0.828,0
4.325,17.176,0.811,0
4.662,15.993,0.794,0
4.973,14.815,0.778,0
5.268,13.668,0.761,0
5.544,12.508,0.744,0
5.803,11.339,0.728,0
6.040,10.160,0.711,0
6.258,8.993,0.694,0
6.456,7.823,0.677,0
6.635,6.654,0.661,0
6.794,5.492,0.644,0
6.935,4.331,0.627,0
6.967,3.140,0.611,0
7.068,2.007,0.594,0
7.150,0.845,0.577,0
7.212,-0.346,0.561,0
7.254,-1.507,0.544,0
7.278,-2.679,0.527,0
7.282,-3.846,0.511,0
7.268,-5.001,0.494,0
7.232,-6.156,0.478,0
7.178,-7.332,0.461,0
7.104,-8.494,0.444,0
6.923,-9.662,0.428,0
6.810,-10.831,0.411,0
6.679,-12.003,0.394,0
6.521,-13.162,0.377,0
6.357,-14.360,0.361,0
6.163,-15.493,0.344,0
5.957,-16.677,0.328,0
5.729,-17.825,0.311,0
5.476,-18.987,0.294,0
5.207,-20.169,0.278,0
4.923,-21.339,0.261,0
4.610,-22.493,0.244,0
4.195,-23.676,0.227,0
3.851,-24.846,0.211,0
3.484,-26.008,0.194,0
3.104,-27.177,0.178,0
2.694,-28.331,0.161,0
2.287,-29.510,0.144,0
1.048,-30.000,0.128,0
1.427,-30.000,0.111,1
1.779,21.824,0.094,0
2.123,20.677,0.077,0
2.386,19.486,0.061,0
2.687,18.338,0.044,0
2.957,17.163,0.027,0
3.212,15.980,0.011,0
3.453,14.838,0.013,0
3.623,13.668,0.014,0
3.826,12.508,0.016,0
3.826,11.332,0.016,0
3.999,11.332,0.018,0
4.169,10.236,0.019,0
4.265,9.012,0.020,0
4.389,7.828,0.021,0
4.741,6.653,0.024,1
4.503,21.918,0.025,0
4.732,20.697,0.027,0
5.047,19.565,0.010,0
5.241,18.368,0.012,0
5.433,17.223,0.012,0
5.675,15.999,0.019,0
5.738,13.904,0.014,0
5.854,13.578,1.016,0
5.955,12.437,0.999,0
6.038,11.267,0.982,0
6.099,10.082,0.966,0
6.140,8.921,0.949,0
6.162,7.769,0.933,0
6.167,6.605,0.916,0
6.149,5.420,0.899,0
6.202,4.275,0.882,0
6.146,3.084,0.866,0
6.072,1.922,0.849,0
5.977,0.763,0.832,0
5.864,-0.426,0.816,0
5.732,-1.577,0.799,0
5.579,-2.726,0.783,0
5.408,-3.901,0.766,0
5.217,-5.063,0.749,0
5.007,-6.224,0.733,0
4.775,-7.387,0.716,0
4.524,-8.574,0.699,0
4.342,-9.746,0.682,0
4.057,-10.915,0.666,0
3.749,-12.062,0.649,0
3.421,-13.231,0.633,0
3.073,-14.400,0.616,0
2.707,-15.571,0.599,0
2.321,-16.739,0.582,0
1.916,-17.907,0.566,0
1.490,-19.071,0.549,0
1.761,-20.242,0.533,1
2.021,21.855,0.516,0
2.257,20.678,0.499,0
2.565,19.518,0.483,0
2.764,18.342,0.466,0
2.943,17.176,0.449,0
3.103,16.011,0.433,0
3.245,14.849,0.416,0
3.368,13.673,0.399,0
3.468,12.495,0.383,0
3.549,11.341,0.366,0
3.612,10.180,0.349,0
3.656,9.011,0.333,0
3.681,7.848,0.316,0
3.685,6.666,0.299,0
3.756,5.506,0.283,0
3.723,4.355,0.266,0
3.669,3.164,0.249,0
3.596,2.004,0.232,0
3.503,0.834,0.216,0
3.391,-0.320,0.199,0
3.260,-1.483,0.183,0
3.108,-2.652,0.166,0
2.939,-3.834,0.149,0
2.009,-4.982,0.133,0
1.899,-6.152,0.116,0
1.771,-7.327,0.099,0
1.610,-8.489,0.083,0
1.440,-9.651,0.066,0
1.204,-10.833,0.049,0
0.990,-11.996,0.032,0
0.770,-13.195,0.016,0
0.529,-14.335,0.018,0
0.210,-15.482,0.019,0
0.591,-16.665,0.020,1
0.943,21.817,0.022,0
1.281,20.669,0.023,0
1.548,19.500,0.025,0
1.848,18.339,0.026,0
2.117,17.169,0.010,0
2.373,15.993,0.011,0
2.001,14.844,0.013,0
2.126,13.687,0.014,0
2.227,12.499,0.016,0
2.310,11.338,0.017,0
2.371,10.167,0.019,0
2.417,9.013,0.020,0
2.440,7.822,1.022,0
2.444,6.660,1.005,0
2.430,5.493,0.988,0
2.394,4.317,0.972,0
2.428,3.176,0.955,0
2.354,2.007,0.939,0
2.262,0.836,0.922,0
2.149,-0.317,0.905,0
2.018,-1.493,0.889,0
1.867,-2.663,0.872,0
1.697,-3.818,0.855,0
1.505,-4.986,0.838,0
1.297,-6.169,0.822,0
1.067,-7.324,0.805,0
0.820,-8.500,0.789,0
0.550,-9.662,0.772,0
0.350,-10.840,0.755,0
0.045,-12.008,0.739,0
-0.280,-13.162,0.722,0
-0.624,-14.325,0.705,0
-0.991,-15.486,0.689,0
-0.718,-16.662,0.672,1
-0.460,21.845,0.655,0
-0.218,20.675,0.638,0
0.000,19.493,0.622,0
0.197,18.329,0.605,0
0.375,17.169,0.589,0
0.536,16.007,0.572,0
0.764,14.838,0.555,0
0.888,13.668,0.538,0
0.988,12.485,0.522,0
1.068,11.331,0.505,0
1.133,10.176,0.488,0
1.176,8.993,0.472,0
1.200,7.825,0.455,0
1.204,6.661,0.438,0
1.188,5.493,0.422,0
1.154,4.345,0.405,0
1.100,3.161,0.389,0
1.027,2.000,0.372,0
1.021,0.839,0.355,0
0.909,-0.331,0.339,0
0.778,-1.500,0.322,0
0.625,-2.655,0.305,0
0.455,-3.846,0.288,0
0.264,-5.007,0.272,0
0.056,-6.177,0.255,0
-0.173,-7.332,0.239,0
-0.420,-8.496,0.222,0
-0.688,-9.656,0.205,0
-0.980,-10.824,0.188,0
-0.709,-12.016,0.172,1
-0.363,21.852,0.155,0
-0.123,20.684,0.139,0
-0.643,19.509,0.122,0
-0.349,18.340,0.105,0
-0.064,17.192,0.088,0
0.192,16.000,0.072,0
0.385,14.858,0.055,0
0.613,13.677,0.038,0
0.806,12.472,0.022,0
0.989,11.361,0.023,0
1.104,10.185,0.025,0
1.247,9.000,0.026,0
1.357,7.845,0.010,0
1.463,6.691,0.011,0
1.548,5.510,0.013,0
1.563,4.347,0.014,0
1.609,3.184,0.016,0
1.636,2.022,0.017,0
1.033,0.838,0.019,0
0.921,-0.331,0.020,0
0.790,-1.484,0.022,0
0.638,-2.655,0.023,0
0.468,-3.823,0.025,0
0.280,-4.985,0.027,0
0.157,-6.139,0.010,0
-0.073,-7.315,1.011,0
-0.321,-8.492,0.995,0
-0.590,-9.654,0.978,0
-0.318,-10.833,0.961,1
-0.062,21.847,0.945,0
0.181,20.686,0.928,0
0.396,19.502,0.911,0
0.596,18.348,0.895,0
0.774,17.177,0.878,0
0.933,16.017,0.861,0
1.077,14.856,0.845,0
1.285,13.673,0.828,0
1.386,12.511,0.811,0
1.467,11.348,0.795,0
1.532,10.192,0.778,0
1.574,9.011,0.761,0
1.599,7.855,0.745,0
1.604,6.678,0.728,0
1.589,5.517,0.711,0
1.554,4.341,0.695,0
1.501,3.193,0.678,0
1.428,2.010,0.661,0
1.335,0.848,0.645,0
1.310,-0.314,0.628,0
1.179,-1.489,0.611,0
1.028,-2.652,0.595,0
1.303,-3.822,0.578,1
1.563,21.839,0.561,0
1.795,20.663,0.545,0
2.014,19.515,0.528,0
2.217,18.346,0.511,0
2.394,17.163,0.495,0
2.556,16.009,0.478,0
2.696,14.832,0.461,0
2.816,13.671,0.445,0
3.004,12.509,0.428,0
3.088,11.346,0.411,0
3.152,10.168,0.394,0
3.195,8.992,0.378,0
3.218,7.823,0.361,0
3.223,6.670,0.345,0
3.208,5.494,0.328,0
3.173,4.316,0.311,0
3.119,3.162,0.295,0
3.046,2.006,0.278,0
2.953,0.819,0.261,0
2.841,-0.337,0.245,0
2.796,-1.484,0.228,0
2.645,-2.674,0.211,0
2.476,-3.835,0.195,0
2.284,-4.985,0.178,0
2.077,-6.169,0.162,0
1.848,-7.316,0.145,0
0.860,-8.485,0.128,0
0.693,-9.655,0.112,0
0.503,-10.816,0.095,0
0.299,-11.998,0.078,0
0.019,-13.154,0.061,0
0.393,-14.337,0.045,1
0.736,21.845,0.028,0
1.080,20.683,0.011,0
1.392,19.493,0.013,0
1.643,18.353,0.014,0
1.921,17.177,0.016,0
2.187,16.015,0.017,0
2.425,14.824,0.019,0
2.595,13.670,0.020,0
2.795,12.506,0.022,0
2.979,11.353,0.023,0
2.530,10.176,0.025,0
2.575,9.015,0.026,0
2.686,7.839,0.010,0
2.691,6.670,0.011,0
2.676,5.501,0.013,0
2.641,4.338,0.014,0
2.587,3.176,0.016,0
2.514,2.011,1.017,0
2.421,0.846,1.001,0
2.310,-0.316,0.984,0
2.177,-1.479,0.967,0
2.026,-2.668,0.951,0
1.857,-3.830,0.934,0
1.666,-4.986,0.917,0
1.545,-6.161,0.901,0
1.314,-7.316,0.884,0
1.069,-8.499,0.868,0
0.797,-9.647,0.851,0
0.512,-10.838,0.834,0
0.207,-11.992,0.817,0
-0.118,-13.154,0.801,0
0.165,-14.316,0.784,1
0.416,21.810,0.768,0
0.656,20.666,0.751,0
0.876,19.491,0.734,0
1.070,18.316,0.718,0
1.337,17.169,0.701,0
1.500,16.000,0.684,0
1.639,14.817,0.667,0
1.761,13.660,0.651,0
1.862,12.486,0.634,0
1.942,11.317,0.618,0
2.008,10.169,0.601,0
2.050,8.977,0.584,0
2.073,7.816,0.567,0
2.076,6.654,0.551,0
2.061,5.500,0.534,0
2.027,4.336,0.517,0
2.060,3.155,0.501,0
1.987,1.999,0.484,0
1.894,0.837,0.468,0
1.781,-0.332,0.451,0
1.650,-1.522,0.434,0
1.498,-2.669,0.417,0
1.328,-3.845,0.401,0
1.138,-5.000,0.384,0
0.929,-6.170,0.368,0
0.700,-7.332,0.351,0
0.448,-8.501,0.334,0
0.181,-9.686,0.317,0
-0.020,-10.846,0.301,0
-0.324,-12.017,0.284,0
-0.658,-13.170,0.267,0
-0.998,-14.375,0.251,0
-1.364,-15.511,0.234,0
-1.659,-16.684,0.217,0
-1.212,-17.841,0.201,1
-0.774,21.846,0.184,0
-0.363,20.657,0.167,0
0.027,19.495,0.151,0
1.026,18.340,0.134,0
1.287,17.170,0.117,0
1.530,15.974,0.101,0
1.744,14.826,0.084,0
1.963,13.665,0.067,0
2.165,12.503,0.051,0
2.321,11.333,0.034,0
2.460,10.170,0.017,0
2.601,8.996,0.019,0
2.725,7.840,0.020,0
2.804,6.670,0.022,0
2.864,5.503,0.023,0
2.929,4.333,0.025,0
2.974,3.156,0.027,0
2.988,2.003,0.010,0
2.970,0.827,0.011,0
2.932,-0.337,0.013,0
3.600,-1.498,0.014,0
3.624,-2.660,0.016,0
3.627,-3.828,0.017,0
3.612,-5.005,0.019,0
3.577,-6.167,0.020,0
3.523,-7.336,0.022,0
3.443,-8.498,1.023,0
3.354,-9.706,1.007,0
3.242,-10.844,0.990,0
3.022,-12.006,0.973,0
2.871,-13.174,0.957,0
2.702,-14.336,0.940,0
2.513,-15.492,0.924,0
2.301,-16.654,0.907,0
2.073,-17.829,0.890,0
1.824,-18.994,0.874,0
1.557,-20.160,0.857,0
1.266,-21.323,0.840,0
0.958,-22.498,0.823,0
0.634,-23.667,0.807,0
0.275,-24.829,0.790,0
-0.159,-26.027,0.774,0
-0.556,-27.148,0.757,0
-1.015,-28.344,0.735,0
-1.395,-29.830,0.723,0
-1.818,-30.000,0.706,0
-2.223,-30.000,0.689,0
-2.639,-30.000,0.673,0
-3.052,-30.000,0.656,0
-2.600,-30.000,0.639,1
-2.170,21.830,0.623,0
-1.759,20.668,0.606,0
-1.364,19.506,0.589,0
-0.989,18.330,0.572,0
-0.727,17.160,0.556,0
-0.393,16.014,0.539,0
-0.076,14.850,0.523,0
0.219,13.676,0.506,0
0.494,12.513,0.489,0
0.755,11.351,0.472,0
0.990,10.161,0.456,0
1.208,9.013,0.439,0
1.407,7.844,0.423,0
1.585,6.675,0.406,0
1.746,5.521,0.389,0
1.886,4.336,0.372,0
1.919,3.161,0.356,0
2.020,2.000,0.339,0
2.102,0.851,0.322,0
2.164,-0.338,0.306,0
2.207,-1.494,0.289,0
2.231,-2.663,0.273,0
2.236,-3.831,0.256,0
2.219,-4.986,0.239,0
2.184,-6.162,0.223,0
2.130,-7.331,0.206,0
2.055,-8.493,0.189,0
1.878,-9.669,0.173,0
1.764,-10.818,0.156,0
1.633,-11.994,0.139,0
2.104,-13.155,0.123,0
1.833,-14.331,0.106,0
1.546,-15.500,0.089,0
1.256,-16.649,0.072,0
1.626,-17.839,0.056,1
1.961,21.852,0.039,0
2.272,20.676,0.023,0
2.592,19.515,0.024,0
2.890,18.339,0.026,0
3.144,17.176,0.027,0
3.392,16.008,0.010,0
3.606,14.838,0.012,0
3.829,13.677,0.013,0
3.829,12.499,0.013,0
4.031,12.499,0.015,0
4.186,11.329,0.017,0
4.323,10.175,0.018,0
5.166,9.005,0.020,0
5.365,7.841,0.021,0
5.543,6.668,0.023,0
5.703,5.512,0.024,0
5.843,4.343,0.026,0
5.964,3.175,0.027,0
5.978,1.999,0.010,0
6.060,0.837,1.012,0
6.122,-0.325,0.995,0
6.165,-1.495,0.978,0
6.188,-2.670,0.962,0
6.192,-3.833,0.945,0
6.176,-5.001,0.928,0
6.141,-6.170,0.912,0
6.089,-7.339,0.895,0
6.013,-8.488,0.878,0
5.921,-9.670,0.862,0
5.807,-10.826,0.845,0
5.589,-12.001,0.829,0
5.435,-13.163,0.812,0
5.267,-14.340,0.795,0
5.072,-15.494,0.778,0
4.863,-16.678,0.762,0
4.635,-17.839,0.745,0
4.386,-19.001,0.728,0
4.121,-20.170,0.712,0
3.828,-21.326,0.695,0
3.522,-22.509,0.678,0
3.200,-23.670,0.662,0
2.855,-24.825,0.645,0
2.405,-25.989,0.629,0
2.013,-27.150,0.612,0
1.605,-28.333,0.595,0
1.197,-29.509,0.579,0
0.783,-30.000,0.562,0
0.378,-30.000,0.545,0
-0.038,-30.000,0.529,0
-0.449,-30.000,0.512,0
-0.866,-30.000,0.495,0
-1.274,-30.000,0.479,0
-1.690,-30.000,0.462,0
-2.100,-30.000,0.445,0
-2.607,-30.000,0.428,0
-3.018,-30.000,0.412,0
-3.426,-30.000,0.395,0
-2.970,-30.000,0.378,1
-2.542,21.817,0.362,0
-2.129,20.662,0.345,0
-1.734,19.494,0.328,0
-1.360,18.317,0.312,0
-1.009,17.147,0.295,0
-0.673,15.992,0.278,0
-0.361,14.817,0.262,0
-0.063,13.668,0.245,0
0.126,12.486,0.228,0
0.383,11.317,0.212,0
0.618,10.148,0.195,0
0.836,8.994,0.179,0
1.035,7.825,0.162,0
1.213,6.648,0.145,0
1.883,5.486,0.129,0
1.923,4.328,0.112,0
1.943,3.162,0.095,0
1.995,1.993,0.079,0
1.976,0.837,0.062,0
1.951,-0.331,0.045,0
1.894,-1.494,0.029,0
1.817,-2.669,0.012,0
1.771,-3.846,0.013,0
1.656,-5.008,0.015,0
1.521,-6.170,0.017,0
1.875,-7.332,0.018,1
2.259,21.824,0.019,0
2.566,20.648,0.021,0
2.863,19.501,0.022,0
3.135,18.318,0.024,0
4.226,17.156,0.026,0
4.562,16.000,0.027,0
4.562,14.824,0.027,0
4.790,14.824,0.010,0
5.085,13.655,0.012,0
5.359,12.491,0.014,0
5.617,11.338,0.015,0
5.854,10.162,0.017,0
6.072,9.000,1.018,0
6.270,7.831,1.001,0
6.448,6.669,0.985,0
6.609,5.507,0.968,0
6.748,4.324,0.951,0
6.869,3.169,0.935,0
6.970,1.986,0.918,0
6.965,0.824,0.901,0
7.027,-0.331,0.885,0
7.070,-1.494,0.868,0
7.093,-2.669,0.851,0
7.096,-3.839,0.835,0
7.081,-5.007,0.818,0
7.047,-6.169,0.801,0
6.993,-7.332,0.785,0
6.918,-8.494,0.768,0
6.825,-9.669,0.751,0
6.708,-10.831,0.734,0
6.578,-12.022,0.718,0
6.342,-13.176,0.701,0
6.170,-14.332,0.685,0
5.979,-15.501,0.668,0
5.766,-16.669,0.651,0
5.540,-17.845,0.635,0
5.291,-19.001,0.618,0
5.024,-20.169,0.601,0
4.735,-21.331,0.585,0
4.427,-22.500,0.568,0
4.102,-23.669,0.551,0
3.755,-24.832,0.535,0
3.389,-26.001,0.518,0
2.916,-27.169,0.501,0
2.504,-28.338,0.484,0
2.100,-29.522,0.468,0
1.686,-30.000,0.451,0
1.269,-30.000,0.435,0
0.864,-30.000,0.418,0
0.445,-30.000,0.401,0
0.037,-30.000,0.385,0
-0.380,-30.000,0.368,0
-0.787,-30.000,0.351,0
-1.204,-30.000,0.335,0
-0.752,-30.000,0.318,1
-0.411,21.831,0.301,0
0.002,20.676,0.285,0
0.397,19.507,0.268,0
0.768,18.331,0.251,0
1.125,17.176,0.235,0
1.459,15.993,0.218,0
1.774,14.832,0.201,0
2.070,13.662,0.185,0
2.343,12.493,0.168,0
2.602,11.345,0.151,0
3.350,10.169,0.135,0
3.467,9.000,0.118,0
3.579,7.845,0.101,0
3.658,6.669,0.085,0
3.767,5.500,0.068,0
3.807,4.331,0.051,0
3.828,3.169,0.035,0
3.829,2.007,0.018,0
3.861,0.845,0.020,0
3.822,-0.332,0.021,0
3.822,-1.515,0.021,0
3.766,-1.515,0.023,0
3.688,-2.670,0.024,0
3.642,-3.853,0.025,0
3.527,-5.008,0.027,0
3.403,-6.171,0.010,0
3.248,-7.354,0.012,0
3.077,-8.523,0.013,0
3.720,-9.670,0.015,0
3.609,-10.853,0.016,0
3.476,-12.008,0.018,0
3.324,-13.177,0.019,0
3.154,-14.346,0.021,0
2.962,-15.508,0.022,0
2.752,-16.678,1.024,0
2.523,-17.846,1.007,0
2.272,-19.008,0.990,0
1.919,-20.184,0.974,0
2.371,-21.340,0.957,1
2.800,21.832,0.941,0
3.214,20.676,0.924,0
3.609,19.500,0.907,0
3.980,18.325,0.891,0
4.336,17.169,0.874,0
4.672,15.993,0.857,0
4.984,14.817,0.841,0
5.280,13.670,0.824,0
5.557,12.500,0.807,0
5.812,11.325,0.791,0
5.963,10.170,0.774,0
6.181,8.994,0.757,0
6.380,7.825,0.740,0
6.558,6.655,0.724,0
6.718,5.501,0.707,0
6.857,4.322,0.691,0
6.978,3.176,0.674,0
7.079,2.000,0.657,0
7.161,0.839,0.641,0
7.223,-0.338,0.624,0
7.265,-1.514,0.607,0
7.289,-2.691,0.590,0
7.205,-3.844,0.574,0
7.190,-5.013,0.557,0
7.155,-6.176,0.541,0
7.099,-7.338,0.524,0
7.027,-8.514,0.507,0
6.932,-9.669,0.490,0
6.821,-10.845,0.474,0
6.689,-11.999,0.457,0
6.540,-13.168,0.441,0
6.367,-14.324,0.424,0
6.177,-15.499,0.407,0
5.965,-16.662,0.391,0
5.646,-17.837,0.374,0
5.398,-19.013,0.357,0
5.130,-20.175,0.341,0
4.840,-21.339,0.324,0
4.452,-22.513,0.307,0
3.945,-23.661,0.291,0
3.429,-24.844,0.274,0
2.888,-25.999,0.257,0
2.324,-27.168,0.241,0
1.744,-28.344,0.224,0
1.164,-29.514,0.207,0
0.576,-30.000,0.191,0
0.069,-30.000,0.174,0
0.344,-30.000,0.157,1
0.600,21.839,0.141,0
0.099,20.677,0.124,0
0.418,19.509,0.107,0
0.719,18.340,0.090,0
0.997,17.162,0.074,0
1.205,16.002,0.057,0
1.446,14.846,0.041,0
1.666,13.678,0.024,0
1.869,12.522,0.025,0
2.002,11.346,0.027,0
2.152,10.177,0.010,0
2.294,9.007,0.012,0
2.420,7.854,0.013,0
2.524,6.670,0.015,0
2.559,5.502,0.016,0
2.624,4.346,0.018,0
2.671,3.184,0.019,0
2.087,2.001,0.021,0
1.994,0.846,0.023,0
1.882,-0.315,0.024,0
1.751,-1.485,0.025,0
1.600,-2.654,0.027,0
1.517,-3.811,0.010,0
1.327,-4.979,0.012,0
1.116,-6.148,0.136,0
0.888,-7.331,0.136,0
0.639,-8.491,0.136,0
0.916,-9.664,0.136,1
1.169,21.832,0.136,0
1.406,20.679,0.136,0
1.625,19.516,0.136,0
1.825,18.348,0.136,0
2.003,17.179,0.136,0
2.167,16.017,0.136,0
2.395,14.834,0.136,0
2.517,13.663,0.136,0
2.704,12.495,0.136,0
2.873,11.341,0.136,0
3.023,10.172,0.136,0
3.155,9.010,0.136,0
3.266,7.835,0.136,0
3.356,6.664,0.136,0
3.429,5.517,0.136,0
3.482,4.341,0.136,0
3.516,3.172,0.136,0
3.498,12.486,0.011,0
3.681,11.338,0.012,0
3.681,10.163,0.012,0
3.845,10.163,0.014,0
3.987,8.987,0.015,0
4.061,7.832,0.017,0
4.165,6.663,0.018,0
4.250,5.494,0.020,0
3.705,4.324,0.021,0
3.651,3.149,0.023,0
3.577,1.990,0.024,0
3.484,0.838,0.026,0
3.372,-0.331,0.027,0
3.328,-1.514,0.011,0
3.175,-2.669,0.012,0
3.005,-3.852,1.014,0
2.815,-5.006,0.997,0
2.606,-6.175,0.980,0
2.379,-7.338,0.964,0
2.128,-8.487,0.947,0
2.401,-9.676,0.930,1
2.656,21.845,0.914,0
2.899,20.687,0.897,0
3.120,19.500,0.880,0
3.317,18.324,0.864,0
3.583,17.162,0.847,0
3.742,16.000,0.830,0
3.881,14.836,0.814,0
4.004,13.678,0.797,0
4.106,12.501,0.780,0
4.188,11.330,0.764,0
4.251,10.170,0.747,0
4.294,9.001,0.730,0
4.317,7.831,0.714,0
4.322,6.677,0.697,0
4.307,5.501,0.680,0
4.360,4.339,0.664,0
4.306,3.169,0.647,0
4.233,2.008,0.630,0
4.140,0.830,0.614,0
4.028,-0.330,0.597,0
3.896,-1.499,0.580,0
3.746,-2.668,0.564,0
3.574,-3.823,0.547,0
3.385,-5.006,0.530,0
3.174,-6.161,0.514,0
2.946,-7.338,0.497,0
2.696,-8.499,0.480,0
2.517,-9.675,0.464,0
2.223,-10.831,0.446,0
1.928,-12.037,0.431,0
1.287,-13.142,0.400,0
1.236,-15.279,0.397,0
0.869,-15.507,0.380,0
0.487,-16.683,0.364,0
0.087,-17.837,0.347,0
-0.339,-18.992,0.330,0
-0.066,-20.168,0.314,1
0.193,21.844,0.297,0
0.433,20.673,0.280,0
0.652,19.499,0.264,0
0.936,18.330,0.247,0
1.115,17.168,0.230,0
1.277,16.006,0.214,0
1.414,14.830,0.197,0
1.539,13.681,0.180,0
1.639,12.492,0.164,0
1.720,11.336,0.147,0
1.046,10.175,0.130,0
1.187,8.992,0.114,0
1.313,7.845,0.097,0
1.312,6.657,0.047,0
1.369,1.410,0.015,0
1.372,1.152,0.021,0
1.371,0.899,0.024,0
0.792,0.640,0.011,0
0.532,0.382,0.015,0
0.268,0.125,1.020,0
0.000,-0.131,0.970,0
-0.185,-0.386,0.920,0
-0.462,-0.643,0.870,0
-0.743,-0.902,0.820,0
-1.028,-1.157,0.770,0
-1.231,-1.412,0.720,0
-1.365,-1.669,0.704,0
-1.520,-2.826,0.687,0
-1.238,-4.007,0.670,1
-0.984,21.817,0.653,0
-0.746,20.662,0.637,0
-0.528,19.492,0.620,0
-0.331,18.325,0.603,0
-0.155,17.167,0.587,0
0.010,16.014,0.570,0
0.147,14.823,0.554,0
0.356,13.676,0.537,0
0.459,12.507,0.520,0
0.542,11.331,0.503,0
0.604,10.162,0.487,0
0.648,8.999,0.470,0
0.671,7.824,0.453,0
0.675,6.662,0.437,0
0.660,5.507,0.420,0
0.625,4.330,0.404,0
0.572,3.176,0.387,0
0.498,2.006,0.370,0
0.769,0.822,0.354,1
1.119,21.853,0.337,0
1.354,20.667,0.320,0
1.572,19.510,0.304,0
1.771,18.347,0.287,0
1.952,17.179,0.270,0
2.109,16.009,0.254,0
2.252,14.855,0.237,0
2.375,13.678,0.220,0
2.476,12.502,0.203,0
2.558,11.340,0.187,0
2.620,10.175,0.170,0
2.663,9.016,0.154,0
2.776,7.855,0.137,0
2.491,6.671,0.120,0
2.575,5.502,0.104,0
2.641,4.355,0.087,0
2.637,3.186,0.070,0
2.664,2.016,0.053,0
2.659,0.847,0.037,0
2.622,-0.329,0.020,0
2.615,-1.483,0.022,0
2.538,-2.646,0.023,0
2.441,-3.815,0.025,0
2.326,-4.997,0.026,0
2.204,-6.160,0.009,0
2.099,-7.329,0.011,0
1.926,-8.497,0.012,0
1.735,-9.660,0.014,0
1.519,-10.815,0.015,0
2.131,-11.998,0.017,0
1.976,-13.145,0.019,0
1.804,-14.329,0.020,0
1.617,-15.498,0.022,0
1.406,-16.652,0.023,0
1.860,-17.821,0.025,1
2.291,21.824,1.026,0
2.614,20.662,1.010,0
3.009,19.500,0.993,0
3.382,18.324,0.976,0
3.732,17.162,0.960,0
4.068,16.011,0.943,0
4.382,14.838,0.926,0
4.678,13.675,0.910,0
4.956,12.507,0.893,0
5.210,11.329,0.877,0
5.449,10.188,0.860,0
5.668,9.006,0.843,0
5.867,7.829,0.826,0
5.956,6.654,0.810,0
6.117,5.520,0.793,0
6.257,4.338,0.776,0
6.378,3.175,0.760,0
6.479,2.000,0.743,0
6.561,0.830,0.726,0
6.622,-0.324,0.709,0
6.665,-1.516,0.693,0
6.689,-2.676,0.676,0
6.694,-3.839,0.660,0
6.676,-4.987,0.643,0
6.643,-6.177,0.626,0
6.500,-7.331,0.609,0
6.426,-8.507,0.593,0
6.334,-9.676,0.576,0
6.221,-10.831,0.560,0
6.090,-12.000,0.543,0
5.939,-13.162,0.526,0
5.768,-14.324,0.510,0
5.573,-15.493,0.493,0
5.368,-16.676,0.476,0
5.134,-17.824,0.459,0
4.889,-19.008,0.443,0
4.618,-20.163,0.426,0
4.241,-21.339,0.409,0
3.936,-22.509,0.393,0
3.611,-23.670,0.376,0
3.267,-24.831,0.360,0
2.901,-25.993,0.343,0
2.512,-27.162,0.326,0
2.106,-28.338,0.309,0
1.696,-29.507,0.293,0
1.288,-30.000,0.276,0
0.868,-30.000,0.259,0
0.463,-30.000,0.243,0
0.042,-30.000,0.226,0
0.405,-30.000,0.209,1
0.835,21.838,0.193,0
1.248,20.678,0.176,0
1.638,19.509,0.160,0
2.017,18.354,0.143,0
2.879,17.164,0.126,0
3.113,16.010,0.110,0
3.329,14.848,0.093,0
3.576,13.679,0.076,0
3.751,12.503,0.060,0
3.906,11.340,0.043,0
4.046,10.192,0.026,0
4.176,9.003,0.010,0
4.325,7.847,0.011,0
4.325,6.671,0.011,0
4.405,6.671,0.012,0
4.463,5.494,0.014,0
4.504,4.346,0.016,0
4.575,3.171,0.017,0
4.576,1.995,0.018,0
4.557,0.826,0.020,0
4.520,-0.329,0.022,0
5.302,-1.490,0.023,0
5.325,-2.654,0.025,0
5.329,-3.837,0.026,0
5.225,-5.005,0.009,0
5.193,-6.182,0.011,0
5.138,-7.322,0.013,0
5.064,-8.491,0.014,0
4.972,-9.660,1.016,0
4.859,-10.822,0.999,0
4.727,-11.992,0.982,0
4.571,-13.154,0.965,0
4.403,-14.346,0.949,0
4.211,-15.498,0.932,0
4.003,-16.668,0.916,0
3.777,-17.830,0.899,0
3.438,-18.985,0.882,0
3.167,-20.160,0.865,0
2.883,-21.337,0.849,0
2.573,-22.491,0.832,0
2.251,-23.667,0.816,0
1.904,-24.822,0.799,0
1.528,-25.991,0.782,0
1.155,-27.183,0.766,0
0.750,-28.322,0.749,0
0.330,-29.491,0.732,0
-0.081,-30.000,0.715,0
-0.489,-30.000,0.699,0
-0.990,-30.000,0.682,0
-1.407,-30.000,0.665,0
-0.959,-30.000,0.649,1
-0.527,21.845,0.632,0
-0.113,20.677,0.616,0
0.279,19.507,0.599,0
0.653,18.345,0.582,0
1.010,17.175,0.565,0
1.341,15.992,0.549,0
1.658,14.845,0.532,0
1.953,13.668,0.516,0
2.229,12.507,0.499,0
2.398,11.338,0.482,0
2.635,10.177,0.466,0
2.853,9.013,0.449,0
3.052,7.846,0.432,0
3.231,6.677,0.416,0
3.391,5.513,0.399,0
3.531,4.339,0.382,0
3.652,3.170,0.366,0
3.753,2.014,0.349,0
3.835,0.845,0.332,0
3.897,-0.331,0.316,0
3.940,-1.492,0.299,0
3.876,-2.662,0.282,0
3.881,-3.831,0.266,0
3.865,-4.986,0.249,0
3.829,-6.162,0.232,0
3.776,-7.339,0.216,0
3.702,-8.493,0.199,0
3.607,-9.661,0.182,0
3.498,-10.838,0.166,0
3.363,-11.987,0.149,0
3.839,-13.168,0.132,0
3.564,-14.323,0.115,0
3.274,-15.507,0.099,0
2.976,-16.669,0.082,0
2.678,-17.838,0.066,0
3.056,-18.985,0.049,1
3.391,21.827,0.032,0
3.698,20.646,0.016,0
4.016,19.500,0.017,0
4.318,18.331,0.018,0
4.568,17.148,0.020,0
4.806,16.000,0.021,0
5.046,14.817,0.023,0
5.263,13.647,0.025,0
5.442,12.500,0.026,0
5.610,11.314,0.009,0
5.746,10.155,0.011,0
6.590,8.998,0.012,0
6.787,7.817,0.014,0
6.967,6.667,0.015,0
7.126,5.485,0.017,0
7.266,4.330,0.019,0
7.386,3.168,0.020,0
7.487,2.006,1.021,0
7.569,0.817,1.005,0
7.631,-0.347,0.988,0
7.674,-1.507,0.972,0
7.610,-2.676,0.955,0
7.614,-3.838,0.938,0
7.597,-5.001,0.921,0
7.563,-6.183,0.905,0
7.509,-7.338,0.888,0
7.435,-8.500,0.872,0
7.340,-9.669,0.855,0
7.228,-10.845,0.838,0
7.094,-12.007,0.821,0
6.943,-13.184,0.805,0
6.771,-14.345,0.788,0
6.580,-15.514,0.771,0
6.284,-16.684,0.755,0
6.057,-17.845,0.738,0
5.804,-19.000,0.721,0
5.547,-20.183,0.705,0
5.259,-21.312,0.689,0
4.942,-22.480,0.672,0
4.504,-23.677,0.651,0
4.271,-25.138,0.638,0
3.899,-26.001,0.621,0
3.516,-27.183,0.605,0
3.117,-28.345,0.588,0
2.703,-29.500,0.572,0
2.196,-30.000,0.555,0
1.791,-30.000,0.538,0
1.374,-30.000,0.522,0
0.958,-30.000,0.505,0
0.546,-30.000,0.488,0
0.133,-30.000,0.471,0
-0.274,-30.000,0.455,0
-0.686,-30.000,0.438,0
-1.102,-30.000,0.422,0
-1.519,-30.000,0.405,0
-1.071,-30.000,0.388,1
-0.640,21.844,0.372,0
-0.312,20.683,0.355,0
0.078,19.507,0.338,0
0.453,18.352,0.322,0
0.808,17.176,0.305,0
1.143,16.007,0.288,0
1.457,14.838,0.272,0
1.755,13.676,0.255,0
2.028,12.500,0.238,0
2.286,11.352,0.222,0
2.525,10.176,0.205,0
2.741,8.999,0.188,0
2.940,7.852,0.172,0
3.031,6.682,0.155,0
3.192,5.520,0.138,0
3.957,4.338,0.122,0
3.978,3.173,0.105,0
3.979,2.007,0.088,0
3.986,0.852,0.071,0
3.973,-0.332,0.055,0
3.916,-1.487,0.038,0
3.839,-2.656,0.021,0
3.769,-3.832,0.023,0
3.677,-4.994,0.024,0
3.544,-6.171,0.026,0
3.401,-7.325,0.009,0
3.230,-8.500,0.011,0
3.058,-9.649,0.012,0
2.874,-10.839,0.014,0
2.643,-11.987,0.016,0
2.997,-13.149,0.017,1
4.053,21.823,0.019,0
4.464,20.656,0.020,0
4.861,19.494,0.021,0
5.235,18.309,0.023,0
5.584,17.140,0.025,0
5.920,15.993,0.026,0
6.147,14.817,0.009,0
6.441,13.655,1.011,0
6.718,12.500,0.994,0
6.974,11.324,0.978,0
7.211,10.163,0.961,0
7.430,9.001,0.944,0
7.629,7.817,0.927,0
7.806,6.649,0.911,0
7.966,5.493,0.894,0
8.106,4.324,0.878,0
8.226,3.155,0.861,0
8.327,2.001,0.844,0
8.322,0.829,0.828,0
8.383,-0.344,0.811,0
8.426,-1.520,0.794,0
8.450,-2.682,0.778,0
8.454,-3.837,0.761,0
8.439,-5.001,0.744,0
8.403,-6.168,0.728,0
8.349,-7.337,0.711,0
8.274,-8.506,0.694,0
8.179,-9.675,0.677,0
8.070,-10.851,0.661,0
7.936,-12.000,0.644,0
7.698,-13.176,0.628,0
7.526,-14.338,0.611,0
7.333,-15.507,0.594,0
7.126,-16.683,0.578,0
6.898,-17.837,0.561,0
6.644,-18.999,0.544,0
6.379,-20.183,0.528,0
6.090,-21.337,0.511,0
5.785,-22.507,0.494,0
5.458,-23.668,0.478,0
5.108,-24.837,0.461,0
4.747,-26.013,0.444,0
4.271,-27.168,0.428,0
3.868,-28.344,0.411,0
3.451,-29.506,0.394,0
3.038,-30.000,0.377,0
2.623,-30.000,0.361,0
2.213,-30.000,0.344,0
1.799,-30.000,0.327,0
1.394,-30.000,0.311,0
0.979,-30.000,0.294,0
0.561,-30.000,0.277,0
0.155,-30.000,0.261,0
-0.261,-30.000,0.244,0
0.098,-30.000,0.228,1
0.534,21.851,0.211,0
0.945,20.670,0.194,0
1.342,19.507,0.177,0
1.712,18.324,0.161,0
2.067,17.171,0.144,0
1.573,16.001,0.128,0
1.815,14.846,0.111,0
2.038,13.671,0.094,0
2.239,12.494,0.078,0
2.370,11.330,0.061,0
2.532,10.171,0.044,0
2.664,9.008,0.028,0
2.787,7.832,0.011,0
2.893,6.676,0.012,0
2.927,5.493,0.014,0
2.993,4.332,0.015,0
3.039,3.163,0.017,0
3.065,1.994,0.019,0
3.023,0.832,0.020,0
3.010,-0.323,0.022,0
2.978,-1.500,0.023,0
2.316,-2.668,0.025,0
2.147,-3.837,0.026,0
2.042,-4.992,0.009,0
1.834,-6.175,0.011,0
1.605,-7.330,0.012,0
1.355,-8.499,0.014,0
1.088,-9.675,0.015,0
0.800,-10.837,1.017,0
0.495,-12.006,1.000,0
0.774,-13.162,0.984,1
1.030,21.825,0.967,0
1.265,20.663,0.951,0
1.489,19.508,0.934,0
1.687,18.318,0.917,0
1.949,17.155,0.901,0
2.110,16.007,0.884,0
2.253,14.839,0.867,0
2.374,13.656,0.850,0
2.475,12.487,0.834,0
2.557,11.325,0.817,0
2.833,10.156,0.800,1
3.089,21.838,0.784,0
3.329,20.675,0.767,0
3.546,19.499,0.750,0
3.742,18.337,0.734,0
3.922,17.183,0.717,0
4.173,16.014,0.700,0
4.311,14.831,0.684,0
4.434,13.676,0.667,0
4.536,12.500,0.650,0
4.617,11.331,0.634,0
4.678,10.170,0.617,0
4.723,9.021,0.600,0
4.746,7.839,0.584,0
4.751,6.682,0.567,0
4.737,5.514,0.550,0
4.702,4.345,0.534,0
4.649,3.182,0.517,0
4.662,2.000,0.500,0
4.570,0.831,0.484,0
4.457,-0.318,0.467,0
4.326,-1.500,0.450,0
4.176,-2.655,0.434,0
4.005,-3.816,0.417,0
3.814,-4.986,0.400,0
3.606,-6.162,0.384,0
3.376,-7.318,0.367,0
3.125,-8.494,0.350,0
2.861,-9.678,0.334,0
2.576,-10.825,0.317,0
2.360,-11.980,0.301,0
2.028,-13.128,0.284,0
1.684,-14.324,0.267,0
1.317,-15.488,0.250,0
0.936,-16.663,0.234,0
0.531,-17.817,0.217,0
0.809,-18.985,0.200,1
1.065,21.831,0.184,0
1.303,20.668,0.167,0
1.524,19.500,0.150,0
0.982,18.323,0.134,0
1.260,17.161,0.117,0
1.509,15.999,0.100,0
1.749,14.823,0.084,0
1.969,13.662,0.067,0
2.123,12.499,0.050,0
2.304,11.316,0.034,0
2.467,10.155,0.017,0
2.608,8.990,0.019,0
2.684,7.836,0.020,0
2.787,6.654,0.022,0
2.872,5.499,0.023,0
2.937,4.324,0.025,0
2.934,3.167,0.026,0
2.947,1.986,0.009,0
2.954,0.823,0.011,0
2.942,-0.345,0.012,0
2.299,-1.507,0.014,0
2.148,-2.683,0.016,0
1.977,-3.839,0.017,0
1.787,-5.016,0.019,0
1.579,-6.176,0.020,0
1.349,-7.332,0.022,0
1.100,-8.507,1.023,0
1.379,-9.671,1.006,1
1.634,21.826,0.990,0
1.959,20.669,0.973,0
2.176,19.500,0.957,0
2.379,18.339,0.940,0
2.558,17.157,0.923,0
2.716,15.988,0.906,0
2.857,14.833,0.890,0
2.978,13.664,0.873,0
3.081,12.494,0.856,0
3.161,11.318,0.840,0
3.224,10.170,0.823,0
3.266,8.999,0.807,0
3.291,7.840,0.790,0
3.382,6.671,0.773,0
3.368,5.507,0.756,0
3.333,4.318,0.740,0
3.279,3.156,0.723,0
3.206,1.994,0.706,0
3.113,0.825,0.690,0
3.000,-0.336,0.673,0
3.273,-1.513,0.656,1
3.530,21.846,0.640,0
3.770,20.682,0.623,0
3.985,19.507,0.607,0
4.187,18.353,0.590,0
4.453,17.176,0.573,0
4.614,16.013,0.556,0
4.753,14.839,0.540,0
4.877,13.684,0.523,0
4.976,12.500,0.507,0
5.059,11.352,0.490,0
5.122,10.177,0.473,0
5.166,9.015,0.456,0
5.189,7.839,0.440,0
5.195,6.683,0.423,0
5.180,5.501,0.406,0
5.145,4.338,0.390,0
5.179,3.184,0.373,0
5.105,2.007,0.356,0
5.013,0.838,0.340,0
4.901,-0.317,0.323,0
4.769,-1.481,0.306,0
4.618,-2.654,0.290,0
4.448,-3.831,0.273,0
4.257,-4.986,0.256,0
4.048,-6.161,0.240,0
3.818,-7.325,0.223,0
3.574,-8.499,0.207,0
3.303,-9.641,0.190,0
3.105,-10.830,0.173,0
2.799,-11.985,0.157,0
2.473,-13.148,0.140,0
1.384,-14.316,0.123,0
1.122,-15.500,0.106,0
0.836,-16.654,0.090,0
0.535,-17.830,0.073,0
0.161,-18.985,0.056,0
-0.184,-20.155,0.040,0
-0.541,-21.330,0.023,0
-0.161,-22.479,0.025,1
0.149,21.822,0.026,0
0.474,20.646,0.009,0
0.789,19.479,0.011,0
1.089,18.325,0.012,0
1.366,17.149,0.014,0
1.576,15.993,0.016,0
1.818,14.825,0.017,0
2.040,13.649,0.018,0
1.627,12.480,0.020,0
1.711,11.332,0.022,0
1.773,10.155,0.023,0
1.816,8.994,0.025,0
1.841,7.825,0.026,0
1.931,6.649,0.010,0
1.916,5.494,0.011,0
1.881,4.332,1.013,0
1.828,3.169,0.996,0
1.754,1.980,0.979,0
1.661,0.832,0.963,0
1.549,-0.339,0.946,0
1.417,-1.506,0.929,0
1.265,-2.675,0.912,0
1.093,-3.845,0.896,0
0.904,-5.023,0.879,0
0.695,-6.182,0.863,0
1.060,-7.338,0.846,1
1.318,21.831,0.829,0
1.554,20.662,0.813,0
1.773,19.500,0.796,0
1.974,18.332,0.779,0
2.154,17.156,0.762,0
2.310,15.985,0.746,0
2.451,14.838,0.729,0
2.571,13.668,0.713,0
2.672,12.507,0.696,0
2.757,11.344,0.679,0
2.823,10.156,0.662,0
3.183,8.963,0.646,1
3.437,21.846,0.629,0
3.673,20.692,0.613,0
3.890,19.534,0.596,0
4.090,18.373,0.579,0
4.273,17.206,0.562,0
4.431,16.022,0.546,0
4.572,14.868,0.529,0
4.696,13.706,0.512,0
4.796,12.523,0.496,0
4.878,11.368,0.479,0
4.944,10.211,0.462,0
5.074,9.023,0.446,0
5.099,7.867,0.429,0
5.103,6.682,0.412,0
5.088,5.529,0.396,0
5.054,4.368,0.379,0
5.001,3.212,0.363,0
4.928,2.043,0.346,0
4.835,0.874,0.329,0
4.725,-0.323,0.313,0
4.593,-1.458,0.296,0
4.442,-2.638,0.279,0
4.272,-3.808,0.262,0
4.170,-4.970,0.246,0
3.961,-6.138,0.229,0
3.735,-7.301,0.213,0
3.491,-8.450,0.196,0
3.142,-9.592,0.173,0
2.926,-11.228,0.162,0
2.624,-11.977,0.146,0
1.559,-13.126,0.129,0
1.308,-14.294,0.112,0
1.044,-15.485,0.096,0
0.763,-16.646,0.079,0
0.407,-17.801,0.062,0
0.073,-18.977,0.046,0
-0.270,-20.139,0.029,0
-0.633,-21.309,0.012,0
-0.258,-22.478,0.014,1
-0.258,21.838,0.014,0
0.050,21.838,0.015,0
0.392,20.669,0.017,0
0.709,19.487,0.018,0
1.007,18.325,0.020,0
1.235,17.163,0.021,0
1.497,15.999,0.023,0
1.736,14.825,0.024,0
1.348,13.661,0.026,0
1.534,12.486,0.009,0
1.811,11.337,0.011,1
2.077,21.832,0.012,0
2.307,20.634,0.014,0
2.525,19.493,0.015,0
2.725,18.329,0.017,0
2.902,17.155,1.018,0
3.062,16.001,1.002,0
3.206,14.832,0.985,0
3.325,13.649,0.968,0
3.426,12.493,0.952,0
3.511,11.330,0.935,0
3.658,10.141,0.918,0
3.701,8.994,0.902,0
3.725,7.830,0.885,0
3.730,6.663,0.868,0
3.714,5.487,0.852,0
3.680,4.324,0.835,0
3.626,3.155,0.818,0
3.552,1.980,0.802,0
3.459,0.832,0.785,0
3.347,-0.337,0.768,0
3.214,-1.507,0.751,0
3.063,-2.689,0.735,0
2.980,-3.844,0.718,0
2.790,-5.006,0.702,0
2.582,-6.175,0.685,0
2.352,-7.331,0.668,0
2.103,-8.500,0.652,0
1.837,-9.671,0.635,0
1.546,-10.831,0.618,0
1.240,-12.013,0.602,0
0.915,-13.178,0.585,0
0.567,-14.337,0.568,0
0.201,-15.514,0.552,0
-0.182,-16.682,0.535,0
-0.496,-17.845,0.518,0
-0.217,-19.001,0.502,1
0.041,21.825,0.485,0
0.279,20.656,0.468,0
0.494,19.487,0.452,0
0.694,18.331,0.435,0
0.875,17.162,0.418,0
1.032,15.987,0.402,0
1.173,14.833,0.385,0
1.296,13.661,0.368,0
1.395,12.487,0.352,0
1.481,11.332,0.335,0
1.627,10.141,0.318,0
1.672,9.001,0.302,0
1.695,7.818,0.285,0
1.699,6.663,0.268,0
1.684,5.494,0.252,0
1.650,4.326,0.235,0
1.683,3.157,0.218,0
1.784,2.001,0.202,0
1.865,0.838,0.185,0
1.928,-0.343,0.168,0
1.970,-1.499,0.152,0
2.618,-2.681,0.135,0
2.521,-3.850,0.118,0
2.419,-5.021,0.102,0
2.401,-6.181,0.052,0
2.353,-1.801,0.020,0
2.302,-2.059,0.025,0
2.283,-2.312,0.011,0
2.923,-2.569,0.016,0
3.133,-2.825,0.020,0
3.339,-3.084,1.024,0
3.454,-3.343,0.974,0
3.652,-3.598,0.925,0
3.845,-3.852,0.875,0
4.035,-4.109,0.825,0
4.132,-4.365,0.775,0
4.311,-4.622,0.724,0
4.297,-4.882,0.708,0
4.266,-6.053,0.691,0
4.213,-7.202,0.674,0
4.141,-8.376,0.658,0
4.049,-9.545,0.641,0
3.941,-10.714,0.624,0
3.812,-11.869,0.608,0
3.574,-13.031,0.591,0
3.402,-14.202,0.574,0
3.218,-15.383,0.558,0
3.006,-16.531,0.541,0
2.782,-17.714,0.524,0
2.534,-18.869,0.508,0
2.265,-20.039,0.491,0
1.981,-21.214,0.474,0
1.675,-22.376,0.458,0
1.355,-23.545,0.441,0
1.010,-24.700,0.424,0
0.643,-25.870,0.408,0
0.181,-27.047,0.391,0
-0.232,-28.194,0.374,0
-0.634,-29.384,0.358,0
-1.056,-30.000,0.341,0
-1.469,-30.000,0.324,0
-1.874,-30.000,0.308,0
-2.291,-30.000,0.291,0
-1.841,-30.000,0.274,1
-1.405,21.838,0.258,0
-0.998,20.655,0.241,0
-0.604,19.507,0.224,0
-0.230,18.337,0.208,0
0.035,17.169,0.191,0
0.372,16.007,0.174,0
0.687,14.831,0.158,0
0.983,13.662,0.141,0
1.883,12.493,0.124,0
2.040,11.331,0.108,0
2.177,10.162,0.091,0
2.319,9.000,0.074,0
2.444,7.839,0.058,0
2.523,6.662,0.041,0
2.582,5.493,0.024,0
2.647,4.338,0.026,0
2.680,3.162,0.009,0
2.706,1.993,0.011,0
2.688,0.832,0.012,0
2.650,-0.337,0.014,0
2.618,-1.506,0.015,0
2.566,-2.668,0.017,0
2.471,-3.839,0.018,0
2.354,-4.993,0.020,0
2.946,-6.175,0.021,0
2.890,-7.324,0.023,0
2.818,-8.507,0.024,0
2.725,-9.662,0.026,0
2.525,-10.824,0.009,0
2.391,-11.993,0.011,0
2.239,-13.169,0.012,0
2.070,-14.337,1.014,0
1.877,-15.494,0.997,0
1.669,-16.670,0.980,0
1.437,-17.831,0.964,0
1.187,-19.006,0.947,0
0.918,-20.175,0.930,0
1.365,-21.345,0.914,1
1.800,21.846,0.897,0
2.209,20.670,0.880,0
2.518,19.515,0.864,0
2.890,18.338,0.847,0
3.244,17.177,0.830,0
3.578,16.008,0.814,0
3.890,14.845,0.797,0
4.189,13.696,0.780,0
4.465,12.513,0.764,0
4.724,11.346,0.747,0
4.960,10.169,0.730,0
5.179,9.008,0.714,0
5.377,7.838,0.697,0
5.555,6.676,0.681,0
5.628,5.521,0.664,0
5.768,4.338,0.647,0
5.889,3.177,0.630,0
5.990,2.008,0.614,0
6.072,0.853,0.597,0
6.135,-0.331,0.580,0
6.178,-1.486,0.564,0
6.202,-2.656,0.547,0
6.206,-3.817,0.530,0
6.191,-4.986,0.514,0
6.155,-6.148,0.497,0
6.102,-7.325,0.480,0
6.025,-8.486,0.464,0
5.846,-9.669,0.447,0
5.736,-10.830,0.431,0
5.603,-11.980,0.414,0
5.449,-13.155,0.397,0
5.281,-14.330,0.380,0
5.092,-15.485,0.364,0
4.882,-16.647,0.347,0
4.650,-17.816,0.330,0
4.405,-18.994,0.314,0
4.134,-20.148,0.297,0
3.846,-21.323,0.280,0
3.453,-22.492,0.264,0
3.126,-23.655,0.247,0
2.779,-24.824,0.230,0
2.418,-25.992,0.214,0
2.035,-27.148,0.197,0
1.631,-28.310,0.181,0
1.216,-29.478,0.164,0
0.793,-30.000,0.147,0
0.897,-30.000,0.130,0
1.244,-30.000,0.114,1
1.580,21.846,0.097,0
1.941,20.663,0.080,0
2.247,19.501,0.064,0
2.520,18.332,0.047,0
2.773,17.170,0.030,0
3.010,16.008,0.014,0
3.271,14.831,0.015,0
3.470,13.684,0.017,0
3.645,12.499,0.018,0
3.645,11.339,0.018,0
3.802,11.339,0.020,0
3.989,10.174,0.021,0
4.108,9.008,0.023,0
4.206,7.831,0.024,0
4.285,6.669,0.026,0
4.357,5.501,0.009,0
5.237,4.338,0.011,0
5.357,3.162,0.012,0
5.458,2.015,0.014,0
5.540,0.838,0.015,0
5.603,-0.333,0.017,0
5.645,-1.485,0.018,0
5.670,-2.661,1.020,0
5.672,-3.817,1.003,0
5.656,-5.000,0.986,0
5.623,-6.177,0.970,0
5.568,-7.324,0.953,0
5.408,-8.499,0.937,0
5.314,-9.655,0.920,0
5.203,-10.830,0.903,0
5.071,-11.985,0.887,0
4.917,-13.154,0.870,0
4.747,-14.330,0.853,0
4.556,-15.492,0.836,0
4.346,-16.662,0.820,0
4.109,-17.830,0.803,0
3.868,-19.022,0.786,0
3.604,-20.162,0.770,0
3.311,-21.318,0.753,0
2.916,-22.500,0.736,0
2.591,-23.668,0.720,0
2.243,-24.830,0.703,0
1.886,-26.002,0.687,0
1.497,-27.148,0.670,0
1.095,-28.325,0.653,0
0.672,-29.486,0.636,0
0.267,-30.000,0.620,0
-0.146,-30.000,0.603,0
-0.557,-30.000,0.587,0
-0.973,-30.000,0.570,0
-1.379,-30.000,0.553,0
-1.886,-30.000,0.536,0
-1.423,-30.000,0.519,1
-1.002,21.793,0.503,0
-0.587,20.663,0.486,0
-0.201,19.486,0.470,0
0.177,18.346,0.453,0
0.532,17.163,0.436,0
0.864,15.987,0.420,0
1.180,14.833,0.403,0
1.476,13.663,0.386,0
1.749,12.493,0.370,0
2.009,11.347,0.353,0
2.157,10.156,0.337,0
2.376,9.007,0.320,0
2.573,7.832,0.303,0
2.752,6.676,0.287,0
2.912,5.515,0.270,0
3.052,4.339,0.253,0
3.173,3.168,0.237,0
3.274,2.014,0.220,0
3.356,0.825,0.203,0
3.419,-0.331,0.187,0
3.462,-1.485,0.170,0
3.485,-2.654,0.153,0
3.400,-3.830,0.136,0
3.896,-5.006,0.120,0
3.762,-6.168,0.103,0
3.606,-7.330,0.086,0
3.485,-8.506,0.070,0
3.290,-9.655,0.053,0
3.079,-10.829,0.037,0
2.846,-11.992,0.020,0
2.644,-13.162,0.021,0
2.373,-14.329,0.023,0
2.076,-15.498,0.024,0
1.773,-16.691,0.026,0
1.457,-17.830,0.009,0
1.160,-18.992,0.011,0
0.792,-20.153,0.012,0
0.396,-21.322,0.014,0
-0.008,-22.513,0.015,0
1.182,-23.669,0.017,1
1.616,21.837,0.018,0
2.029,20.662,0.020,0
2.417,19.493,0.021,0
2.791,18.345,0.023,0
3.147,17.177,0.024,0
3.480,16.001,1.026,0
3.706,14.838,1.009,0
4.003,13.683,0.993,0
4.281,12.508,0.976,0
4.538,11.332,0.959,0
4.775,10.163,0.943,0
4.992,9.000,0.926,0
5.191,7.844,0.909,0
5.369,6.662,0.893,0
5.530,5.514,0.876,0
5.669,4.330,0.859,0
5.790,3.183,0.843,0
5.891,2.021,0.826,0
5.886,0.838,0.809,0
5.948,-0.318,0.793,0
5.991,-1.499,0.776,0
6.014,-2.662,0.759,0
6.020,-3.831,0.743,0
6.003,-4.986,0.726,0
5.970,-6.161,0.709,0
5.916,-7.317,0.693,0
5.839,-8.485,0.676,0
5.749,-9.668,0.659,0
5.635,-10.817,0.643,0
5.501,-11.993,0.626,0
5.265,-13.169,0.609,0
5.095,-14.324,0.593,0
4.900,-15.486,0.576,0
4.692,-16.668,0.559,0
4.463,-17.831,0.543,0
4.214,-18.994,0.526,0
3.950,-20.161,0.509,0
3.659,-21.316,0.493,0
3.354,-22.492,0.476,0
3.024,-23.655,0.459,0
2.683,-24.830,0.443,0
2.311,-25.985,0.426,0
1.843,-27.168,0.409,0
1.438,-28.324,0.393,0
1.021,-29.492,0.376,0
0.608,-30.000,0.359,0
0.197,-30.000,0.342,0
0.644,-30.000,0.326,1
0.993,21.845,0.309,0
1.230,20.662,0.292,0
1.444,19.500,0.276,0
1.648,18.350,0.259,0
1.826,17.162,0.243,0
1.987,16.001,0.226,0
2.211,14.832,0.209,0
2.334,13.684,0.193,0
2.436,12.508,0.176,0
2.519,11.339,0.159,0
2.581,10.170,0.143,0
1.887,9.009,0.126,0
2.008,7.824,0.109,0
2.115,6.682,0.092,0
2.199,5.486,0.076,0
2.214,4.338,0.059,0
2.261,3.176,0.043,0
2.287,2.001,0.026,0
2.282,0.845,0.009,0
2.269,-0.316,0.011,0
2.188,-1.499,0.012,0
2.138,-2.657,0.014,0
2.066,-3.817,0.015,0
1.977,-5.000,0.017,0
1.817,-6.155,0.018,0
1.688,-7.330,0.020,0
1.540,-8.499,0.021,0
0.762,-9.662,0.023,0
0.476,-10.823,0.025,0
0.167,-11.985,0.026,0
0.532,-13.162,0.009,1
0.790,21.832,0.011,0
1.026,20.661,0.012,0
1.245,19.501,0.014,0
1.443,18.331,0.136,0
1.623,17.169,0.136,0
1.781,16.000,0.136,0
1.921,14.839,0.136,0
2.042,13.677,0.136,0
2.146,12.514,0.136,0
2.229,11.332,0.136,0
2.291,10.156,0.136,0
2.420,8.993,0.136,0
2.445,7.846,0.136,0
2.449,6.663,0.136,0
2.435,5.508,0.136,0
2.487,4.326,0.136,0
2.520,3.170,0.136,0
2.534,2.001,0.136,0
2.529,0.838,0.136,0
2.504,-0.322,0.136,0
2.459,-1.507,0.136,0
2.396,-2.676,0.136,0
2.312,-3.824,0.136,0
2.210,-5.000,0.136,0
2.769,-1.509,0.012,0
2.719,-2.683,0.014,0
2.648,-3.838,0.015,0
2.507,-5.000,0.017,0
2.397,-6.184,0.018,0
2.268,-7.347,0.020,0
1.508,-8.515,0.021,0
1.241,-9.684,0.023,0
0.956,-10.845,0.024,0
0.646,-12.001,0.026,0
0.320,-13.183,0.027,0
0.683,-14.345,0.011,1
0.939,21.838,0.012,0
1.179,20.676,1.014,0
1.400,19.500,0.997,0
1.597,18.323,0.980,0
1.776,17.162,0.964,0
1.935,16.000,0.947,0
2.074,14.838,0.930,0
2.196,13.677,0.914,0
2.299,12.507,0.897,0
2.381,11.331,0.880,0
2.444,10.169,0.864,0
2.574,9.000,0.847,0
2.598,7.831,0.830,0
2.602,6.669,0.814,0
2.587,5.507,0.797,0
2.553,4.345,0.780,0
2.499,3.163,0.764,0
2.426,2.008,0.747,0
2.333,0.838,0.730,0
2.221,-0.330,0.714,0
2.089,-1.493,0.697,0
1.939,-2.661,0.680,0
1.855,-3.817,0.664,0
1.665,-4.993,0.647,0
1.456,-6.155,0.630,0
1.226,-7.324,0.614,0
0.976,-8.500,0.597,0
1.249,-9.677,0.580,1
1.505,21.846,0.564,0
1.743,20.683,0.547,0
1.963,19.515,0.530,0
2.159,18.345,0.514,0
2.344,17.190,0.497,0
2.503,15.998,0.480,0
2.729,14.839,0.464,0
2.851,13.684,0.447,0
2.952,12.508,0.430,0
3.034,11.352,0.414,0
3.099,10.183,0.397,0
3.141,9.000,0.380,0
3.165,7.847,0.364,0
3.170,6.683,0.347,0
3.155,5.507,0.330,0
3.121,4.339,0.314,0
3.067,3.182,0.297,0
2.994,2.015,0.280,0
2.989,0.853,0.264,0
2.877,-0.309,0.247,0
2.745,-1.485,0.230,0
2.595,-2.661,0.214,0
2.424,-3.809,0.197,0
2.234,-4.985,0.180,0
1.203,-6.154,0.130,0
1.207,-1.796,0.080,0
1.143,-2.051,0.030,0
1.089,-2.310,0.017,0
1.080,-2.564,0.021,0
1.017,-2.823,0.026,0
0.276,-3.079,0.012,0
-0.046,-3.334,0.016,0
-0.372,-3.593,1.003,0
-0.702,-3.850,0.953,0
-0.949,-4.108,0.903,0
-1.287,-4.362,0.853,0
-1.630,-4.617,0.803,0
-1.351,-4.874,0.786,1
-1.096,21.825,0.770,0
-0.854,20.663,0.753,0
-0.555,19.479,0.737,0
-0.352,18.338,0.720,0
-0.172,17.155,0.703,0
-0.016,15.986,0.687,0
0.124,14.839,0.670,0
0.246,13.676,0.653,0
0.349,12.500,0.636,0
0.621,11.325,0.620,1
0.881,21.851,0.603,0
1.119,20.675,0.586,0
1.340,19.506,0.570,0
1.536,18.330,0.553,0
1.717,17.175,0.536,0
1.963,15.999,0.520,0
2.102,14.843,0.503,0
2.223,13.683,0.487,0
2.326,12.520,0.470,0
2.408,11.346,0.453,0
2.471,10.181,0.437,0
2.515,9.014,0.420,0
2.541,7.838,0.403,0
2.547,6.647,0.386,0
2.527,5.455,0.370,0
2.507,4.373,0.342,0
2.519,2.411,0.336,0
2.446,2.006,0.320,0
2.353,0.851,0.303,0
2.241,-0.324,0.286,0
2.109,-1.493,0.270,0
1.958,-2.669,0.253,0
1.788,-3.825,0.237,0
1.598,-4.987,0.220,0
1.387,-6.155,0.203,0
1.159,-7.338,0.186,0
0.911,-8.501,0.170,0
0.643,-9.664,0.153,0
0.445,-10.832,0.137,0
-0.153,-11.987,0.120,0
-0.378,-13.163,0.103,0
-0.627,-14.324,0.086,0
-0.306,-15.507,0.070,1
0.057,21.851,0.053,0
0.378,20.667,0.036,0
0.672,19.514,0.020,0
0.998,18.345,0.021,0
1.249,17.166,0.023,0
1.483,16.013,0.024,0
1.696,14.853,0.026,0
1.947,13.695,0.027,0
2.134,12.499,0.011,0
2.291,11.344,0.012,0
2.428,10.182,0.014,0
2.546,9.020,0.015,0
3.485,7.850,0.017,0
3.664,6.675,0.018,0
3.824,5.513,0.020,0
3.963,4.330,0.021,0
4.084,3.183,0.023,0
4.186,2.020,0.024,0
4.268,0.845,1.026,0
4.243,-0.304,1.009,0
4.287,-1.489,0.993,0
4.309,-2.642,0.976,0
4.314,-3.825,0.959,0
4.298,-4.979,0.942,0
4.263,-6.162,0.926,0
4.210,-7.325,0.909,0
4.137,-8.486,0.893,0
4.043,-9.648,0.876,0
3.929,-10.817,0.859,0
3.798,-11.994,0.842,0
3.644,-13.156,0.826,0
3.474,-14.332,0.809,0
3.196,-15.494,0.792,0
2.990,-16.662,0.776,0
2.758,-17.817,0.759,0
2.515,-18.993,0.743,0
2.244,-20.142,0.726,0
1.953,-21.318,0.709,0
1.645,-22.493,0.692,0
1.317,-23.663,0.676,0
0.974,-24.833,0.659,0
0.604,-25.993,0.642,0
0.224,-27.170,0.626,0
-0.184,-28.326,0.609,0
-0.679,-29.501,0.592,0
-1.095,-30.000,0.576,0
-1.506,-30.000,0.559,0
-1.918,-30.000,0.542,0
-2.325,-30.000,0.526,0
-2.744,-30.000,0.509,0
-3.153,-30.000,0.493,0
-2.699,-30.000,0.476,1
-2.271,21.825,0.459,0
-1.854,20.670,0.442,0
-1.463,19.487,0.426,0
-1.178,18.325,0.409,0
-0.822,17.162,0.392,0
-0.490,15.988,0.376,0
-0.174,14.832,0.359,0
0.123,13.661,0.342,0
0.397,12.487,0.326,0
0.653,11.333,0.309,0
0.890,10.171,0.293,0
1.109,9.002,0.276,0
1.307,7.831,0.259,0
1.486,6.663,0.243,0
1.645,5.502,0.226,0
1.698,4.332,0.209,0
1.819,3.169,0.192,0
1.920,1.992,0.176,0
2.002,0.826,0.159,0
2.063,-0.331,0.142,0
2.617,-1.512,0.126,0
2.541,-2.667,0.109,0
2.445,-3.830,0.093,0
2.378,-4.998,0.076,0
2.243,-6.175,0.059,0
2.091,-7.345,0.043,0
1.917,-8.492,0.026,0
1.736,-9.662,0.009,0
1.571,-10.831,0.011,0
1.338,-12.008,0.012,0
1.088,-13.180,0.014,0
0.818,-14.337,0.015,0
0.577,-15.499,0.017,0
0.927,-16.668,0.018,1
1.259,21.838,0.020,0
1.572,20.670,0.021,0
2.703,19.499,0.023,0
3.077,18.338,0.024,0
3.433,17.170,0.026,0
3.768,15.994,0.027,0
3.993,14.822,0.011,0
4.290,13.670,0.012,0
4.565,12.494,0.014,0
4.824,11.339,1.015,0
5.059,10.156,0.999,0
5.279,9.008,0.982,0
5.476,7.817,0.965,0
5.655,6.663,0.948,0
5.815,5.487,0.932,0
5.954,4.324,0.915,0
6.075,3.169,0.899,0
6.089,2.000,0.882,0
6.170,0.831,0.865,0
6.232,-0.345,0.849,0
6.275,-1.507,0.832,0
6.300,-2.668,0.815,0
6.302,-3.823,0.799,0
6.286,-5.006,0.782,0
6.253,-6.175,0.765,0
6.197,-7.329,0.749,0
6.125,-8.506,0.732,0
6.030,-9.661,0.715,0
5.917,-10.838,0.699,0
5.699,-12.006,0.682,0
5.546,-13.163,0.665,0
5.375,-14.337,0.649,0
5.181,-15.506,0.632,0
4.974,-16.683,0.615,0
4.746,-17.838,0.599,0
4.495,-18.999,0.582,0
4.228,-20.175,0.565,0
3.941,-21.337,0.549,0
3.636,-22.500,0.532,0
3.311,-23.661,0.515,0
2.956,-24.824,0.498,0
2.592,-26.014,0.482,0
2.122,-27.175,0.465,0
1.719,-28.337,0.449,0
1.309,-29.500,0.432,0
0.889,-30.000,0.415,0
0.484,-30.000,0.399,0
0.064,-30.000,0.382,0
-0.350,-30.000,0.365,0
-0.763,-30.000,0.348,0
-1.177,-30.000,0.332,0
-1.587,-30.000,0.315,0
-1.138,-30.000,0.299,1
-0.705,21.839,0.282,0
-0.385,20.668,0.265,0
0.014,19.520,0.248,0
0.385,18.332,0.232,0
0.736,17.175,0.215,0
1.070,16.021,0.199,0
1.388,14.858,0.182,0
1.689,13.682,0.165,0
1.961,12.478,0.149,0
2.843,11.343,0.132,0
2.979,10.170,0.115,0
3.098,9.013,0.099,0
3.209,7.839,0.082,0
3.313,6.676,0.065,0
3.398,5.508,0.049,0
3.438,4.346,0.032,0
3.459,3.183,0.015,0
3.485,2.020,0.017,0
3.492,0.845,0.018,0
3.455,-0.316,0.020,0
3.398,-1.486,0.021,0
3.345,-2.654,0.023,0
3.276,-3.832,0.024,0
3.161,-4.980,0.026,0
3.039,-6.149,0.009,0
2.883,-7.310,0.011,0
3.435,-8.493,0.012,0
3.339,-9.655,0.014,0
3.227,-10.840,0.015,0
3.095,-12.000,0.017,0
2.947,-13.170,0.018,0
2.777,-14.317,0.020,0
2.583,-15.479,1.021,0
2.376,-16.662,1.005,0
2.143,-17.818,0.988,0
2.596,-18.999,0.971,1
2.936,21.828,0.955,0
3.346,20.675,0.938,0
3.740,19.520,0.921,0
4.117,18.350,0.905,0
4.468,17.169,0.888,0
4.803,16.014,0.871,0
5.120,14.844,0.855,0
5.414,13.668,0.838,0
5.692,12.512,0.821,0
5.948,11.337,0.805,0
6.187,10.175,0.788,0
6.403,8.991,0.771,0
6.514,7.845,0.755,0
6.694,6.681,0.738,0
6.853,5.499,0.721,0
6.993,4.344,0.705,0
7.114,3.175,0.688,0
7.215,2.013,0.671,0
7.297,0.831,0.655,0
7.360,-0.321,0.638,0
7.403,-1.494,0.621,0
7.426,-2.650,0.605,0
7.431,-3.832,0.588,0
7.413,-4.986,0.571,0
7.294,-6.177,0.555,0
7.238,-7.317,0.538,0
7.166,-8.495,0.521,0
7.072,-9.650,0.505,0
6.953,-10.824,0.488,0
6.826,-12.023,0.471,0
6.676,-13.164,0.455,0
6.506,-14.324,0.438,0
6.316,-15.486,0.421,0
6.104,-16.650,0.405,0
5.872,-17.826,0.388,0
5.629,-19.002,0.371,0
5.271,-20.151,0.355,0
4.985,-21.325,0.338,0
4.675,-22.487,0.321,0
4.353,-23.662,0.305,0
4.008,-24.817,0.288,0
3.639,-25.982,0.271,0
3.254,-27.157,0.255,0
2.852,-28.324,0.238,0
2.435,-29.486,0.221,0
2.015,-30.000,0.204,0
1.608,-30.000,0.188,0
1.200,-30.000,0.171,0
0.699,-30.000,0.155,0
0.281,-30.000,0.138,0
1.354,-30.000,0.121,1
1.683,21.842,0.105,0
1.998,20.686,0.088,0
2.315,19.511,0.071,0
2.618,18.349,0.054,0
2.870,17.165,0.038,0
3.104,16.004,0.021,0
3.345,14.842,0.023,0
3.564,13.673,0.024,0
3.740,12.511,0.026,0
3.909,11.347,0.009,0
4.049,10.187,0.011,0
4.190,9.004,0.012,0
4.314,7.849,0.014,0
4.394,6.686,0.015,0
4.453,5.503,0.017,0
5.218,4.349,0.018,0
5.339,3.179,0.020,0
5.441,2.004,0.021,0
5.522,0.834,0.023,0
5.584,-0.327,0.024,0
5.628,-1.505,0.026,0
5.564,-2.658,0.009,0
5.569,-3.820,1.011,0
5.553,-4.982,0.994,0
5.518,-6.158,0.977,0
5.465,-7.327,0.961,0
5.390,-8.482,0.944,0
5.296,-9.658,0.927,0
5.186,-10.827,0.911,0
5.054,-11.982,0.894,0
4.900,-13.151,0.877,0
4.732,-14.328,0.861,0
4.538,-15.482,0.844,0
4.246,-16.665,0.827,0
4.012,-17.813,0.811,0
3.767,-18.996,0.794,0
3.498,-20.151,0.777,0
3.209,-21.320,0.761,0
2.902,-22.489,0.744,0
2.577,-23.658,0.727,0
2.230,-24.820,0.711,0
1.864,-25.989,0.694,0
1.484,-27.159,0.677,0
1.073,-28.314,0.661,0
0.658,-29.496,0.644,0
0.167,-30.000,0.627,0
-0.250,-30.000,0.611,0
-0.657,-30.000,0.594,0
-1.081,-30.000,0.577,0
-1.485,-30.000,0.561,0
-1.896,-30.000,0.544,0
-2.313,-30.000,0.527,0
-2.720,-30.000,0.511,0
-2.264,-30.000,0.494,1
-1.830,21.815,0.477,0
-1.412,20.640,0.460,0
-1.033,19.452,0.444,0
-0.654,18.337,0.427,0
-0.391,17.147,0.411,0
-0.057,15.995,0.394,0
0.260,14.830,0.377,0
0.555,13.654,0.361,0
0.830,12.486,0.344,0
1.088,11.331,0.327,0
1.326,10.154,0.311,0
1.543,8.979,0.294,0
1.741,7.817,0.277,0
1.918,6.647,0.261,0
2.078,5.499,0.244,0
2.131,4.331,0.227,0
2.251,3.148,0.211,0
2.352,1.993,0.194,0
2.434,0.824,0.177,0
2.496,-0.346,0.161,0
2.539,-1.514,0.144,0
1.735,-2.676,0.127,0
1.664,-3.845,0.111,0
1.575,-5.014,0.094,0
1.465,-6.170,0.077,0
1.284,-7.345,0.061,0
1.138,-8.521,0.044,0
0.957,-9.669,0.027,0
1.342,-10.839,0.010,1
1.694,21.807,0.012,0
1.982,20.656,0.014,0
2.301,19.486,0.015,0
2.600,18.317,0.017,0
2.875,17.148,0.018,0
3.087,16.000,0.020,0
3.329,14.825,0.021,0
3.549,13.648,0.023,0
3.139,12.487,0.024,0
3.139,11.324,0.024,0
3.219,11.324,0.026,0
3.370,10.169,0.009,0
3.413,9.000,0.011,0
3.437,7.831,0.012,0
3.441,6.662,0.014,0
3.426,5.508,0.015,0
3.391,4.339,1.017,0
3.338,3.176,1.000,0
3.264,2.001,0.984,0
3.172,0.832,0.967,0
3.059,-0.323,0.950,0
2.927,-1.499,0.933,0
2.777,-2.677,0.917,0
2.694,-3.824,0.900,0
2.503,-4.986,0.883,0
2.294,-6.169,0.867,0
2.064,-7.330,0.850,0
1.816,-8.506,0.833,0
1.548,-9.670,0.817,0
1.260,-10.837,0.800,0
0.952,-12.006,0.783,0
0.628,-13.176,0.767,0
0.283,-14.335,0.750,0
-0.085,-15.500,0.733,0
-0.466,-16.675,0.717,0
-0.783,-17.830,0.700,0
-0.484,-18.999,0.682,1
-0.252,21.756,0.667,0
-0.011,20.676,0.650,0
0.209,19.498,0.633,0
0.408,18.324,0.617,0
0.592,17.154,0.600,0
0.744,15.965,0.584,0
0.886,14.837,0.567,0
1.007,13.661,0.550,0
1.106,12.492,0.534,0
1.189,11.344,0.517,0
1.339,10.176,0.500,0
1.383,9.005,0.483,0
1.406,7.831,0.467,0
1.411,6.676,0.450,0
1.396,5.500,0.434,0
1.362,4.331,0.417,0
1.308,3.174,0.400,0
1.234,2.006,0.383,0
1.142,0.831,0.367,0
1.030,-0.339,0.350,0
0.897,-1.494,0.333,0
0.747,-2.669,0.317,0
0.663,-3.831,0.300,0
0.472,-5.007,0.283,0
0.263,-6.176,0.267,0
0.034,-7.338,0.250,0
0.308,-8.504,0.234,1
0.564,21.842,0.217,0
0.805,20.680,0.200,0
1.025,19.504,0.183,0
1.223,18.328,0.167,0
1.403,17.166,0.150,0
0.824,15.997,0.133,0
1.065,14.828,0.117,0
1.272,13.657,0.100,0
1.473,12.496,0.083,0
1.655,11.335,0.067,0
1.767,10.173,0.050,0
1.911,9.011,0.034,0
2.034,7.840,0.017,0
2.140,6.679,0.018,0
2.175,5.502,0.020,0
2.240,4.335,0.022,0
2.286,3.180,0.023,0
2.313,2.011,0.025,0
2.270,0.842,0.026,0
2.245,-0.334,0.009,0
2.214,-1.503,0.011,0
2.162,-2.658,0.012,0
1.480,-3.833,0.014,0
1.291,-5.003,0.015,0
1.079,-6.166,0.017,0
1.352,-7.349,0.018,1
1.607,21.846,0.020,0
1.847,20.689,0.021,0
2.061,19.515,1.023,0
2.261,18.366,1.006,0
2.444,17.198,0.990,0
2.689,16.014,0.973,0
2.835,14.860,0.956,0
2.952,13.670,0.940,0
3.054,12.526,0.923,0
3.137,11.360,0.906,0
3.200,10.191,0.890,0
3.244,9.022,0.873,0
3.268,7.852,0.856,0
3.274,6.684,0.839,0
3.258,5.507,0.823,0
3.224,4.353,0.806,0
3.170,3.203,0.790,0
3.185,2.029,0.773,0
3.092,0.855,0.756,0
2.980,-0.317,0.739,0
2.849,-1.493,0.723,0
2.697,-2.648,0.706,0
2.527,-3.823,0.690,0
2.339,-4.985,0.673,0
2.611,-6.135,0.657,1
2.877,21.850,0.640,0
3.116,20.650,0.623,0
3.332,19.481,0.606,0
3.530,18.319,0.590,0
3.797,17.157,0.573,0
3.956,15.988,0.556,0
4.097,14.826,0.540,0
4.218,13.657,0.523,0
4.321,12.488,0.506,0
4.402,11.312,0.490,0
4.464,10.150,0.473,0
4.507,8.988,0.456,0
4.530,7.819,0.440,0
4.535,6.664,0.423,0
4.519,5.489,0.406,0
4.485,4.326,0.390,0
4.518,3.164,0.373,0
4.444,1.989,0.356,0
4.352,0.826,0.340,0
4.239,-0.336,0.323,0
4.107,-1.506,0.306,0
3.955,-2.681,0.290,0
3.785,-3.850,0.273,0
3.595,-5.007,0.256,0
3.384,-6.173,0.240,0
3.157,-7.350,0.223,0
2.907,-8.505,0.206,0
2.640,-9.680,0.190,0
2.439,-10.843,0.173,0
2.130,-12.012,0.156,0
1.803,-13.187,0.139,0
0.724,-14.358,0.123,0
1.114,-15.499,0.106,1
1.461,21.785,0.090,0
1.797,20.654,0.073,0
2.066,19.493,0.056,0
2.365,18.324,0.040,0
2.643,17.153,0.023,0
2.906,15.994,0.024,0
3.094,14.811,0.026,0
3.304,13.655,0.009,0
3.504,12.480,0.011,0
3.686,11.323,0.012,0
3.686,10.156,0.012,0
3.847,10.156,0.014,0
3.941,9.001,0.015,0
4.064,7.825,0.017,0
4.441,6.670,0.019,1
4.190,21.830,0.020,0
4.423,20.654,0.022,0
4.645,19.506,0.023,0
4.841,18.324,0.025,0
5.022,17.168,0.026,0
5.272,15.995,0.009,0
5.412,14.816,0.011,0
5.534,13.647,1.012,0
5.634,12.478,0.996,0
5.714,11.317,0.979,0
5.777,10.161,0.962,0
5.819,8.992,0.946,0
5.844,7.843,0.929,0
5.848,6.662,0.913,0
5.833,5.498,0.896,0
5.799,4.323,0.879,0
5.745,3.147,0.863,0
5.758,1.999,0.845,0
5.665,0.804,0.829,0
5.553,-0.339,0.812,0
5.421,-1.508,0.796,0
5.269,-2.683,0.779,0
5.098,-3.853,0.762,0
4.909,-5.017,0.746,0
4.700,-6.170,0.729,0
4.470,-7.339,0.712,0
4.221,-8.507,0.696,0
3.954,-9.677,0.679,0
3.669,-10.839,0.663,0
3.445,-11.994,0.646,0
3.111,-13.185,0.629,0
2.773,-14.384,0.612,0
2.407,-15.515,0.596,0
2.028,-16.686,0.579,0
1.619,-17.831,0.562,0
1.201,-19.014,0.546,0
0.755,-20.163,0.529,0
1.029,-21.338,0.513,1
1.290,21.844,0.496,0
1.527,20.662,0.479,0
1.744,19.501,0.463,0
2.029,18.339,0.446,0
2.211,17.176,0.429,0
2.371,16.000,0.412,0
2.509,14.830,0.396,0
2.631,13.676,0.379,0
2.732,12.507,0.363,0
2.816,11.343,0.346,0
2.879,10.163,0.329,0
2.922,9.000,0.312,0
2.947,7.831,0.296,0
2.950,6.655,0.279,0
2.935,5.494,0.263,0
2.988,4.338,0.246,0
2.934,3.169,0.229,0
2.860,2.001,0.212,0
2.768,0.831,0.196,0
2.655,-0.338,0.179,0
2.523,-1.501,0.162,0
2.372,-2.671,0.146,0
1.462,-3.838,0.129,0
1.372,-5.007,0.112,0
1.263,-6.176,0.096,0
1.133,-7.331,0.079,0
0.937,-8.506,0.063,0
0.756,-9.661,0.046,0
0.569,-10.831,0.029,0
0.359,-11.993,0.012,0
0.736,-13.176,0.014,1
1.040,21.831,0.016,0
1.381,20.676,0.017,0
1.701,19.500,0.018,0
1.994,18.323,0.020,0
2.227,17.183,0.021,0
2.486,16.000,0.023,0
2.725,14.839,0.025,0
2.338,13.684,0.026,0
2.527,12.501,0.009,0
2.608,11.331,0.011,0
2.670,10.177,0.013,0
2.715,9.014,0.014,0
2.738,7.837,0.016,0
2.738,6.684,0.016,0
2.743,6.684,0.017,0
2.728,5.512,1.019,0
2.694,4.343,1.002,0
2.640,3.174,0.985,0
2.567,2.024,0.969,0
2.474,0.859,0.952,0
2.362,-0.309,0.935,0
2.318,-1.480,0.919,0
2.168,-2.642,0.902,0
1.997,-3.808,0.885,0
1.807,-4.976,0.869,0
2.082,-6.146,0.852,1
2.342,21.839,0.835,0
2.577,20.662,0.819,0
2.801,19.507,0.802,0
2.995,18.319,0.785,0
3.175,17.173,0.769,0
3.335,16.000,0.752,0
3.477,14.833,0.735,0
3.686,13.663,0.719,0
3.788,12.488,0.702,0
4.059,11.319,0.685,1
4.321,21.851,0.669,0
4.546,20.669,0.653,0
4.778,19.552,0.635,0
4.976,18.330,0.619,0
5.152,17.169,0.602,0
5.312,16.019,0.585,0
5.454,14.852,0.569,0
5.576,13.681,0.552,0
5.677,12.508,0.535,0
5.846,11.343,0.519,0
5.910,10.185,0.502,0
5.953,9.014,0.485,0
5.977,7.851,0.469,0
5.982,6.686,0.452,0
5.967,5.512,0.435,0
5.933,4.338,0.419,0
5.879,3.168,0.402,0
5.806,2.012,0.385,0
5.713,0.851,0.369,0
5.601,-0.331,0.352,0
5.470,-1.487,0.335,0
5.405,-2.648,0.319,0
5.234,-3.831,0.302,0
5.045,-5.000,0.285,0
4.835,-6.163,0.269,0
4.608,-7.331,0.252,0
4.360,-8.487,0.235,0
4.177,-9.648,0.219,0
4.067,-10.831,0.202,0
3.936,-11.986,0.185,0
3.781,-13.149,0.169,0
3.612,-14.331,0.152,0
4.049,-15.488,0.135,0
3.747,-16.648,0.119,0
3.417,-17.832,0.102,0
3.070,-19.000,0.085,0
2.726,-20.162,0.069,0
2.367,-21.331,0.052,0
1.960,-22.486,0.035,0
1.529,-23.654,0.019,0
1.116,-24.831,0.020,0
0.669,-25.979,0.022,0
1.019,-27.162,0.023,1
1.349,21.838,0.025,0
1.685,20.675,0.026,0
1.997,19.514,0.009,0
2.291,18.321,0.011,0
2.547,17.174,0.012,0
2.778,15.998,0.014,0
3.722,14.850,0.015,0
4.017,13.661,0.017,0
4.292,12.500,0.019,0
4.549,11.338,0.020,0
4.787,10.174,0.022,0
5.004,9.000,0.023,0
5.204,7.844,1.025,0
5.381,6.662,1.008,0
5.455,5.514,0.991,0
5.594,4.332,0.975,0
5.715,3.169,0.958,0
5.816,2.001,0.941,0
5.898,0.831,0.925,0
5.961,-0.317,0.908,0
6.004,-1.489,0.891,0
6.028,-2.655,0.875,0
6.030,-3.817,0.858,0
6.016,-5.000,0.841,0
6.460,-6.156,0.825,1
6.900,21.859,0.808,0
7.224,20.663,0.791,0
7.617,19.498,0.775,0
7.990,18.332,0.758,0
8.347,17.168,0.741,0
8.679,15.988,0.725,0
8.994,14.829,0.708,0
9.291,13.666,0.691,0
9.566,12.487,0.675,0
9.823,11.331,0.658,0
10.061,10.162,0.641,0
10.277,8.987,0.625,0
10.476,7.838,0.608,0
10.568,6.663,0.591,0
10.727,5.487,0.575,0
10.867,4.318,0.558,0
10.988,3.164,0.541,0
11.089,1.987,0.525,0
11.170,0.831,0.508,0
11.232,-0.337,0.491,0
11.275,-1.521,0.475,0
11.299,-2.683,0.458,0
11.303,-3.830,0.441,0
11.286,-4.999,0.425,0
11.251,-6.182,0.408,0
11.109,-7.344,0.391,0
11.038,-8.513,0.375,0
10.944,-9.661,0.358,0
10.827,-10.830,0.341,0
10.695,-12.021,0.325,0
10.547,-13.183,0.308,0
10.373,-14.333,0.291,0
10.182,-15.514,0.275,0
9.972,-16.682,0.258,0
9.746,-17.846,0.241,0
9.499,-19.001,0.225,0
9.223,-20.161,0.208,0
8.850,-21.352,0.191,0
8.544,-22.513,0.175,0
8.221,-23.675,0.158,0
7.869,-24.830,0.141,0
-0.923,-26.013,0.125,0
7.650,-27.182,0.108,0
7.144,-28.330,0.091,0
6.650,-29.500,0.075,0
6.170,-30.000,0.058,0
5.653,-30.000,0.041,0
5.144,-30.000,0.025,0
4.654,-30.000,0.026,0
4.154,-30.000,0.010,0
3.669,-30.000,0.011,0
3.157,-30.000,0.013,0
2.640,-30.000,0.014,0
2.157,-30.000,0.016,0
2.533,-30.000,0.017,1
2.865,21.834,0.019,0
3.181,20.669,0.020,0
4.199,19.487,0.022,0
4.576,18.316,0.023,0
4.926,17.136,0.025,0
5.265,15.984,0.026,0
5.486,14.793,0.010,0
5.486,13.660,0.010,0
5.779,13.660,0.011,0
6.054,12.509,0.013,0
6.311,11.355,1.015,0
6.549,10.186,0.998,0
6.768,9.010,0.981,0
6.966,7.836,0.964,0
7.146,6.681,0.948,0
7.305,5.497,0.931,0
7.445,4.336,0.915,0
7.566,3.185,0.898,0
7.667,2.005,0.881,0
7.662,0.835,0.864,0
7.724,-0.333,0.848,0
7.768,-1.489,0.831,0
7.790,-2.650,0.814,0
7.795,-3.833,0.798,0
7.779,-4.987,0.781,0
7.744,-6.165,0.764,0
7.692,-7.333,0.748,0
7.616,-8.482,0.731,0
7.522,-9.665,0.714,0
7.413,-10.833,0.698,0
7.278,-11.982,0.681,0
7.038,-13.164,0.664,0
6.871,-14.334,0.648,0
6.677,-15.483,0.631,0
6.467,-16.665,0.614,0
6.240,-17.833,0.598,0
5.989,-18.989,0.581,0
5.720,-20.164,0.564,0
5.439,-21.333,0.548,0
5.126,-22.482,0.531,0
4.799,-23.664,0.514,0
4.456,-24.833,0.498,0
4.088,-25.990,0.481,0
3.621,-27.165,0.464,0
3.210,-28.318,0.448,0
2.799,-29.502,0.431,0
2.391,-30.000,0.414,0
1.975,-30.000,0.398,0
1.561,-30.000,0.381,0
1.147,-30.000,0.364,0
0.736,-30.000,0.348,0
0.328,-30.000,0.331,0
-0.091,-30.000,0.314,0
-0.502,-30.000,0.298,0
-0.916,-30.000,0.281,0
-1.412,-30.000,0.264,0
-1.827,-30.000,0.248,0
-1.372,-30.000,0.231,1
-0.943,21.820,0.214,0
-0.535,20.661,0.198,0
-0.136,19.510,0.181,0
0.237,18.321,0.164,0
0.585,17.153,0.148,0
1.433,16.013,0.131,0
1.651,14.834,0.114,0
1.843,13.653,0.098,0
2.071,12.506,0.081,0
2.239,11.330,0.064,0
2.377,10.169,0.048,0
2.495,8.999,0.031,0
2.594,7.831,0.014,0
2.721,6.660,0.016,0
2.781,5.510,0.018,0
2.821,4.343,0.019,0
2.842,3.174,0.020,0
2.893,1.999,0.022,0
2.875,0.844,0.023,0
2.837,-0.332,0.025,0
2.780,-1.504,0.027,0
2.715,-2.662,0.009,0
3.462,-3.854,0.017,0
3.433,-5.845,0.013,0
3.397,-6.177,0.014,0
3.341,-7.353,0.015,0
3.267,-8.529,0.017,0
3.173,-9.691,0.019,0
3.058,-10.859,1.020,0
2.928,-12.036,1.003,0
2.775,-13.191,0.987,0
2.603,-14.360,0.970,0
2.413,-15.529,0.953,0
2.115,-16.691,0.937,0
1.883,-17.860,0.920,0
2.335,-19.036,0.903,1
2.763,21.830,0.887,0
3.174,20.676,0.870,0
3.570,19.515,0.853,0
3.939,18.337,0.837,0
4.293,17.189,0.820,0
4.631,16.021,0.803,0
4.946,14.838,0.787,0
5.243,13.676,0.770,0
5.518,12.500,0.753,0
5.688,11.345,0.737,0
5.925,10.176,0.720,0
6.143,9.007,0.703,0
6.341,7.838,0.687,0
6.521,6.676,0.670,0
6.680,5.500,0.653,0
6.820,4.345,0.637,0
6.941,3.176,0.620,0
7.042,2.005,0.603,0
7.124,0.846,0.587,0
7.187,-0.331,0.570,0
7.230,-1.486,0.553,0
7.166,-2.662,0.537,0
7.170,-3.831,0.520,0
7.154,-4.986,0.503,0
7.120,-6.162,0.487,0
7.065,-7.324,0.470,0
6.991,-8.493,0.453,0
6.899,-9.661,0.437,0
6.787,-10.824,0.420,0
6.655,-11.987,0.403,0
6.505,-13.155,0.387,0
6.333,-14.316,0.370,0
6.141,-15.486,0.353,0
5.843,-16.661,0.337,0
5.618,-17.832,0.320,0
5.362,-18.980,0.303,0
5.101,-20.172,0.287,0
4.810,-21.317,0.270,0
4.502,-22.493,0.253,0
4.180,-23.661,0.237,0
3.830,-24.817,0.220,0
3.469,-25.994,0.203,0
3.081,-27.149,0.187,0
2.673,-28.324,0.170,0
2.262,-29.500,0.153,0
1.767,-30.000,0.137,0
1.867,-30.000,0.120,0
1.348,-30.000,0.103,0
0.837,-30.000,0.087,0
0.376,-30.000,0.070,0
0.731,-30.000,0.053,1
1.061,21.821,0.037,0
1.372,20.661,0.020,0
1.715,19.499,0.022,0
1.989,18.331,0.023,0
2.245,17.162,0.024,0
2.477,15.986,0.026,0
2.704,14.831,0.010,0
2.950,13.668,0.011,0
3.125,12.500,0.013,0
3.283,11.337,0.014,0
3.421,10.162,0.015,0
4.377,8.993,0.017,0
4.576,7.829,0.019,0
4.576,6.662,0.019,0
4.755,6.662,0.020,0
4.914,5.493,0.022,0
5.054,4.330,0.023,0
5.174,3.155,0.025,0
5.275,1.993,1.026,0
5.270,0.817,1.009,0
5.332,-0.338,0.993,0
5.374,-1.507,0.976,0
5.398,-2.683,0.959,0
5.401,-3.846,0.943,0
5.387,-5.014,0.926,0
5.351,-6.169,0.909,0
5.296,-7.338,0.893,0
5.221,-8.508,0.876,0
5.128,-9.683,0.859,0
5.014,-10.846,0.843,0
4.883,-12.022,0.826,0
4.644,-13.177,0.809,0
4.474,-14.346,0.793,0
4.278,-15.507,0.776,0
4.070,-16.693,0.759,0
3.847,-17.853,0.743,0
3.594,-18.994,0.726,0
3.322,-20.177,0.709,0
3.040,-21.353,0.693,0
2.733,-22.501,0.676,0
2.405,-23.670,0.659,0
2.061,-24.840,0.643,0
1.692,-26.000,0.626,0
1.224,-27.176,0.610,0
1.678,-28.331,0.593,1
2.108,21.824,0.576,0
2.521,20.662,0.559,0
2.916,19.493,0.543,0
3.288,18.317,0.526,0
3.644,17.155,0.509,0
3.974,15.979,0.493,0
4.289,14.831,0.476,0
4.587,13.668,0.459,0
4.862,12.486,0.443,0
5.119,11.324,0.426,0
5.268,10.155,0.409,0
5.487,8.993,0.393,0
5.685,7.815,0.376,0
5.863,6.646,0.359,0
6.022,5.486,0.343,0
6.162,4.331,0.326,0
6.196,3.158,0.309,0
6.122,1.978,0.293,0
6.029,0.810,0.276,0
5.916,-0.338,0.259,0
5.784,-1.536,0.243,0
5.633,-2.691,0.226,0
5.550,-3.852,0.209,0
5.359,-5.013,0.193,0
5.149,-6.185,0.176,0
4.921,-7.353,0.159,0
4.672,-8.508,0.143,0
3.663,-9.677,0.126,0
3.478,-10.855,0.109,0
3.274,-12.007,0.093,0
3.042,-13.163,0.076,0
2.745,-14.352,0.059,0
2.478,-15.526,0.042,0
2.194,-16.698,0.026,0
1.881,-17.861,0.009,0
1.559,-19.014,0.011,0
1.165,-20.174,0.012,0
0.806,-21.346,0.014,0
1.188,-22.501,0.015,1
1.545,21.816,0.017,0
1.829,20.649,0.019,0
2.150,19.494,0.020,0
2.446,18.318,0.022,0
2.115,17.162,0.023,0
2.276,15.994,0.024,0
2.416,14.818,0.026,0
2.624,13.655,0.009,0
2.725,12.486,0.011,0
2.807,11.325,0.012,0
2.807,10.155,0.012,0
2.868,10.155,0.014,0
2.912,9.006,0.136,0
2.936,7.837,0.136,0
2.941,6.662,0.136,0
2.925,5.493,0.136,0
2.891,4.338,0.136,0
2.837,3.162,0.136,0
2.763,1.993,0.136,0
2.671,0.824,0.136,0
2.646,-0.331,0.136,0
2.513,-1.500,0.136,0
2.788,-2.679,0.136,1
3.042,21.839,0.136,0
3.371,20.686,0.136,0
3.674,19.503,0.136,0
3.962,18.348,0.136,0
4.228,17.172,0.136,0
4.479,16.010,0.136,0
4.704,14.826,0.136,0
4.912,13.673,0.136,0
5.101,12.510,0.136,0
5.467,11.346,0.136,1
-0.583,20.667,0.009,0
-0.294,20.667,0.011,0
0.026,19.497,0.012,0
0.324,18.321,0.014,0
0.602,17.159,0.015,0
0.811,15.996,0.017,0
1.053,14.836,0.018,0
1.275,13.660,0.020,0
1.037,12.488,0.021,1
1.299,21.847,0.023,0
1.534,20.664,0.024,0
1.751,19.509,0.026,0
1.952,18.347,0.027,0
2.216,17.171,0.011,0
2.378,16.015,0.012,0
2.521,14.840,1.014,0
2.641,13.663,0.997,0
2.916,12.501,0.980,1
3.172,21.839,0.964,0
3.413,20.677,0.947,0
3.630,19.500,0.930,0
3.827,18.338,0.914,0
4.009,17.177,0.897,0
4.167,16.001,0.880,0
4.395,14.846,0.864,0
4.518,13.677,0.847,0
4.618,12.501,0.830,0
4.701,11.346,0.814,0
4.764,10.170,0.797,0
4.807,9.006,0.780,0
4.832,7.839,0.764,0
4.837,6.663,0.747,0
4.820,5.477,0.730,0
4.787,4.346,0.713,0
4.732,3.155,0.697,0
4.659,2.013,0.680,0
4.654,0.839,0.664,0
4.541,-0.317,0.647,0
4.408,-1.493,0.630,0
4.258,-2.697,0.614,0
4.089,-3.837,0.597,0
3.899,-4.985,0.580,0
3.690,-6.155,0.564,0
3.459,-7.317,0.547,0
3.212,-8.500,0.530,0
2.945,-9.661,0.514,0
2.660,-10.824,0.497,0
2.350,-11.980,0.480,0
2.114,-13.162,0.464,0
2.391,-14.317,0.447,1
2.653,21.832,0.430,0
2.887,20.648,0.414,0
3.106,19.494,0.397,0
3.308,18.323,0.380,0
3.485,17.140,0.364,0
3.643,15.987,0.347,0
3.783,14.825,0.330,0
3.904,13.663,0.314,0
4.007,12.493,0.297,0
4.089,11.316,0.280,0
4.151,10.148,0.264,0
4.281,8.986,0.247,0
4.305,7.824,0.230,0
4.309,6.662,0.214,0
4.294,5.493,0.197,0
4.259,4.331,0.180,0
4.205,3.162,0.164,0
4.132,1.993,0.147,0
3.299,0.825,0.130,0
3.287,-0.359,0.114,0
3.265,-1.506,0.063,0
3.275,-0.635,0.014,0
3.244,-0.891,0.018,0
3.209,-1.146,0.023,0
2.609,-1.402,0.027,0
2.402,-1.662,0.013,0
2.105,-1.920,0.018,0
1.802,-2.172,0.986,0
1.495,-2.431,0.935,0
1.272,-2.691,0.886,0
0.957,-2.945,0.836,0
0.637,-3.201,0.786,0
0.474,-3.460,0.769,0
0.289,-4.608,0.753,0
0.086,-5.785,0.736,0
-0.050,-6.953,0.719,0
-0.292,-8.121,0.703,0
-0.015,-9.292,0.686,1
0.243,21.832,0.669,0
0.477,20.662,0.653,0
0.696,19.508,0.636,0
0.893,18.340,0.619,0
1.073,17.183,0.603,0
1.236,16.015,0.586,0
1.377,14.831,0.569,0
1.497,13.663,0.553,0
1.596,12.501,0.536,0
1.767,11.353,0.519,0
1.830,10.177,0.503,0
1.873,9.008,0.486,0
1.898,7.843,0.469,0
1.903,6.670,0.452,0
1.887,5.494,0.436,0
1.853,4.344,0.419,0
1.799,3.170,0.403,0
1.726,2.009,0.386,0
1.633,0.840,0.369,0
1.521,-0.329,0.353,0
1.389,-1.485,0.336,0
1.326,-2.661,0.319,0
1.156,-3.823,0.303,0
0.964,-4.986,0.286,0
0.756,-6.168,0.269,0
0.527,-7.323,0.253,0
0.280,-8.492,0.236,0
0.013,-9.647,0.219,0
0.290,-10.816,0.203,1
0.550,21.832,0.186,0
0.784,20.655,0.169,0
1.004,19.499,0.153,0
0.911,18.325,0.136,0
1.178,17.169,0.119,0
1.441,16.001,0.103,0
1.681,14.823,0.086,0
1.852,13.656,0.069,0
2.055,12.486,0.052,0
2.224,11.310,0.036,0
2.360,10.147,0.019,0
2.526,8.986,0.021,0
2.626,7.832,0.022,0
2.704,6.655,0.024,0
2.763,5.494,0.025,0
2.853,4.325,0.027,0
2.886,3.156,0.010,0
2.888,2.001,0.012,0
2.869,0.831,0.013,0
2.832,-0.338,0.015,0
3.613,-1.500,0.016,0
3.635,-2.684,0.018,0
3.640,-3.860,0.019,0
3.625,-5.014,0.021,0
3.588,-6.168,0.022,0
3.534,-7.352,0.024,0
3.462,-8.513,1.025,0
3.368,-9.668,1.009,0
3.168,-10.837,0.992,0
3.036,-12.007,0.975,0
2.884,-13.169,0.959,0
2.714,-14.337,0.942,0
2.522,-15.500,0.925,0
2.307,-16.675,0.908,0
2.073,-17.860,0.892,0
1.835,-19.039,0.875,0
1.566,-20.168,0.859,0
1.278,-21.337,0.842,0
0.967,-22.506,0.825,0
0.639,-23.682,0.809,0
0.207,-24.851,0.792,0
-0.155,-26.014,0.775,0
-0.546,-27.170,0.759,0
-0.942,-28.352,0.742,0
-1.361,-29.500,0.725,0
-1.788,-30.000,0.708,0
-2.187,-30.000,0.692,0
-1.740,-30.000,0.675,1
-1.307,21.847,0.659,0
-0.896,20.678,0.642,0
-0.502,19.516,0.625,0
-0.126,18.347,0.609,0
0.141,17.170,0.592,0
0.474,15.999,0.575,0
0.792,14.840,0.559,0
1.086,13.662,0.542,0
1.360,12.501,0.525,0
1.619,11.347,0.509,0
1.856,10.170,0.492,0
2.073,9.002,0.475,0
2.273,7.846,0.459,0
2.451,6.668,0.442,0
2.611,5.516,0.425,0
2.751,4.345,0.409,0
2.784,3.177,0.392,0
2.886,2.001,0.375,0
2.967,0.846,0.359,0
3.030,-0.337,0.342,0
3.072,-1.499,0.325,0
3.097,-2.669,0.309,0
3.101,-3.823,0.292,0
3.085,-4.991,0.275,0
3.051,-6.162,0.259,0
2.997,-7.323,0.242,0
2.922,-8.484,0.225,0
2.827,-9.661,0.209,0
2.629,-10.837,0.192,0
2.496,-11.993,0.175,0
2.345,-13.167,0.159,0
2.175,-14.330,0.142,0
2.493,-15.492,0.125,0
2.184,-16.668,0.109,0
1.856,-17.829,0.092,0
1.555,-18.994,0.075,0
1.185,-20.167,0.059,0
0.804,-21.338,0.042,0
0.396,-22.485,0.025,0
0.798,-23.654,0.027,1
1.141,21.831,0.010,0
1.454,20.670,0.012,0
1.751,19.500,0.013,0
2.025,18.317,0.015,0
2.326,17.147,0.016,0
2.559,15.992,0.018,0
2.776,14.832,0.019,0
2.971,13.656,0.021,0
3.985,12.487,0.022,0
4.243,11.332,0.024,0
4.480,10.156,0.025,0
4.697,8.986,0.027,0
4.697,7.832,0.027,0
4.807,7.832,0.010,0
4.987,6.674,0.012,0
5.145,5.494,0.014,0
5.286,4.353,1.015,0
5.407,3.185,0.998,0
5.508,2.002,0.982,0
5.590,0.834,0.965,0
5.652,-0.336,0.948,0
5.696,-1.491,0.932,0
5.719,-2.653,0.915,0
5.722,-3.825,0.898,0
5.706,-5.005,0.881,0
5.585,-6.167,0.865,0
5.529,-7.329,0.848,0
5.455,-8.505,0.831,0
5.362,-9.672,0.815,0
5.252,-10.839,0.798,0
5.114,-11.992,0.781,0
4.810,-13.184,0.750,0
4.720,-15.364,0.744,0
4.527,-15.764,0.728,0
4.313,-16.926,0.711,0
4.077,-18.089,0.694,0
3.830,-19.263,0.678,0
3.559,-20.412,0.661,0
3.259,-21.575,0.644,0
2.867,-22.764,0.628,0
2.535,-23.911,0.611,0
2.187,-25.081,0.595,0
1.815,-26.244,0.578,0
1.424,-27.415,0.561,0
1.015,-28.588,0.545,0
0.606,-29.755,0.528,0
0.192,-30.000,0.511,0
-0.227,-30.000,0.494,0
-0.632,-30.000,0.478,0
-0.165,-30.000,0.461,1
0.252,21.778,0.445,0
0.576,20.662,0.428,0
0.972,19.501,0.411,0
1.346,18.318,0.394,0
1.700,17.149,0.378,0
2.031,15.979,0.361,0
2.347,14.832,0.345,0
2.641,13.656,0.328,0
2.918,12.501,0.311,0
3.176,11.325,0.294,0
3.412,10.149,0.278,0
3.629,8.994,0.261,0
3.829,7.832,0.244,0
3.920,6.648,0.228,0
4.079,5.487,0.211,0
4.219,4.332,0.195,0
4.339,3.162,0.178,0
4.440,2.001,0.161,0
4.522,0.832,0.145,0
5.209,-0.344,0.128,0
5.152,-1.513,0.111,0
5.075,-2.675,0.095,0
5.003,-3.844,0.078,0
4.913,-5.013,0.061,0
4.777,-6.176,0.044,0
4.637,-7.351,0.028,0
4.462,-8.499,0.011,0
4.292,-9.675,0.013,0
4.105,-10.851,0.014,0
3.872,-12.014,0.016,0
3.620,-13.183,0.017,0
3.375,-14.351,0.019,0
3.112,-15.513,0.020,0
2.801,-16.669,0.022,0
2.469,-17.838,0.023,0
3.542,-19.013,0.025,1
3.977,21.845,0.026,0
4.298,20.668,0.010,0
4.702,19.514,0.011,0
5.068,18.303,0.013,0
5.422,17.169,0.014,0
5.757,16.000,0.016,0
6.070,14.831,1.017,0
6.368,13.676,1.000,0
6.642,12.493,0.984,0
6.900,11.345,0.967,0
7.136,10.169,0.951,0
7.355,9.013,0.934,0
7.553,7.838,0.917,0
7.645,6.675,0.901,0
7.805,5.498,0.884,0
7.945,4.331,0.867,0
8.065,3.177,0.851,0
8.167,2.007,0.834,0
8.248,0.844,0.817,0
8.311,-0.331,0.801,0
8.354,-1.500,0.784,0
8.377,-2.662,0.767,0
8.381,-3.825,0.751,0
8.366,-4.994,0.734,0
8.329,-6.156,0.717,0
8.190,-7.341,0.701,0
8.115,-8.493,0.684,0
8.019,-9.662,0.667,0
7.911,-10.846,0.651,0
7.777,-11.987,0.634,0
7.627,-13.162,0.617,0
7.456,-14.326,0.601,0
7.264,-15.493,0.584,0
7.056,-16.663,0.567,0
6.828,-17.825,0.551,0
6.574,-18.986,0.534,0
6.305,-20.170,0.517,0
5.931,-21.339,0.501,0
5.628,-22.502,0.484,0
5.296,-23.656,0.467,0
4.949,-24.839,0.450,0
4.594,-26.008,0.434,0
4.196,-27.149,0.417,0
3.800,-28.347,0.401,0
3.389,-29.493,0.384,0
2.975,-30.000,0.367,0
2.565,-30.000,0.351,0
2.148,-30.000,0.334,0
1.737,-30.000,0.317,0
1.230,-30.000,0.300,0
0.810,-30.000,0.284,0
0.403,-30.000,0.267,0
-0.005,-30.000,0.251,0
-0.413,-30.000,0.234,0
-0.833,-30.000,0.217,0
-0.385,-30.000,0.201,1
0.048,21.845,0.184,0
0.463,20.675,0.167,0
0.851,19.500,0.151,0
1.852,18.353,0.134,0
2.103,17.177,0.117,0
2.354,16.022,0.101,0
2.567,14.839,0.084,0
2.791,13.684,0.067,0
2.990,12.501,0.051,0
3.146,11.345,0.034,0
3.285,10.184,0.017,0
3.428,9.008,0.019,0
3.552,7.839,0.020,0
3.631,6.662,0.022,0
3.690,5.501,0.023,0
3.755,4.346,0.025,0
3.801,3.177,0.026,0
3.815,2.015,0.010,0
3.797,0.853,0.011,0
3.760,-0.330,0.013,0
4.427,-1.486,0.014,0
4.451,-2.655,0.016,0
4.455,-3.825,0.017,0
4.441,-4.992,0.019,0
4.405,-6.146,0.020,0
4.349,-7.323,0.022,0
4.278,-8.499,1.023,0
4.185,-9.647,1.007,0
4.071,-10.816,0.990,0
3.853,-11.993,0.973,0
3.702,-13.154,0.957,0
3.529,-14.318,0.940,0
3.341,-15.492,0.923,0
3.126,-16.650,0.906,0
2.898,-17.838,0.890,0
2.655,-19.000,0.873,0
2.381,-20.147,0.857,0
2.095,-21.330,0.840,0
1.792,-22.492,0.823,0
1.463,-23.647,0.807,0
1.933,-24.823,0.789,1
2.258,21.768,0.773,0
2.671,20.669,0.757,0
3.062,19.500,0.740,0
3.438,18.338,0.723,0
3.791,17.162,0.707,0
4.124,16.000,0.690,0
4.440,14.838,0.673,0
4.736,13.668,0.657,0
5.011,12.500,0.640,0
5.268,11.338,0.623,0
5.506,10.176,0.607,0
5.725,9.000,0.590,0
5.834,7.824,0.573,0
6.014,6.675,0.557,0
6.173,5.493,0.540,0
6.313,4.330,0.523,0
6.434,3.168,0.507,0
6.535,1.993,0.490,0
6.617,0.823,0.473,0
6.679,-0.324,0.457,0
6.722,-1.500,0.440,0
6.745,-2.669,0.423,0
6.749,-3.831,0.407,0
6.734,-5.001,0.390,0
6.613,-6.162,0.373,0
6.557,-7.325,0.357,0
6.482,-8.500,0.340,0
6.392,-9.676,0.323,0
6.276,-10.824,0.307,0
6.143,-12.007,0.290,0
5.992,-13.179,0.273,0
5.822,-14.338,0.257,0
5.635,-15.501,0.240,0
5.424,-16.656,0.223,0
5.188,-17.825,0.206,0
4.940,-19.015,0.190,0
4.587,-20.178,0.173,0
4.298,-21.338,0.157,0
3.992,-22.507,0.140,0
2.841,-23.669,0.123,0
2.420,-24.831,0.107,0
1.978,-26.000,0.090,0
1.515,-27.170,0.073,0
0.991,-28.345,0.057,0
0.494,-29.500,0.040,0
0.021,-30.000,0.023,0
0.402,-30.000,0.025,1
0.706,21.817,0.026,0
1.033,20.660,0.010,0
1.350,19.487,0.011,0
1.649,18.324,0.013,0
1.928,17.155,0.014,0
2.138,15.992,0.016,0
2.377,14.824,0.017,0
2.600,13.662,0.019,0
2.190,12.485,0.020,0
2.273,11.323,0.022,0
2.335,10.145,0.023,0
2.376,8.986,0.025,0
2.402,7.837,0.026,0
2.492,6.640,0.010,0
2.477,5.500,0.011,0
2.443,4.324,1.013,0
2.388,3.147,0.996,0
2.315,1.993,0.979,0
2.222,0.817,0.963,0
2.109,-0.351,0.946,0
1.978,-1.514,0.929,0
1.826,-2.669,0.913,0
1.655,-3.845,0.896,0
1.466,-5.014,0.879,0
1.255,-6.170,0.863,0
1.115,-7.345,0.846,0
0.865,-8.500,0.829,0
1.140,-9.677,0.813,1
1.396,21.838,0.796,0
1.637,20.676,0.779,0
1.855,19.499,0.763,0
2.052,18.332,0.746,0
2.232,17.176,0.729,0
2.394,16.007,0.713,0
2.536,14.832,0.696,0
2.656,13.654,0.679,0
2.759,12.493,0.662,0
2.926,11.317,0.646,0
2.989,10.169,0.629,0
3.033,8.992,0.613,0
3.055,7.824,0.596,0
3.331,6.677,0.580,1
3.595,21.837,0.563,0
3.827,20.645,0.546,0
4.045,19.497,0.529,0
4.246,18.331,0.513,0
4.425,17.154,0.496,0
4.588,15.992,0.479,0
4.723,14.808,0.463,0
4.934,13.667,0.446,0
5.034,12.486,0.429,0
5.118,11.331,0.413,0
5.180,10.146,0.396,0
5.221,8.986,0.380,0
5.247,7.837,0.363,0
5.250,6.648,0.346,0
5.235,5.498,0.329,0
5.200,4.317,0.313,0
5.146,3.161,0.296,0
5.073,1.985,0.279,0
4.980,0.824,0.263,0
4.955,-0.353,0.246,0
4.822,-1.508,0.229,0
4.671,-2.685,0.213,0
4.501,-3.846,0.196,0
4.310,-5.001,0.179,0
4.098,-6.184,0.162,0
3.872,-7.363,0.146,0
2.883,-8.509,0.129,0
2.714,-9.683,0.113,0
2.529,-10.854,0.096,0
2.323,-12.007,0.079,0
2.046,-13.169,0.063,0
1.789,-14.339,0.046,0
1.519,-15.501,0.029,0
1.230,-16.686,0.012,0
0.929,-17.869,0.014,0
0.563,-19.022,0.016,0
0.946,-20.163,0.017,1
1.298,21.813,0.019,0
1.635,20.662,0.020,0
1.909,19.497,0.022,0
2.213,18.310,0.023,0
2.484,17.119,0.025,0
2.132,15.987,0.026,0
2.360,14.825,0.010,0
2.480,13.658,0.011,0
2.584,12.494,0.013,0
2.665,11.312,0.014,0
2.728,10.148,0.016,0
2.728,8.980,0.016,0
2.770,8.980,0.017,0
2.793,7.818,1.019,0
2.798,6.663,1.002,0
2.783,5.487,0.985,0
3.059,4.311,0.969,1
3.313,21.837,0.952,0
3.554,20.682,0.935,0
3.859,19.501,0.919,0
4.059,18.338,0.902,0
4.238,17.169,0.885,0
4.395,16.001,0.869,0
4.537,14.852,0.852,0
4.659,13.675,0.835,0
4.760,12.507,0.819,0
4.857,11.345,0.800,0
4.909,10.060,0.785,0
4.949,8.977,0.769,0
4.974,7.836,0.752,0
4.949,6.660,0.716,0
4.955,4.132,0.714,0
4.915,4.029,0.698,0
4.856,2.882,0.681,0
4.865,1.712,0.665,0
4.767,0.557,0.648,0
4.650,-0.618,0.631,0
4.514,-1.786,0.615,0
4.358,-2.942,0.598,0
4.183,-4.119,0.581,0
3.988,-5.287,0.565,0
3.775,-6.449,0.548,0
3.543,-7.611,0.532,0
3.289,-8.767,0.515,0
3.016,-9.935,0.498,0
2.724,-11.111,0.481,0
2.502,-12.273,0.465,0
2.166,-13.434,0.448,0
1.820,-14.621,0.431,0
1.451,-15.772,0.415,0
1.058,-16.935,0.398,0
0.653,-18.118,0.381,0
0.222,-19.272,0.365,0
-0.229,-20.449,0.348,0
0.042,-21.625,0.331,1
0.298,21.851,0.315,0
0.539,20.690,0.298,0
0.759,19.514,0.281,0
1.042,18.339,0.265,0
1.223,17.190,0.248,0
1.385,16.015,0.231,0
1.527,14.839,0.214,0
1.646,13.668,0.198,0
1.748,12.514,0.181,0
1.829,11.346,0.165,0
1.893,10.184,0.148,0
1.197,9.008,0.131,0
1.321,7.850,0.115,0
1.425,6.675,0.098,0
1.511,5.528,0.081,0
1.563,4.350,0.065,0
1.560,3.194,0.048,0
1.587,2.028,0.031,0
1.594,0.844,0.015,0
1.582,-0.316,0.016,0
1.501,-1.493,0.018,0
1.451,-2.655,0.019,0
1.379,-3.810,0.021,0
1.290,-4.992,0.022,0
1.132,-6.150,0.024,0
1.003,-7.310,0.025,0
0.854,-8.479,0.027,0
0.675,-9.647,0.010,0
-0.124,-10.810,0.012,0
0.151,-11.986,0.013,1
0.411,21.838,0.015,0
0.647,20.662,0.016,0
0.864,19.501,0.018,0
1.067,18.339,0.019,0
1.244,17.154,1.021,0
1.403,16.000,1.004,0
1.544,14.838,0.987,0
1.664,13.670,0.971,0
1.767,12.507,0.954,0
1.937,11.332,0.937,0
2.000,10.162,0.921,0
2.042,8.994,0.904,0
2.065,7.839,0.888,0
2.070,6.676,0.871,0
2.055,5.501,0.854,0
2.021,4.339,0.838,0
1.967,3.177,0.821,0
1.894,2.007,0.804,0
1.801,0.831,0.788,0
1.689,-0.324,0.771,0
1.557,-1.499,0.754,0
1.494,-2.669,0.738,0
1.322,-3.823,0.721,0
1.133,-4.999,0.704,0
1.408,-6.162,0.688,1
1.671,21.838,0.671,0
1.906,20.652,0.654,0
2.122,19.493,0.638,0
2.324,18.337,0.621,0
2.501,17.155,0.604,0
2.660,16.000,0.588,0
2.802,14.838,0.571,0
2.922,13.662,0.554,0
3.112,12.500,0.537,0
3.194,11.330,0.521,0
3.256,10.161,0.504,0
3.300,9.000,0.487,0
3.323,7.830,0.471,0
3.328,6.669,0.454,0
3.313,5.493,0.437,0
3.278,4.331,0.421,0
3.224,3.161,0.404,0
3.151,1.993,0.388,0
3.058,0.838,0.371,0
2.946,-0.331,0.354,0
2.901,-1.494,0.337,0
2.750,-2.669,0.321,0
2.579,-3.831,0.304,0
2.390,-5.000,0.288,0
2.179,-6.163,0.271,0
1.950,-7.339,0.254,0
1.702,-8.508,0.237,0
1.435,-9.670,0.221,0
1.146,-10.833,0.204,0
0.840,-12.007,0.187,0
0.515,-13.170,0.171,0
0.170,-14.330,0.154,0
-0.109,-15.494,0.137,0
-0.567,-16.669,0.121,1
-0.210,21.816,0.104,0
0.125,20.647,0.087,0
0.440,19.491,0.071,0
0.691,18.337,0.054,0
0.968,17.162,0.038,0
1.231,16.007,0.021,0
1.468,14.824,0.022,0
1.641,13.675,0.024,0
1.842,12.500,0.025,0
2.025,11.337,0.027,0
2.176,10.162,0.010,0
2.317,8.985,0.012,0
2.393,7.838,0.013,0
2.497,6.647,0.015,0
2.581,5.493,0.016,0
2.036,4.331,0.018,0
1.982,3.169,0.019,0
1.909,1.993,0.021,0
1.816,0.839,0.022,0
1.703,-0.338,0.024,0
1.571,-1.507,0.025,0
1.420,-2.675,1.027,0
1.337,-3.838,1.010,0
1.147,-5.007,0.993,0
0.938,-6.169,0.977,0
0.709,-7.330,0.960,0
0.984,-8.500,0.944,1
1.246,21.838,0.927,0
1.482,20.654,0.910,0
1.701,19.493,0.893,0
1.899,18.324,0.877,0
2.075,17.162,0.860,0
2.237,16.007,0.843,0
2.377,14.831,0.827,0
2.587,13.669,0.810,0
2.687,12.491,0.794,0
2.770,11.338,0.777,0
3.043,10.162,0.760,1
3.303,21.845,0.743,0
3.542,20.668,0.727,0
3.760,19.500,0.710,0
3.958,18.331,0.693,0
4.137,17.169,0.677,0
4.297,16.007,0.660,0
4.437,14.838,0.644,0
4.561,13.676,0.627,0
4.748,12.493,0.610,0
4.829,11.338,0.594,0
4.892,10.175,0.577,0
4.936,9.014,0.560,0
4.961,7.838,0.543,0
4.964,6.662,0.527,0
4.950,5.507,0.510,0
4.915,4.338,0.494,0
4.861,3.176,0.477,0
4.788,2.007,0.460,0
4.695,0.844,0.443,0
4.583,-0.341,0.427,0
4.539,-1.501,0.410,0
4.387,-2.664,0.393,0
4.218,-3.831,0.377,0
4.027,-4.987,0.360,0
3.817,-6.162,0.343,0
3.589,-7.331,0.327,0
3.341,-8.493,0.310,0
3.073,-9.656,0.294,0
2.786,-10.824,0.277,0
2.480,-11.993,0.260,0
2.151,-13.157,0.243,0
1.895,-14.338,0.227,0
1.615,-15.493,0.210,0
1.406,-16.669,0.193,0
1.174,-17.831,0.177,0
0.927,-19.008,0.160,0
0.660,-20.169,0.143,0
0.999,-21.332,0.127,0
0.588,-22.493,0.110,0
0.164,-23.670,0.093,0
0.539,-24.831,0.077,1
0.896,21.836,0.060,0
1.209,20.669,0.043,0
1.502,19.500,0.027,0
1.789,18.331,0.010,0
2.068,17.162,0.012,0
2.327,15.993,0.013,0
2.540,14.830,0.015,0
2.738,13.676,0.016,0
2.937,12.493,0.018,0
3.119,11.338,0.019,0
3.257,10.168,0.021,0
3.374,8.998,0.022,0
4.197,7.837,0.024,0
4.378,6.675,0.025,0
4.536,5.491,0.027,0
4.589,4.338,0.010,0
4.710,3.169,0.012,0
4.811,2.007,0.013,0
4.893,0.831,0.015,0
4.955,-0.324,1.016,0
4.998,-1.500,0.999,0
5.022,-2.671,0.983,0
5.026,-3.824,0.966,0
5.009,-4.994,0.949,0
4.976,-6.170,0.933,0
4.920,-7.325,0.916,0
4.848,-8.501,0.900,0
4.666,-9.656,0.883,0
4.552,-10.832,0.866,0
4.423,-12.008,0.850,0
4.268,-13.156,0.833,0
4.101,-14.339,0.816,0
3.907,-15.488,0.799,0
3.700,-16.670,0.783,0
3.470,-17.825,0.766,0
3.219,-18.994,0.749,0
2.954,-20.170,0.733,0
2.661,-21.324,0.716,0
2.353,-22.509,0.699,0
1.940,-23.677,0.683,0
1.596,-24.840,0.666,0
1.235,-26.001,0.650,0
0.850,-27.157,0.633,0
0.438,-28.325,0.616,0
0.030,-29.508,0.600,0
-0.384,-30.000,0.583,0
-0.797,-30.000,0.566,0
-1.214,-30.000,0.549,0
-1.624,-30.000,0.533,0
-2.038,-30.000,0.516,0
-1.586,-30.000,0.499,1
-1.244,21.829,0.483,0
-0.831,20.670,0.466,0
-0.439,19.501,0.450,0
-0.065,18.339,0.433,0
0.288,17.170,0.416,0
0.622,16.008,0.400,0
0.939,14.846,0.383,0
1.233,13.670,0.366,0
1.511,12.508,0.349,0
1.766,11.333,0.333,0
2.005,10.177,0.316,0
2.223,9.001,0.299,0
2.333,7.832,0.283,0
2.512,6.676,0.266,0
2.672,5.507,0.250,0
2.812,4.346,0.233,0
2.933,3.170,0.216,0
3.034,2.008,0.200,0
3.116,0.840,0.183,0
3.178,-0.323,0.166,0
3.221,-1.492,0.150,0
3.870,-2.661,0.133,0
3.775,-3.823,0.116,0
3.659,-4.985,0.100,0
3.537,-6.154,0.083,0
3.408,-7.323,0.066,0
3.259,-8.484,0.050,0
3.064,-9.654,0.033,0
2.854,-10.831,0.016,0
2.644,-11.985,0.018,0
2.421,-13.167,0.019,0
2.150,-14.316,0.021,0
1.856,-15.485,0.022,0
1.574,-16.668,0.024,0
1.949,-17.822,0.025,1
2.283,21.838,0.027,0
2.607,20.661,0.010,0
2.899,19.500,0.012,0
3.900,18.336,0.013,0
4.254,17.159,0.015,0
4.586,15.993,0.016,0
4.901,14.838,0.018,0
5.201,13.669,0.019,0
5.473,12.478,0.021,0
5.731,11.338,1.022,0
5.968,10.162,1.006,0
6.185,8.993,0.989,0
6.384,7.830,0.972,0
6.475,6.662,0.956,0
6.635,5.506,0.939,0
6.775,4.331,0.922,0
6.895,3.168,0.906,0
6.996,2.007,0.889,0
7.078,0.823,0.872,0
7.141,-0.339,0.856,0
7.184,-1.494,0.839,0
7.207,-2.657,0.822,0
7.211,-3.825,0.806,0
7.195,-5.001,0.789,0
7.158,-6.165,0.772,0
7.017,-7.347,0.756,0
6.944,-8.507,0.739,0
6.850,-9.671,0.722,0
6.740,-10.839,0.706,0
6.606,-11.993,0.689,0
6.455,-13.170,0.672,0
6.284,-14.331,0.656,0
6.090,-15.500,0.639,0
5.884,-16.681,0.622,0
5.652,-17.832,0.606,0
5.402,-19.007,0.589,0
5.137,-20.177,0.572,0
4.764,-21.331,0.556,0
4.456,-22.494,0.539,0
4.126,-23.662,0.522,0
3.779,-24.838,0.506,0
3.415,-26.007,0.489,0
3.029,-27.170,0.472,0
2.627,-28.338,0.456,0
2.210,-29.500,0.439,0
1.796,-30.000,0.422,0
1.385,-30.000,0.406,0
0.980,-30.000,0.389,0
0.558,-30.000,0.372,0
0.062,-30.000,0.356,0
-0.347,-30.000,0.339,0
-0.758,-30.000,0.322,0
-1.172,-30.000,0.306,0
-1.595,-30.000,0.289,0
-2.002,-30.000,0.272,0
-2.414,-30.000,0.256,0
-2.827,-30.000,0.239,0
-2.378,-30.000,0.222,1
-1.947,21.839,0.206,0
-1.532,20.676,0.189,0
-1.135,19.500,0.172,0
-0.854,18.317,0.156,0
-0.498,17.170,0.139,0
0.345,15.994,0.122,0
0.563,14.836,0.105,0
0.757,13.655,0.089,0
0.983,12.500,0.072,0
1.140,11.332,0.056,0
1.279,10.163,0.039,0
1.396,8.979,0.022,0
1.543,7.818,0.024,0
1.621,6.670,0.025,0
1.681,5.507,0.027,0
1.735,4.332,0.010,0
1.755,3.145,0.011,0
1.806,1.985,0.012,0
1.788,0.782,0.015,0
1.698,-0.296,0.023,0
1.679,-2.290,0.016,0
2.439,-2.773,0.018,0
2.441,-3.943,0.019,0
2.426,-5.111,0.021,0
2.880,-6.259,0.022,1
3.310,21.824,0.024,0
3.721,20.663,0.025,0
4.114,19.500,1.027,0
4.404,18.331,1.010,0
4.755,17.148,0.994,0
5.089,15.994,0.977,0
5.406,14.831,0.960,0
5.702,13.654,0.943,0
5.976,12.479,0.927,0
6.233,11.324,0.910,0
6.470,10.155,0.894,0
6.689,8.993,0.877,0
6.887,7.816,0.860,0
7.064,6.649,0.844,0
7.224,5.499,0.827,0
7.277,4.332,0.810,0
7.397,3.156,0.793,0
7.498,1.980,0.777,0
7.580,0.831,0.760,0
7.642,-0.345,0.743,0
7.685,-1.514,0.727,0
7.708,-2.676,0.710,0
7.712,-3.837,0.694,0
7.696,-5.007,0.677,0
7.662,-6.175,0.660,0
7.607,-7.337,0.644,0
7.534,-8.506,0.627,0
7.351,-9.668,0.610,0
7.235,-10.844,0.593,0
7.108,-12.029,0.577,0
6.954,-13.168,0.560,0
6.782,-14.344,0.543,0
6.585,-15.513,0.526,0
6.384,-16.705,0.510,0
6.152,-17.838,0.493,0
5.902,-19.014,0.477,0
5.635,-20.183,0.460,0
5.351,-21.345,0.444,0
5.038,-22.500,0.427,0
4.628,-23.682,0.410,0
4.281,-24.837,0.394,0
3.912,-26.007,0.377,0
3.532,-27.182,0.360,0
3.123,-28.338,0.343,0
2.712,-29.513,0.327,0
2.302,-30.000,0.310,0
1.882,-30.000,0.293,0
1.477,-30.000,0.277,0
1.060,-30.000,0.260,0
0.650,-30.000,0.244,0
0.239,-30.000,0.227,0
-0.265,-30.000,0.210,0
-0.679,-30.000,0.193,0
-0.230,-30.000,0.177,1
0.203,21.839,0.160,0
0.619,20.670,0.143,0
1.520,19.490,0.127,0
1.794,18.332,0.110,0
2.045,17.163,0.094,0
2.330,16.008,0.077,0
2.547,14.839,0.060,0
2.741,13.661,0.044,0
2.916,12.508,0.027,0
3.088,11.345,0.010,0
3.274,10.163,0.012,0
3.391,9.008,0.013,0
3.491,7.847,0.015,0
3.570,6.670,0.016,0
3.570,5.494,0.016,0
3.679,5.494,0.018,0
3.719,4.341,0.019,0
3.740,3.171,0.021,0
3.741,2.002,0.022,0
4.562,0.839,0.024,0
4.624,-0.343,0.025,0
4.667,-1.505,0.027,0
4.604,-2.675,0.010,0
4.607,-3.823,0.012,0
4.593,-5.005,0.013,0
4.558,-6.160,0.015,0
4.501,-7.328,1.016,0
4.430,-8.514,1.000,0
4.332,-9.660,0.983,0
4.776,-10.851,0.966,1
5.209,21.860,0.950,0
5.624,20.689,0.933,0
6.014,19.515,0.916,0
6.388,18.358,0.900,0
6.658,17.191,0.883,0
6.990,16.014,0.866,0
7.306,14.859,0.850,0
7.605,13.691,0.833,0
7.880,12.506,0.816,0
8.135,11.346,0.800,0
8.373,10.191,0.783,0
8.591,9.022,0.766,0
8.791,7.860,0.749,0
8.970,6.677,0.733,0
9.129,5.522,0.716,0
9.270,4.353,0.700,0
9.304,3.192,0.683,0
9.405,2.021,0.666,0
9.487,0.846,0.650,0
9.549,-0.311,0.633,0
9.593,-1.492,0.616,0
9.617,-2.646,0.600,0
9.623,-3.809,0.583,0
9.606,-4.959,0.566,0
9.571,-6.147,0.550,0
9.517,-7.316,0.533,0
9.442,-8.478,0.516,0
9.350,-9.654,0.500,0
9.150,-10.816,0.483,0
9.020,-11.985,0.466,0
8.866,-13.140,0.449,0
8.694,-14.322,0.433,0
8.510,-15.492,0.416,0
8.296,-16.634,0.399,0
8.065,-17.817,0.383,0
7.822,-18.992,0.366,0
7.548,-20.140,0.349,0
7.262,-21.323,0.333,0
6.873,-22.486,0.316,0
6.366,-23.640,0.299,0
5.937,-24.823,0.283,0
5.394,-25.978,0.266,0
4.836,-27.154,0.250,0
4.253,-28.316,0.233,0
3.674,-29.493,0.216,0
3.083,-30.000,0.200,0
2.498,-30.000,0.183,0
1.907,-30.000,0.166,0
2.182,-30.000,0.149,1
1.703,21.837,0.133,0
2.039,20.661,0.116,0
2.358,19.499,0.099,0
2.641,18.331,0.083,0
2.920,17.175,0.066,0
3.133,16.014,0.049,0
3.373,14.831,0.033,0
3.591,13.668,0.016,0
3.795,12.520,0.018,0
3.926,11.336,0.019,0
3.926,10.181,0.019,0
4.090,10.181,0.021,0
4.232,9.005,0.023,0
4.357,7.857,0.024,0
4.411,6.682,0.025,0
4.495,5.520,0.027,0
4.550,4.370,0.010,0
4.596,3.175,0.012,0
4.012,2.026,0.013,0
3.919,0.850,0.015,0
3.807,-0.325,0.016,0
3.676,-1.493,0.018,0
3.525,-2.649,0.019,0
3.355,-3.811,0.021,0
3.164,-4.980,0.136,0
2.955,-6.157,0.136,0
2.726,-7.324,0.136,0
2.479,-8.487,0.136,0
2.298,-9.648,0.136,0
2.014,-10.818,0.136,0
1.705,-11.972,0.136,0
1.377,-13.150,0.136,0
1.033,-14.326,0.136,0
0.671,-15.487,0.136,0
0.283,-16.642,0.136,0
-0.122,-17.826,0.136,0
-0.452,-18.994,0.136,0
-0.811,-20.142,0.136,0
-1.183,-21.319,0.136,0
-1.574,-22.480,0.136,0
-1.993,-23.637,0.136,0
-2.421,-24.818,0.136,0
-2.880,-25.972,0.136,0
-3.351,-27.156,0.136,0
-3.846,-28.319,0.136,0
